organization,opportunity_score,sales_stage,prediction_date,recorded_at,horizon_days,target
Federal Institute For Materials Research and Testing,93.1,Research activity,2026-09-18,2026-09-18T13:32:22+00:00,90,Later public procurement or installation signal
Centre National de la Recherche Scientifique,92.8,Research activity,2026-09-18,2026-09-18T13:32:22+00:00,90,Later public procurement or installation signal
China University of Geosciences,91.8,Research activity,2026-09-18,2026-09-18T13:32:22+00:00,90,Later public procurement or installation signal
China University of Geosciences (Beijing),90.8,Research activity,2026-09-18,2026-09-18T13:32:22+00:00,90,Later public procurement or installation signal
Charles University,90.1,Research activity,2026-09-18,2026-09-18T13:32:22+00:00,90,Later public procurement or installation signal
Chinese Academy of Sciences,88.9,Research activity,2026-09-18,2026-09-18T13:32:22+00:00,90,Later public procurement or installation signal
Montanuniversität Leoben,85.1,Instrument installation,2026-09-18,2026-09-18T13:32:22+00:00,90,Later public procurement or installation signal
Sichuan University,84.5,Research activity,2026-09-18,2026-09-18T13:32:22+00:00,90,Later public procurement or installation signal
ETH Zurich,84.0,Research activity,2026-09-18,2026-09-18T13:32:22+00:00,90,Later public procurement or installation signal
Universidad de Oviedo,83.6,Research activity,2026-09-18,2026-09-18T13:32:22+00:00,90,Later public procurement or installation signal
University of Insubria,80.3,Research activity,2026-09-18,2026-09-18T13:32:22+00:00,90,Later public procurement or installation signal
Kunming University of Science and Technology,78.8,Research activity,2026-09-18,2026-09-18T13:32:22+00:00,90,Later public procurement or installation signal
UNIVERSITY OF PITTSBURGH AT PITTSBURGH,77.7,Funding received,2026-09-18,2026-09-18T13:32:22+00:00,90,Later public procurement or installation signal
University of Geneva,75.4,Research activity,2026-09-18,2026-09-18T13:32:22+00:00,90,Later public procurement or installation signal
RUTGERS BIOMEDICAL AND HEALTH SCIENCES,75.0,Funding received,2026-09-18,2026-09-18T13:32:22+00:00,90,Later public procurement or installation signal
Northwest University,74.3,Research activity,2026-09-18,2026-09-18T13:32:22+00:00,90,Later public procurement or installation signal
Paul Scherrer Institute,73.5,Research activity,2026-09-18,2026-09-18T13:32:22+00:00,90,Later public procurement or installation signal
JOHNS HOPKINS UNIVERSITY,73.4,Funding received,2026-09-18,2026-09-18T13:32:22+00:00,90,Later public procurement or installation signal
Seoul National University,72.8,Research activity,2026-09-18,2026-09-18T13:32:22+00:00,90,Later public procurement or installation signal
Goethe University Frankfurt,72.3,Research activity,2026-09-18,2026-09-18T13:32:22+00:00,90,Later public procurement or installation signal
Universidade Federal de Santa Maria,71.7,Research activity,2026-09-18,2026-09-18T13:32:22+00:00,90,Later public procurement or installation signal
Universidad de Zaragoza,71.2,Research activity,2026-09-18,2026-09-18T13:32:22+00:00,90,Later public procurement or installation signal
"UNIVERSITY OF CALIFORNIA, SAN FRANCISCO",69.7,Funding received,2026-09-18,2026-09-18T13:32:22+00:00,90,Later public procurement or installation signal
University of North Carolina at Chapel Hill,68.4,Research activity,2026-09-18,2026-09-18T13:32:22+00:00,90,Later public procurement or installation signal
Jagiellonian University,67.9,Research activity,2026-09-18,2026-09-18T13:32:22+00:00,90,Later public procurement or installation signal
University of Queensland,67.6,Research activity,2026-09-18,2026-09-18T13:32:22+00:00,90,Later public procurement or installation signal
IMEC,66.2,Research activity,2026-09-18,2026-09-18T13:32:22+00:00,90,Later public procurement or installation signal
BOSTON UNIVERSITY MEDICAL CAMPUS,65.6,Funding received,2026-09-18,2026-09-18T13:32:22+00:00,90,Later public procurement or installation signal
BAYLOR COLLEGE OF MEDICINE,65.0,Funding received,2026-09-18,2026-09-18T13:32:22+00:00,90,Later public procurement or installation signal
Yonsei University,64.0,Research activity,2026-09-18,2026-09-18T13:32:22+00:00,90,Later public procurement or installation signal
Pacific Northwest National Laboratory,63.6,Research activity,2026-09-18,2026-09-18T13:32:22+00:00,90,Later public procurement or installation signal
University of Ljubljana,62.8,Research activity,2026-09-18,2026-09-18T13:32:22+00:00,90,Later public procurement or installation signal
"University of Toronto (Toronto, Canada)",62.8,Research activity,2026-09-18,2026-09-18T13:32:22+00:00,90,Later public procurement or installation signal
University of Science and Technology of China,62.0,Research activity,2026-09-18,2026-09-18T13:32:22+00:00,90,Later public procurement or installation signal
"Adelaide University (Adelaide, Australia)",61.8,Research activity,2026-09-18,2026-09-18T13:32:22+00:00,90,Later public procurement or installation signal
Zhengzhou University,61.7,Research activity,2026-09-18,2026-09-18T13:32:22+00:00,90,Later public procurement or installation signal
UNIVERSITY OF MASSACHUSETTS AMHERST,61.3,Funding received,2026-09-18,2026-09-18T13:32:22+00:00,90,Later public procurement or installation signal
Bayerisches Landesamt für Umwelt,61.0,Research activity,2026-09-18,2026-09-18T13:32:22+00:00,90,Later public procurement or installation signal
DUKE UNIVERSITY,60.3,Funding received,2026-09-18,2026-09-18T13:32:22+00:00,90,Later public procurement or installation signal
Koneru Lakshmaiah Education Foundation,59.6,Research activity,2026-09-18,2026-09-18T13:32:22+00:00,90,Later public procurement or installation signal
Shanghai Jiao Tong University,59.4,Research activity,2026-09-18,2026-09-18T13:32:22+00:00,90,Later public procurement or installation signal
State Key Laboratory of Geological Processes and Mineral Resources,59.4,Research activity,2026-09-18,2026-09-18T13:32:22+00:00,90,Later public procurement or installation signal
University of St Andrews,59.2,Research activity,2026-09-18,2026-09-18T13:32:22+00:00,90,Later public procurement or installation signal
"Department of Petroleum Geosciences, Science Faculty, Soran University, Erbil 4400, Iraq",59.1,Research activity,2026-09-18,2026-09-18T13:32:22+00:00,90,Later public procurement or installation signal
NORTHWESTERN UNIVERSITY,59.0,Funding received,2026-09-18,2026-09-18T13:32:22+00:00,90,Later public procurement or installation signal
Masaryk University,58.8,Research activity,2026-09-18,2026-09-18T13:32:22+00:00,90,Later public procurement or installation signal
University of Graz,58.8,Research activity,2026-09-18,2026-09-18T13:32:22+00:00,90,Later public procurement or installation signal
WEILL MEDICAL COLL OF CORNELL UNIV,58.8,Funding received,2026-09-18,2026-09-18T13:32:22+00:00,90,Later public procurement or installation signal
UNIV OF ARKANSAS FOR MED SCIS,58.6,Funding received,2026-09-18,2026-09-18T13:32:22+00:00,90,Later public procurement or installation signal
Palacký University Olomouc,58.5,Research activity,2026-09-18,2026-09-18T13:32:22+00:00,90,Later public procurement or installation signal
VANDERBILT UNIVERSITY,58.5,Funding received,2026-09-18,2026-09-18T13:32:22+00:00,90,Later public procurement or installation signal
University of Technology Sydney,58.4,Research activity,2026-09-18,2026-09-18T13:32:22+00:00,90,Later public procurement or installation signal
National Research Council Canada,58.3,Research activity,2026-09-18,2026-09-18T13:32:22+00:00,90,Later public procurement or installation signal
CEDARS-SINAI MEDICAL CENTER,58.2,Funding received,2026-09-18,2026-09-18T13:32:22+00:00,90,Later public procurement or installation signal
KU Leuven,58.1,Research activity,2026-09-18,2026-09-18T13:32:22+00:00,90,Later public procurement or installation signal
University of Birmingham,58.1,Research activity,2026-09-18,2026-09-18T13:32:22+00:00,90,Later public procurement or installation signal
Concordia University,58.0,Research activity,2026-09-18,2026-09-18T13:32:22+00:00,90,Later public procurement or installation signal
"TU Wien, Institute of Chemical Technologies and Analytics, Getreidemarkt 9/164, 1060 Vienna, Austria",58.0,Research activity,2026-09-18,2026-09-18T13:32:22+00:00,90,Later public procurement or installation signal
Northwestern Polytechnical University,57.9,Research activity,2026-09-18,2026-09-18T13:32:22+00:00,90,Later public procurement or installation signal
VIRGINIA COMMONWEALTH UNIVERSITY,57.8,Funding received,2026-09-18,2026-09-18T13:32:22+00:00,90,Later public procurement or installation signal
COLUMBIA UNIVERSITY HEALTH SCIENCES,57.5,Funding received,2026-09-18,2026-09-18T13:32:22+00:00,90,Later public procurement or installation signal
École Polytechnique Fédérale de Lausanne,57.2,Research activity,2026-09-18,2026-09-18T13:32:22+00:00,90,Later public procurement or installation signal
Capital Medical University,57.2,Research activity,2026-09-18,2026-09-18T13:32:22+00:00,90,Later public procurement or installation signal
TU Wien,57.2,Research activity,2026-09-18,2026-09-18T13:32:22+00:00,90,Later public procurement or installation signal
Chiba University,56.9,Research activity,2026-09-18,2026-09-18T13:32:22+00:00,90,Later public procurement or installation signal
Southern University of Science and Technology,56.7,Research activity,2026-09-18,2026-09-18T13:32:22+00:00,90,Later public procurement or installation signal
Ghent University,56.7,Research activity,2026-09-18,2026-09-18T13:32:22+00:00,90,Later public procurement or installation signal
"School of Gemology, China University of Geosciences Beijing, 29 Xue Yuan Road, Beijing 100083, China",56.7,Research activity,2026-09-18,2026-09-18T13:32:22+00:00,90,Later public procurement or installation signal
UNIVERSITY OF NEW MEXICO HEALTH SCIS CTR,56.1,Funding received,2026-09-18,2026-09-18T13:32:22+00:00,90,Later public procurement or installation signal
SINTEF,53.5,Research activity,2026-09-18,2026-09-18T13:32:22+00:00,90,Later public procurement or installation signal
Helmholtz Institute Erlangen-Nürnberg,52.1,Research activity,2026-09-18,2026-09-18T13:32:22+00:00,90,Later public procurement or installation signal
Chengdu University of Technology,51.8,Research activity,2026-09-18,2026-09-18T13:32:22+00:00,90,Later public procurement or installation signal
China University of Mining and Technology,51.7,Research activity,2026-09-18,2026-09-18T13:32:22+00:00,90,Later public procurement or installation signal
Al-Farabi Kazakh National University,51.6,Research activity,2026-09-18,2026-09-18T13:32:22+00:00,90,Later public procurement or installation signal
Bangladesh Council of Scientific and Industrial Research,51.6,Research activity,2026-09-18,2026-09-18T13:32:22+00:00,90,Later public procurement or installation signal
University of Toronto,51.5,Research activity,2026-09-18,2026-09-18T13:32:22+00:00,90,Later public procurement or installation signal
INSTITUTUL NATIONAL DE CERCETARE-DEZVOLTARE PENTRU GEOLOGIE SI GEOECOLOGIE MARINA GEOECOMAR,51.5,Active tender,2026-09-18,2026-09-18T13:32:22+00:00,90,Later public procurement or installation signal
Van Yüzüncü Yıl Üniversitesi,51.4,Research activity,2026-09-18,2026-09-18T13:32:22+00:00,90,Later public procurement or installation signal
Universiti Putra Malaysia,51.0,Research activity,2026-09-18,2026-09-18T13:32:22+00:00,90,Later public procurement or installation signal
Yunnan University,50.7,Research activity,2026-09-18,2026-09-18T13:32:22+00:00,90,Later public procurement or installation signal
Hefei University of Technology,50.5,Research activity,2026-09-18,2026-09-18T13:32:22+00:00,90,Later public procurement or installation signal
University of Tasmania,50.1,Research activity,2026-09-18,2026-09-18T13:32:22+00:00,90,Later public procurement or installation signal
University of Oxford,49.9,Research activity,2026-09-18,2026-09-18T13:32:22+00:00,90,Later public procurement or installation signal
Central European Institute of Technology,49.8,Research activity,2026-09-18,2026-09-18T13:32:22+00:00,90,Later public procurement or installation signal
Valahia University of Targoviste,49.7,Research activity,2026-09-18,2026-09-18T13:32:22+00:00,90,Later public procurement or installation signal
Guangdong University of Technology,47.0,Research activity,2026-09-18,2026-09-18T13:32:22+00:00,90,Later public procurement or installation signal
Université du Québec à Chicoutimi,46.7,Research activity,2026-09-18,2026-09-18T13:32:22+00:00,90,Later public procurement or installation signal
Beijing Institute of Technology,45.8,Research activity,2026-09-18,2026-09-18T13:32:22+00:00,90,Later public procurement or installation signal
NEW YORK UNIVERSITY,45.6,Funding received,2026-09-18,2026-09-18T13:32:22+00:00,90,Later public procurement or installation signal
H. LEE MOFFITT CANCER CTR & RES INST,45.4,Funding received,2026-09-18,2026-09-18T13:32:22+00:00,90,Later public procurement or installation signal
MASSACHUSETTS GENERAL HOSPITAL,45.4,Funding received,2026-09-18,2026-09-18T13:32:22+00:00,90,Later public procurement or installation signal
STATE UNIVERSITY OF NEW YORK AT BUFFALO,45.4,Funding received,2026-09-18,2026-09-18T13:32:22+00:00,90,Later public procurement or installation signal
Kyushu University,45.0,Research activity,2026-09-18,2026-09-18T13:32:22+00:00,90,Later public procurement or installation signal
National Geophysical Research Institute,44.8,Research activity,2026-09-18,2026-09-18T13:32:22+00:00,90,Later public procurement or installation signal
Ministry of Education,44.7,Research activity,2026-09-18,2026-09-18T13:32:22+00:00,90,Later public procurement or installation signal
UNIVERSITY OF KENTUCKY,44.2,Funding received,2026-09-18,2026-09-18T13:32:22+00:00,90,Later public procurement or installation signal
Zhejiang University of Technology,44.0,Research activity,2026-09-18,2026-09-18T13:32:22+00:00,90,Later public procurement or installation signal
Korea Advanced Institute of Science and Technology,43.7,Research activity,2026-09-18,2026-09-18T13:32:22+00:00,90,Later public procurement or installation signal
Pohang University of Science and Technology,43.7,Research activity,2026-09-18,2026-09-18T13:32:22+00:00,90,Later public procurement or installation signal
Argonne National Laboratory,43.2,Research activity,2026-09-18,2026-09-18T13:32:22+00:00,90,Later public procurement or installation signal
Nankai University,42.8,Research activity,2026-09-18,2026-09-18T13:32:22+00:00,90,Later public procurement or installation signal
Hong Kong Polytechnic University,42.7,Research activity,2026-09-18,2026-09-18T13:32:22+00:00,90,Later public procurement or installation signal
Jiangsu University,42.3,Research activity,2026-09-18,2026-09-18T13:32:22+00:00,90,Later public procurement or installation signal
Qatar University,42.3,Research activity,2026-09-18,2026-09-18T13:32:22+00:00,90,Later public procurement or installation signal
MICHIGAN STATE UNIVERSITY,40.8,Funding received,2026-09-18,2026-09-18T13:32:22+00:00,90,Later public procurement or installation signal
UNIVERSITY OF WASHINGTON,40.1,Funding received,2026-09-18,2026-09-18T13:32:22+00:00,90,Later public procurement or installation signal
HENRY FORD HEALTH + MICHIGAN STATE UNIVERSITY HEALTH SCIENCES,39.9,Funding received,2026-09-18,2026-09-18T13:32:22+00:00,90,Later public procurement or installation signal
Johnson Matthey (United Kingdom),39.6,Research activity,2026-09-18,2026-09-18T13:32:22+00:00,90,Later public procurement or installation signal
La Trobe University,39.6,Research activity,2026-09-18,2026-09-18T13:32:22+00:00,90,Later public procurement or installation signal
South Dakota School of Mines and Technology,39.6,Research activity,2026-09-18,2026-09-18T13:32:22+00:00,90,Later public procurement or installation signal
"TESLA-Analytical Chemistry, Institute of Chemistry",39.6,Research activity,2026-09-18,2026-09-18T13:32:22+00:00,90,Later public procurement or installation signal
Curtin University,39.4,Research activity,2026-09-18,2026-09-18T13:32:22+00:00,90,Later public procurement or installation signal
DARTMOUTH COLLEGE,39.4,Funding received,2026-09-18,2026-09-18T13:32:22+00:00,90,Later public procurement or installation signal
Yıldız Technical University,39.4,Research activity,2026-09-18,2026-09-18T13:32:22+00:00,90,Later public procurement or installation signal
"Department of Earth Sciences, Durham University, Durham DH1 3LE, UK",39.2,Research activity,2026-09-18,2026-09-18T13:32:22+00:00,90,Later public procurement or installation signal
"Institute of Nuclear Physics, Polish Academy of Sciences",39.2,Research activity,2026-09-18,2026-09-18T13:32:22+00:00,90,Later public procurement or installation signal
Utkal University,39.2,Research activity,2026-09-18,2026-09-18T13:32:22+00:00,90,Later public procurement or installation signal
UNIVERSITY OF CALIFORNIA AT DAVIS,39.1,Funding received,2026-09-18,2026-09-18T13:32:22+00:00,90,Later public procurement or installation signal
Graz University of Technology,39.0,Research activity,2026-09-18,2026-09-18T13:32:22+00:00,90,Later public procurement or installation signal
Centers for Disease Control and Prevention,38.9,Research activity,2026-09-18,2026-09-18T13:32:22+00:00,90,Later public procurement or installation signal
Forest Research Institute,38.9,Research activity,2026-09-18,2026-09-18T13:32:22+00:00,90,Later public procurement or installation signal
Khadicha Sulaymonova Republican Center of Forensic Expertise,38.9,Research activity,2026-09-18,2026-09-18T13:32:22+00:00,90,Later public procurement or installation signal
Kennesaw State University,38.8,Research activity,2026-09-18,2026-09-18T13:32:22+00:00,90,Later public procurement or installation signal
"Medical–Scientific Department , LifeLabs Medical Laboratory Services , Toronto , ON , Canada",38.8,Research activity,2026-09-18,2026-09-18T13:32:22+00:00,90,Later public procurement or installation signal
"Université Laval , , 1045, avenue de la Médecine, Pavillon Alexandre-Vachon",38.8,Research activity,2026-09-18,2026-09-18T13:32:22+00:00,90,Later public procurement or installation signal
National Institute of Advanced Industrial Science and Technology,38.7,Research activity,2026-09-18,2026-09-18T13:32:22+00:00,90,Later public procurement or installation signal
"Faculty of Chemistry, Adam Mickiewicz University, Uniwersytetu Poznańskiego 8, 61-614 Poznan, Poland",38.6,Research activity,2026-09-18,2026-09-18T13:32:22+00:00,90,Later public procurement or installation signal
"Department of Physics, Debre Markos University, Debre Markos, Ethiopia",38.5,Research activity,2026-09-18,2026-09-18T13:32:22+00:00,90,Later public procurement or installation signal
United States Geological Survey,38.4,Research activity,2026-09-18,2026-09-18T13:32:22+00:00,90,Later public procurement or installation signal
Indian Institute of Technology Ropar,38.3,Research activity,2026-09-18,2026-09-18T13:32:22+00:00,90,Later public procurement or installation signal
"Laboratoire de radioécologie, Département de chimie, Faculté des sciences et de génie, Université Laval, 1045, avenue de la Médecine, Pavillon Alexandre-Vachon, Québec G1V 0A6, Canada",38.3,Research activity,2026-09-18,2026-09-18T13:32:22+00:00,90,Later public procurement or installation signal
ChronusCamp Research – Isotope Geology Laboratory - Itapira,38.2,Research activity,2026-09-18,2026-09-18T13:32:22+00:00,90,Later public procurement or installation signal
De Montfort University,38.2,Research activity,2026-09-18,2026-09-18T13:32:22+00:00,90,Later public procurement or installation signal
"Department of Chemistry, Faculty of Science, Gakushuin University",38.2,Research activity,2026-09-18,2026-09-18T13:32:22+00:00,90,Later public procurement or installation signal
"EcotoQ, INRS-Eau Terre Environnement, 490 de la Couronne, Québec, Québec G1K 9A9, Canada",38.1,Research activity,2026-09-18,2026-09-18T13:32:22+00:00,90,Later public procurement or installation signal
University of British Columbia,37.9,Research activity,2026-09-18,2026-09-18T13:32:22+00:00,90,Later public procurement or installation signal
Clemson University,37.8,Research activity,2026-09-18,2026-09-18T13:32:22+00:00,90,Later public procurement or installation signal
Directorate of Medicinal and Aromatic Plants Research,37.8,Research activity,2026-09-18,2026-09-18T13:32:22+00:00,90,Later public procurement or installation signal
Universidade Estadual de Campinas (UNICAMP),37.8,Research activity,2026-09-18,2026-09-18T13:32:22+00:00,90,Later public procurement or installation signal
Ahsanullah University of Science and Technology,37.7,Research activity,2026-09-18,2026-09-18T13:32:22+00:00,90,Later public procurement or installation signal
"College of Earth and Planetary Sciences, Chengdu University of Technology, Chengdu 610059, China",37.7,Research activity,2026-09-18,2026-09-18T13:32:22+00:00,90,Later public procurement or installation signal
"Department of Chemistry & Biochemistry, Rowan University, Glassboro, New Jersey, United States",37.7,Research activity,2026-09-18,2026-09-18T13:32:22+00:00,90,Later public procurement or installation signal
"Moscow University ""Synergy""; 80 B, building 3 Leningradsky Prospekt, Moscow, 125315, Russian Federation",37.7,Research activity,2026-09-18,2026-09-18T13:32:22+00:00,90,Later public procurement or installation signal
Hospital Virgen de los Lirios,37.6,Research activity,2026-09-18,2026-09-18T13:32:22+00:00,90,Later public procurement or installation signal
Japan Agency for Marine-Earth Science and Technology,37.5,Research activity,2026-09-18,2026-09-18T13:32:22+00:00,90,Later public procurement or installation signal
University of Trieste,37.4,Research activity,2026-09-18,2026-09-18T13:32:22+00:00,90,Later public procurement or installation signal
"Air Liquide Balazs, 46409 Landing Pkwy,Fremont,CA,USA,94538",37.3,Research activity,2026-09-18,2026-09-18T13:32:22+00:00,90,Later public procurement or installation signal
"Department of Chemistry, Andhra University, Visakhapatnam, 530003, Andhra Pradesh, India. 1Dr Reddy’s Labs, Hyderabad, Telangana, India",37.3,Research activity,2026-09-18,2026-09-18T13:32:22+00:00,90,Later public procurement or installation signal
"Institute of Environmental Engineering, The Faculty of Environmental Engineering and Geodesy, Wrocław University of Environmental and Life Sciences, Grunwaldzki Square 24, 50-363 Wrocław, Poland",37.3,Research activity,2026-09-18,2026-09-18T13:32:22+00:00,90,Later public procurement or installation signal
"Czech Academy of Sciences, Institute of Inorganic Chemistry",37.2,Research activity,2026-09-18,2026-09-18T13:32:22+00:00,90,Later public procurement or installation signal
Erzincan Binali Yıldırım University,37.2,Research activity,2026-09-18,2026-09-18T13:32:22+00:00,90,Later public procurement or installation signal
Indian Institute of Technology Kharagpur,37.2,Research activity,2026-09-18,2026-09-18T13:32:22+00:00,90,Later public procurement or installation signal
Savannah River National Laboratory,37.1,Research activity,2026-09-18,2026-09-18T13:32:22+00:00,90,Later public procurement or installation signal
Tsinghua University,37.1,Research activity,2026-09-18,2026-09-18T13:32:22+00:00,90,Later public procurement or installation signal
Universidad Nacional de Córdoba,37.0,Research activity,2026-09-18,2026-09-18T13:32:22+00:00,90,Later public procurement or installation signal
University College Dublin,37.0,Research activity,2026-09-18,2026-09-18T13:32:22+00:00,90,Later public procurement or installation signal
"Geochemical Research Center, The University of Tokyo",36.9,Research activity,2026-09-18,2026-09-18T13:32:22+00:00,90,Later public procurement or installation signal
University of Kashan,36.7,Research activity,2026-09-18,2026-09-18T13:32:22+00:00,90,Later public procurement or installation signal
University of Tokyo,36.6,Research activity,2026-09-18,2026-09-18T13:32:22+00:00,90,Later public procurement or installation signal
Fraunhofer Institute for Photonic Microsystems,36.5,Research activity,2026-09-18,2026-09-18T13:32:22+00:00,90,Later public procurement or installation signal
Kazakh National Agrarian Research University,36.5,Research activity,2026-09-18,2026-09-18T13:32:22+00:00,90,Later public procurement or installation signal
Medical University of Lublin,36.5,Research activity,2026-09-18,2026-09-18T13:32:22+00:00,90,Later public procurement or installation signal
Michigan State University,36.5,Research activity,2026-09-18,2026-09-18T13:32:22+00:00,90,Later public procurement or installation signal
Northern (Arctic) Federal University,36.5,Research activity,2026-09-18,2026-09-18T13:32:22+00:00,90,Later public procurement or installation signal
Wilson College,36.5,Research activity,2026-09-18,2026-09-18T13:32:22+00:00,90,Later public procurement or installation signal
"HARRAN ÜNİVERSİTESİ, ECZACILIK FAKÜLTESİ",36.4,Research activity,2026-09-18,2026-09-18T13:32:22+00:00,90,Later public procurement or installation signal
Hanyang University,36.4,Research activity,2026-09-18,2026-09-18T13:32:22+00:00,90,Later public procurement or installation signal
King Fahd University of Petroleum and Minerals,36.4,Research activity,2026-09-18,2026-09-18T13:32:22+00:00,90,Later public procurement or installation signal
Mindanao State University – Iligan Institute of Technology,36.3,Research activity,2026-09-18,2026-09-18T13:32:22+00:00,90,Later public procurement or installation signal
"Department of Chemistry, Faculty of Science and Literature Bingöl University Bingöl Türkiye",36.2,Research activity,2026-09-18,2026-09-18T13:32:22+00:00,90,Later public procurement or installation signal
Ministry of Natural Resources,36.2,Research activity,2026-09-18,2026-09-18T13:32:22+00:00,90,Later public procurement or installation signal
Moss Landing Marine Laboratories,36.2,Research activity,2026-09-18,2026-09-18T13:32:22+00:00,90,Later public procurement or installation signal
Anhui Agricultural University,36.1,Research activity,2026-09-18,2026-09-18T13:32:22+00:00,90,Later public procurement or installation signal
"Department of Physical and Analytical Chemistry, Faculty of Chemistry, University of Oviedo, c/Julián Clavería 8, Oviedo 33006, Spain",36.1,Research activity,2026-09-18,2026-09-18T13:32:22+00:00,90,Later public procurement or installation signal
Japan Radioisotope Association,36.1,Research activity,2026-09-18,2026-09-18T13:32:22+00:00,90,Later public procurement or installation signal
National University College,36.1,Research activity,2026-09-18,2026-09-18T13:32:22+00:00,90,Later public procurement or installation signal
Prokhorov General Physics Institute,36.1,Research activity,2026-09-18,2026-09-18T13:32:22+00:00,90,Later public procurement or installation signal
Institute of Geochemistry,36.0,Research activity,2026-09-18,2026-09-18T13:32:22+00:00,90,Later public procurement or installation signal
Iran University of Science and Technology,36.0,Research activity,2026-09-18,2026-09-18T13:32:22+00:00,90,Later public procurement or installation signal
Jawaharlal Nehru Tropical Botanic Garden and Research Institute,36.0,Research activity,2026-09-18,2026-09-18T13:32:22+00:00,90,Later public procurement or installation signal
Linköping University,36.0,Research activity,2026-09-18,2026-09-18T13:32:22+00:00,90,Later public procurement or installation signal
Nanjing Institute of Agricultural Mechanization,36.0,Research activity,2026-09-18,2026-09-18T13:32:22+00:00,90,Later public procurement or installation signal
Amgen (United States),35.9,Research activity,2026-09-18,2026-09-18T13:32:22+00:00,90,Later public procurement or installation signal
"Faculty of Science, The University of Hongkong, Pokfulam, Hong Kong",35.9,Research activity,2026-09-18,2026-09-18T13:32:22+00:00,90,Later public procurement or installation signal
Instytut Chemii i Techniki Jądrowej,35.9,Research activity,2026-09-18,2026-09-18T13:32:22+00:00,90,Later public procurement or installation signal
"MABSWITCH,",35.9,Funding received,2026-09-18,2026-09-18T13:32:22+00:00,90,Later public procurement or installation signal
UNIVERSITY OF MICHIGAN AT ANN ARBOR,35.9,Funding received,2026-09-18,2026-09-18T13:32:22+00:00,90,Later public procurement or installation signal
UNIVERSITY OF MINNESOTA,35.9,Funding received,2026-09-18,2026-09-18T13:32:22+00:00,90,Later public procurement or installation signal
UNIVERSITY OF PENNSYLVANIA,35.9,Funding received,2026-09-18,2026-09-18T13:32:22+00:00,90,Later public procurement or installation signal
Universidade Federal de São Paulo,35.9,Research activity,2026-09-18,2026-09-18T13:32:22+00:00,90,Later public procurement or installation signal
BETH ISRAEL DEACONESS MEDICAL CENTER,35.8,Funding received,2026-09-18,2026-09-18T13:32:22+00:00,90,Later public procurement or installation signal
EDI THERAPEUTICS,35.8,Funding received,2026-09-18,2026-09-18T13:32:22+00:00,90,Later public procurement or installation signal
Kumasi Technical University,35.8,Research activity,2026-09-18,2026-09-18T13:32:22+00:00,90,Later public procurement or installation signal
M.Auezov South Kazakhstan State University,35.8,Research activity,2026-09-18,2026-09-18T13:32:22+00:00,90,Later public procurement or installation signal
NORTH CAROLINA STATE UNIVERSITY RALEIGH,35.8,Funding received,2026-09-18,2026-09-18T13:32:22+00:00,90,Later public procurement or installation signal
RESEARCH INST NATIONWIDE CHILDREN'S HOSP,35.8,Funding received,2026-09-18,2026-09-18T13:32:22+00:00,90,Later public procurement or installation signal
ROSWELL PARK CANCER INSTITUTE,35.8,Funding received,2026-09-18,2026-09-18T13:32:22+00:00,90,Later public procurement or installation signal
STANFORD UNIVERSITY,35.8,Funding received,2026-09-18,2026-09-18T13:32:22+00:00,90,Later public procurement or installation signal
TIBURON BIO,35.8,Funding received,2026-09-18,2026-09-18T13:32:22+00:00,90,Later public procurement or installation signal
UNIVERSITY OF WISCONSIN-MADISON,35.8,Funding received,2026-09-18,2026-09-18T13:32:22+00:00,90,Later public procurement or installation signal
University of Belgrade,35.8,Research activity,2026-09-18,2026-09-18T13:32:22+00:00,90,Later public procurement or installation signal
WASHINGTON UNIVERSITY,35.8,Funding received,2026-09-18,2026-09-18T13:32:22+00:00,90,Later public procurement or installation signal
YALE UNIVERSITY,35.8,Funding received,2026-09-18,2026-09-18T13:32:22+00:00,90,Later public procurement or installation signal
COLORADO STATE UNIVERSITY,35.7,Funding received,2026-09-18,2026-09-18T13:32:22+00:00,90,Later public procurement or installation signal
China Geological Survey,35.7,Research activity,2026-09-18,2026-09-18T13:32:22+00:00,90,Later public procurement or installation signal
"Lawrence Livermore National Laboratory (LLNL), Livermore, CA (United States)",35.7,Research activity,2026-09-18,2026-09-18T13:32:22+00:00,90,Later public procurement or installation signal
Bharathidasan University,35.6,Research activity,2026-09-18,2026-09-18T13:32:22+00:00,90,Later public procurement or installation signal
Geological Survey of India,35.6,Research activity,2026-09-18,2026-09-18T13:32:22+00:00,90,Later public procurement or installation signal
Hebei University of Technology,35.6,Research activity,2026-09-18,2026-09-18T13:32:22+00:00,90,Later public procurement or installation signal
National Institute of Health Sciences,35.6,Research activity,2026-09-18,2026-09-18T13:32:22+00:00,90,Later public procurement or installation signal
Chinese Academy of Geological Sciences,35.5,Research activity,2026-09-18,2026-09-18T13:32:22+00:00,90,Later public procurement or installation signal
Czech Geological Survey,35.5,Research activity,2026-09-18,2026-09-18T13:32:22+00:00,90,Later public procurement or installation signal
National Nuclear Energy Agency of Indonesia,35.5,Instrument installation,2026-09-18,2026-09-18T13:32:22+00:00,90,Later public procurement or installation signal
"University of California, Irvine",35.5,Research activity,2026-09-18,2026-09-18T13:32:22+00:00,90,Later public procurement or installation signal
Australian Resources Research Centre,35.4,Research activity,2026-09-18,2026-09-18T13:32:22+00:00,90,Later public procurement or installation signal
Center for Food Safety and Applied Nutrition,35.4,Research activity,2026-09-18,2026-09-18T13:32:22+00:00,90,Later public procurement or installation signal
Charotar University of Science and Technology,35.4,Research activity,2026-09-18,2026-09-18T13:32:22+00:00,90,Later public procurement or installation signal
Giresun University,35.4,Research activity,2026-09-18,2026-09-18T13:32:22+00:00,90,Later public procurement or installation signal
Griffith University,35.4,Research activity,2026-09-18,2026-09-18T13:32:22+00:00,90,Later public procurement or installation signal
Indian Institute of Toxicology Research,35.4,Research activity,2026-09-18,2026-09-18T13:32:22+00:00,90,Later public procurement or installation signal
Universidad Privada San Juan Bautista,35.4,Research activity,2026-09-18,2026-09-18T13:32:22+00:00,90,Later public procurement or installation signal
Universiti Sains Malaysia,35.4,Research activity,2026-09-18,2026-09-18T13:32:22+00:00,90,Later public procurement or installation signal
Universität Hamburg,35.4,Research activity,2026-09-18,2026-09-18T13:32:22+00:00,90,Later public procurement or installation signal
Zhejiang University,35.4,Research activity,2026-09-18,2026-09-18T13:32:22+00:00,90,Later public procurement or installation signal
Arizona State University,35.3,Research activity,2026-09-18,2026-09-18T13:32:22+00:00,90,Later public procurement or installation signal
Imperial College London,35.3,Research activity,2026-09-18,2026-09-18T13:32:22+00:00,90,Later public procurement or installation signal
Kuban State University,35.3,Research activity,2026-09-18,2026-09-18T13:32:22+00:00,90,Later public procurement or installation signal
"Merck & Co., Inc., Rahway, NJ, USA (United States)",35.3,Research activity,2026-09-18,2026-09-18T13:32:22+00:00,90,Later public procurement or installation signal
South Carolina Department of Natural Resources,35.3,Research activity,2026-09-18,2026-09-18T13:32:22+00:00,90,Later public procurement or installation signal
State Key Laboratory of Pollution Control and Resource Reuse,35.3,Research activity,2026-09-18,2026-09-18T13:32:22+00:00,90,Later public procurement or installation signal
University of Bern,35.3,Research activity,2026-09-18,2026-09-18T13:32:22+00:00,90,Later public procurement or installation signal
Auburn University,35.2,Research activity,2026-09-18,2026-09-18T13:32:22+00:00,90,Later public procurement or installation signal
Bhabha Atomic Research Centre,35.2,Research activity,2026-09-18,2026-09-18T13:32:22+00:00,90,Later public procurement or installation signal
"Chinese Academy of Geological Sciences, National Research Center for Geoanalysis, Beijing 100037, China",35.2,Research activity,2026-09-18,2026-09-18T13:32:22+00:00,90,Later public procurement or installation signal
"Department of Chemistry, Loughborough University, Epinal Way, Loughborough, Leicestershire, LE11 3TU, UK",35.2,Research activity,2026-09-18,2026-09-18T13:32:22+00:00,90,Later public procurement or installation signal
Department of Geology University of Tartu Tartu Estonia,35.2,Research activity,2026-09-18,2026-09-18T13:32:22+00:00,90,Later public procurement or installation signal
"Department of Geoscience, Institute of Geotechnology and Mineral Resources, Clausthal University of Technology, Adolph-Roemer-Str. 2A, 38678 Clausthal-Zellerfeld, Germany",35.2,Research activity,2026-09-18,2026-09-18T13:32:22+00:00,90,Later public procurement or installation signal
"Division for Chronological Research, Institute for Space-Earth Environmental Research, Nagoya University, Furo-cho, Chikusa-ku, Nagoya 464-8601, Japan",35.2,Research activity,2026-09-18,2026-09-18T13:32:22+00:00,90,Later public procurement or installation signal
Friends United,35.2,Research activity,2026-09-18,2026-09-18T13:32:22+00:00,90,Later public procurement or installation signal
"Graduate School of Pharmaceutical Sciences, Chiba University, 1-8-1 Inohana, Chuo, Chiba 260-8675, Japan",35.2,Research activity,2026-09-18,2026-09-18T13:32:22+00:00,90,Later public procurement or installation signal
"Guizhou University, China",35.2,Research activity,2026-09-18,2026-09-18T13:32:22+00:00,90,Later public procurement or installation signal
"Indiana University School of Medicine , Indianapolis, Indiana",35.2,Research activity,2026-09-18,2026-09-18T13:32:22+00:00,90,Later public procurement or installation signal
"Institute of Geosciences, Goethe University Frankfurt, Frankfurt am Main, Germany",35.2,Research activity,2026-09-18,2026-09-18T13:32:22+00:00,90,Later public procurement or installation signal
"Oak Ridge National Laboratory, Oak Ridge, Tennessee, USA",35.2,Research activity,2026-09-18,2026-09-18T13:32:22+00:00,90,Later public procurement or installation signal
"School of Ocean & Earth Sciences, University of Southampton, National Oceanography Centre, European Way, Southampton, SO14 3ZH, UK",35.2,Research activity,2026-09-18,2026-09-18T13:32:22+00:00,90,Later public procurement or installation signal
"Scientific Instrument Center, Shanxi University, 92 Wucheng Road, Taiyuan, Shanxi, 030006, People's Republic of China",35.2,Research activity,2026-09-18,2026-09-18T13:32:22+00:00,90,Later public procurement or installation signal
"State Key Laboratory of Geological Processes and Mineral Resources, China University of Geosciences, Wuhan, 430074, PR China",35.2,Research activity,2026-09-18,2026-09-18T13:32:22+00:00,90,Later public procurement or installation signal
"State Key Laboratory of Lithospheric Evolution and Environmental Coevolution, School of Earth and Space Sciences, University of Science and Technology of China, Hefei, Anhui, China",35.2,Research activity,2026-09-18,2026-09-18T13:32:22+00:00,90,Later public procurement or installation signal
"State Key Laboratory of Lithospheric and Environmental Coevolution, Institute of Geology and Geophysics, Chinese Academy of Sciences, Beijing, 100029, P.R. China",35.2,Research activity,2026-09-18,2026-09-18T13:32:22+00:00,90,Later public procurement or installation signal
"TRACES, UMR 5608, CNRS, Université Toulouse Jean Jaurès, Ministère de la Culture, EHESS, INRAP, Maison de la Recherche, 5 allées Antonio Machado, F 31058 Toulouse Cedex 9, France",35.2,Research activity,2026-09-18,2026-09-18T13:32:22+00:00,90,Later public procurement or installation signal
"U.S. Geological Survey, Denver Federal Center , Denver, CO",35.2,Research activity,2026-09-18,2026-09-18T13:32:22+00:00,90,Later public procurement or installation signal
Universidad Complutense de Madrid,35.2,Research activity,2026-09-18,2026-09-18T13:32:22+00:00,90,Later public procurement or installation signal
"University of Chemistry and Technology, Prague",35.2,Research activity,2026-09-18,2026-09-18T13:32:22+00:00,90,Later public procurement or installation signal
"Department of Physical and Analytical Chemistry, Faculty of Chemistry, University of Oviedo, Julián Clavería 8, 33006 Oviedo, Spain",35.1,Research activity,2026-09-18,2026-09-18T13:32:22+00:00,90,Later public procurement or installation signal
Inonu University,35.1,Research activity,2026-09-18,2026-09-18T13:32:22+00:00,90,Later public procurement or installation signal
Manisa Celal Bayar University,35.1,Research activity,2026-09-18,2026-09-18T13:32:22+00:00,90,Later public procurement or installation signal
Peking University,35.1,Research activity,2026-09-18,2026-09-18T13:32:22+00:00,90,Later public procurement or installation signal
Shanghai University of Medicine and Health Sciences,35.1,Research activity,2026-09-18,2026-09-18T13:32:22+00:00,90,Later public procurement or installation signal
UNIVERSITY OF MISSISSIPPI MED CTR,35.1,Funding received,2026-09-18,2026-09-18T13:32:22+00:00,90,Later public procurement or installation signal
Universidade de Santiago de Compostela,35.1,Research activity,2026-09-18,2026-09-18T13:32:22+00:00,90,Later public procurement or installation signal
Vellore Institute of Technology University,35.1,Research activity,2026-09-18,2026-09-18T13:32:22+00:00,90,Later public procurement or installation signal
Institute of Geographic Sciences and Natural Resources Research,35.0,Research activity,2026-09-18,2026-09-18T13:32:22+00:00,90,Later public procurement or installation signal
Jordan University of Science and Technology,35.0,Research activity,2026-09-18,2026-09-18T13:32:22+00:00,90,Later public procurement or installation signal
Pusan National University,35.0,Research activity,2026-09-18,2026-09-18T13:32:22+00:00,90,Later public procurement or installation signal
Toronto Metropolitan University,35.0,Research activity,2026-09-18,2026-09-18T13:32:22+00:00,90,Later public procurement or installation signal
UNIVERSITY OF CHICAGO,35.0,Funding received,2026-09-18,2026-09-18T13:32:22+00:00,90,Later public procurement or installation signal
Universitat Autònoma de Barcelona,35.0,Research activity,2026-09-18,2026-09-18T13:32:22+00:00,90,Later public procurement or installation signal
University of Michigan,35.0,Research activity,2026-09-18,2026-09-18T13:32:22+00:00,90,Later public procurement or installation signal
Xinjiang Institute of Ecology and Geography,35.0,Research activity,2026-09-18,2026-09-18T13:32:22+00:00,90,Later public procurement or installation signal
Air Liquide (United States),34.9,Research activity,2026-09-18,2026-09-18T13:32:22+00:00,90,Later public procurement or installation signal
College of Marine Living Resource Sciences and Management Shanghai Ocean University Shanghai China,34.9,Research activity,2026-09-18,2026-09-18T13:32:22+00:00,90,Later public procurement or installation signal
Federal Institute of Hydrology,34.9,Research activity,2026-09-18,2026-09-18T13:32:22+00:00,90,Later public procurement or installation signal
Hebei University of Engineering,34.9,Research activity,2026-09-18,2026-09-18T13:32:22+00:00,90,Later public procurement or installation signal
Institut polytechnique de Grenoble,34.9,Research activity,2026-09-18,2026-09-18T13:32:22+00:00,90,Later public procurement or installation signal
"Moscow University ""Synergy""; 80 b/3 Leningradsky Prospekt, Moscow, 125315, Russian Federation",34.9,Research activity,2026-09-18,2026-09-18T13:32:22+00:00,90,Later public procurement or installation signal
National Institute of Chemistry,34.9,Research activity,2026-09-18,2026-09-18T13:32:22+00:00,90,Later public procurement or installation signal
Qlab Analytical Laboratory (Greece),34.9,Research activity,2026-09-18,2026-09-18T13:32:22+00:00,90,Later public procurement or installation signal
University of Chinese Academy of Sciences,34.9,Research activity,2026-09-18,2026-09-18T13:32:22+00:00,90,Later public procurement or installation signal
Flemish Institute for Technological Research,34.8,Research activity,2026-09-18,2026-09-18T13:32:22+00:00,90,Later public procurement or installation signal
Izmir Institute of Technology,34.8,Research activity,2026-09-18,2026-09-18T13:32:22+00:00,90,Later public procurement or installation signal
Kashan University of Medical Sciences,34.8,Research activity,2026-09-18,2026-09-18T13:32:22+00:00,90,Later public procurement or installation signal
Universidade do Porto,34.8,Research activity,2026-09-18,2026-09-18T13:32:22+00:00,90,Later public procurement or installation signal
University of Amsterdam,34.8,Research activity,2026-09-18,2026-09-18T13:32:22+00:00,90,Later public procurement or installation signal
University of Szeged,34.8,Research activity,2026-09-18,2026-09-18T13:32:22+00:00,90,Later public procurement or installation signal
Consejo Nacional de Investigaciones Científicas y Técnicas,34.7,Research activity,2026-09-18,2026-09-18T13:32:22+00:00,90,Later public procurement or installation signal
"Istanbul University-Cerrahpasa Institute of Forensic Sciences and Legal Medicine, Department of Science, Buyukcekmece, Istanbul, Turkey",34.7,Research activity,2026-09-18,2026-09-18T13:32:22+00:00,90,Later public procurement or installation signal
N. I. Lobachevsky State University of Nizhny Novgorod,34.7,Research activity,2026-09-18,2026-09-18T13:32:22+00:00,90,Later public procurement or installation signal
National Institute for Bioprocessing Research and Training,34.7,Research activity,2026-09-18,2026-09-18T13:32:22+00:00,90,Later public procurement or installation signal
Roma Tre University,34.7,Instrument installation,2026-09-18,2026-09-18T13:32:22+00:00,90,Later public procurement or installation signal
State Key Laboratory of Oncogene and Related Genes,34.7,Research activity,2026-09-18,2026-09-18T13:32:22+00:00,90,Later public procurement or installation signal
University of Adelaide,34.7,Research activity,2026-09-18,2026-09-18T13:32:22+00:00,90,Later public procurement or installation signal
University of Massachusetts Lowell,34.7,Research activity,2026-09-18,2026-09-18T13:32:22+00:00,90,Later public procurement or installation signal
Uttarakhand Open University,34.7,Research activity,2026-09-18,2026-09-18T13:32:22+00:00,90,Later public procurement or installation signal
Wake Forest University,34.7,Research activity,2026-09-18,2026-09-18T13:32:22+00:00,90,Later public procurement or installation signal
Beijing University of Technology,34.6,Research activity,2026-09-18,2026-09-18T13:32:22+00:00,90,Later public procurement or installation signal
Istituto per il Sistema Produzione Animale in Ambiente Mediterraneo,34.6,Research activity,2026-09-18,2026-09-18T13:32:22+00:00,90,Later public procurement or installation signal
Universitat de Barcelona,34.6,Research activity,2026-09-18,2026-09-18T13:32:22+00:00,90,Later public procurement or installation signal
University of Manchester,34.6,Research activity,2026-09-18,2026-09-18T13:32:22+00:00,90,Later public procurement or installation signal
Anhui University,34.5,Research activity,2026-09-18,2026-09-18T13:32:22+00:00,90,Later public procurement or installation signal
Chang'an University,34.5,Research activity,2026-09-18,2026-09-18T13:32:22+00:00,90,Later public procurement or installation signal
Chongqing Medical University,34.5,Research activity,2026-09-18,2026-09-18T13:32:22+00:00,90,Later public procurement or installation signal
Guangzhou Institute of Geochemistry,34.5,Research activity,2026-09-18,2026-09-18T13:32:22+00:00,90,Later public procurement or installation signal
MONTANA STATE UNIVERSITY - BOZEMAN,34.5,Funding received,2026-09-18,2026-09-18T13:32:22+00:00,90,Later public procurement or installation signal
Planetary Science Institute,34.5,Research activity,2026-09-18,2026-09-18T13:32:22+00:00,90,Later public procurement or installation signal
Tomas Bata University in Zlín,34.5,Research activity,2026-09-18,2026-09-18T13:32:22+00:00,90,Later public procurement or installation signal
Universitat Politècnica de Catalunya,34.5,Research activity,2026-09-18,2026-09-18T13:32:22+00:00,90,Later public procurement or installation signal
"Zhengzhou Institutes of Multipurpose Utilization of Mineral Resource, China Academy of Geological Sciences, Zhengzhou 450006, China",34.5,Research activity,2026-09-18,2026-09-18T13:32:22+00:00,90,Later public procurement or installation signal
Ca' Foscari University of Venice,34.4,Research activity,2026-09-18,2026-09-18T13:32:22+00:00,90,Later public procurement or installation signal
"Maharishi School of Pharmaceutical Sciences, Maharishi University of Information Technology, Lucknow - 226013, Uttar Pradesh, India",34.4,Research activity,2026-09-18,2026-09-18T13:32:22+00:00,90,Later public procurement or installation signal
"Ordos Institute of Technology, Ordos 017010, China",34.4,Research activity,2026-09-18,2026-09-18T13:32:22+00:00,90,Later public procurement or installation signal
Siberian Research Institute of Agriculture and Peat,34.4,Research activity,2026-09-18,2026-09-18T13:32:22+00:00,90,Later public procurement or installation signal
Tunis El Manar University,34.4,Research activity,2026-09-18,2026-09-18T13:32:22+00:00,90,Later public procurement or installation signal
UNIVERSITY OF VIRGINIA,34.4,Funding received,2026-09-18,2026-09-18T13:32:22+00:00,90,Later public procurement or installation signal
Agilent Technologies,34.3,Research activity,2026-09-18,2026-09-18T13:32:22+00:00,90,Later public procurement or installation signal
"B.K. Mody Government Pharmacy College, Polytechnic Campus, Near Aji Dam, Rajkot, Gujarat, India, Postal Code: 360003",34.3,Research activity,2026-09-18,2026-09-18T13:32:22+00:00,90,Later public procurement or installation signal
Ben-Gurion University of the Negev,34.3,Research activity,2026-09-18,2026-09-18T13:32:22+00:00,90,Later public procurement or installation signal
Brandon University,34.3,Research activity,2026-09-18,2026-09-18T13:32:22+00:00,90,Later public procurement or installation signal
Central South University,34.3,Research activity,2026-09-18,2026-09-18T13:32:22+00:00,90,Later public procurement or installation signal
Eurofins Nihon Soken K.K,34.3,Research activity,2026-09-18,2026-09-18T13:32:22+00:00,90,Later public procurement or installation signal
"Institute for Space-Earth Environmental Research, Nagoya University",34.3,Research activity,2026-09-18,2026-09-18T13:32:22+00:00,90,Later public procurement or installation signal
Johannes Kepler University of Linz,34.3,Research activity,2026-09-18,2026-09-18T13:32:22+00:00,90,Later public procurement or installation signal
Korea University of Technology and Education,34.3,Research activity,2026-09-18,2026-09-18T13:32:22+00:00,90,Later public procurement or installation signal
National United University,34.3,Research activity,2026-09-18,2026-09-18T13:32:22+00:00,90,Later public procurement or installation signal
RTI International,34.3,Research activity,2026-09-18,2026-09-18T13:32:22+00:00,90,Later public procurement or installation signal
Universidade do Estado do Rio de Janeiro,34.3,Research activity,2026-09-18,2026-09-18T13:32:22+00:00,90,Later public procurement or installation signal
University of Jiroft,34.3,Research activity,2026-09-18,2026-09-18T13:32:22+00:00,90,Later public procurement or installation signal
Wadia Institute of Himalayan Geology Dehradun India,34.3,Research activity,2026-09-18,2026-09-18T13:32:22+00:00,90,Later public procurement or installation signal
BHP (Australia),34.2,Research activity,2026-09-18,2026-09-18T13:32:22+00:00,90,Later public procurement or installation signal
Brown University,34.2,Research activity,2026-09-18,2026-09-18T13:32:22+00:00,90,Later public procurement or installation signal
"Graduate School of Pharmaceutical Sciences, Chiba University, 1-8-1 Inohana, Chuo, Chiba, Chiba 260-8675, Japan",34.2,Research activity,2026-09-18,2026-09-18T13:32:22+00:00,90,Later public procurement or installation signal
Institute of Geology and Geophysics,34.2,Research activity,2026-09-18,2026-09-18T13:32:22+00:00,90,Later public procurement or installation signal
Istituto Zooprofilattico Sperimentale delle Regioni Lazio e Toscana,34.2,Research activity,2026-09-18,2026-09-18T13:32:22+00:00,90,Later public procurement or installation signal
Lebanese American University,34.2,Research activity,2026-09-18,2026-09-18T13:32:22+00:00,90,Later public procurement or installation signal
Maastricht University,34.2,Research activity,2026-09-18,2026-09-18T13:32:22+00:00,90,Later public procurement or installation signal
University of Bayreuth,34.2,Research activity,2026-09-18,2026-09-18T13:32:22+00:00,90,Later public procurement or installation signal
University of L'Aquila,34.2,Research activity,2026-09-18,2026-09-18T13:32:22+00:00,90,Later public procurement or installation signal
"V.S. Sobolev Institute of Geology and Mineralogy, Siberian Branch of the Russian Academy of Sciences, 3 Acad. Koptyug Avenue, 630090 Novosibirsk, Russia",34.2,Research activity,2026-09-18,2026-09-18T13:32:22+00:00,90,Later public procurement or installation signal
Forschungszentrum Jülich,34.1,Research activity,2026-09-18,2026-09-18T13:32:22+00:00,90,Later public procurement or installation signal
Nanjing Agricultural University,34.1,Research activity,2026-09-18,2026-09-18T13:32:22+00:00,90,Later public procurement or installation signal
Sechenov University,34.1,Research activity,2026-09-18,2026-09-18T13:32:22+00:00,90,Later public procurement or installation signal
Texas Tech University,34.1,Research activity,2026-09-18,2026-09-18T13:32:22+00:00,90,Later public procurement or installation signal
United States Food and Drug Administration,34.1,Research activity,2026-09-18,2026-09-18T13:32:22+00:00,90,Later public procurement or installation signal
AGH University of Krakow,34.0,Research activity,2026-09-18,2026-09-18T13:32:22+00:00,90,Later public procurement or installation signal
American University in Cairo,34.0,Research activity,2026-09-18,2026-09-18T13:32:22+00:00,90,Later public procurement or installation signal
Communication University of China,34.0,Research activity,2026-09-18,2026-09-18T13:32:22+00:00,90,Later public procurement or installation signal
"Faculty of Chemistry, University of Warsaw, ul. Pasteura 1, 02-093 Warsaw, Poland",34.0,Research activity,2026-09-18,2026-09-18T13:32:22+00:00,90,Later public procurement or installation signal
Harbin Medical University,34.0,Research activity,2026-09-18,2026-09-18T13:32:22+00:00,90,Later public procurement or installation signal
Istituto Zooprofilattico Sperimentale Della Sicilia,34.0,Research activity,2026-09-18,2026-09-18T13:32:22+00:00,90,Later public procurement or installation signal
Jorge Basadre Grohmann National University,34.0,Research activity,2026-09-18,2026-09-18T13:32:22+00:00,90,Later public procurement or installation signal
Jožef Stefan Institute,34.0,Research activity,2026-09-18,2026-09-18T13:32:22+00:00,90,Later public procurement or installation signal
King's College London,34.0,Research activity,2026-09-18,2026-09-18T13:32:22+00:00,90,Later public procurement or installation signal
MEET Battery Research Center at the University of Münster,34.0,Research activity,2026-09-18,2026-09-18T13:32:22+00:00,90,Later public procurement or installation signal
Mongolian National University,34.0,Research activity,2026-09-18,2026-09-18T13:32:22+00:00,90,Later public procurement or installation signal
Nanchang Center for Disease Control and Prevention,34.0,Research activity,2026-09-18,2026-09-18T13:32:22+00:00,90,Later public procurement or installation signal
National Institute of Metrology,34.0,Research activity,2026-09-18,2026-09-18T13:32:22+00:00,90,Later public procurement or installation signal
National Security Agency,34.0,Research activity,2026-09-18,2026-09-18T13:32:22+00:00,90,Later public procurement or installation signal
Orion Corporation (United Kingdom),34.0,Research activity,2026-09-18,2026-09-18T13:32:22+00:00,90,Later public procurement or installation signal
Semmelweis University,34.0,Research activity,2026-09-18,2026-09-18T13:32:22+00:00,90,Later public procurement or installation signal
Special Health Resources for Texas,34.0,Research activity,2026-09-18,2026-09-18T13:32:22+00:00,90,Later public procurement or installation signal
University of Bamenda,34.0,Research activity,2026-09-18,2026-09-18T13:32:22+00:00,90,Later public procurement or installation signal
University of Central Florida,34.0,Research activity,2026-09-18,2026-09-18T13:32:22+00:00,90,Later public procurement or installation signal
University of Münster,34.0,Research activity,2026-09-18,2026-09-18T13:32:22+00:00,90,Later public procurement or installation signal
University of Veterinary Medicine,34.0,Research activity,2026-09-18,2026-09-18T13:32:22+00:00,90,Later public procurement or installation signal
Wrocław University of Science and Technology,34.0,Research activity,2026-09-18,2026-09-18T13:32:22+00:00,90,Later public procurement or installation signal
Boston University,33.9,Research activity,2026-09-18,2026-09-18T13:32:22+00:00,90,Later public procurement or installation signal
Chongqing Jiaotong University,33.9,Research activity,2026-09-18,2026-09-18T13:32:22+00:00,90,Later public procurement or installation signal
"Department of Earth Resources Engineering, Faculty of Engineering, Kyushu University",33.9,Research activity,2026-09-18,2026-09-18T13:32:22+00:00,90,Later public procurement or installation signal
"Department of Physical and Chemical Sciences, University of L’Aquila, Via Vetoio snc, 67100 L’Aquila, Italy",33.9,Research activity,2026-09-18,2026-09-18T13:32:22+00:00,90,Later public procurement or installation signal
"Institute for Chemistry and Biology of the Marine Environment (ICBM), School of Mathematics and Science Carl von Ossietzky Universität Oldenburg Oldenburg Germany",33.9,Research activity,2026-09-18,2026-09-18T13:32:22+00:00,90,Later public procurement or installation signal
Luxembourg Institute of Science and Technology,33.9,Research activity,2026-09-18,2026-09-18T13:32:22+00:00,90,Later public procurement or installation signal
Massachusetts General Hospital,33.9,Research activity,2026-09-18,2026-09-18T13:32:22+00:00,90,Later public procurement or installation signal
NS Kurnakova Institute of General and Inorganic Chemistry,33.9,Research activity,2026-09-18,2026-09-18T13:32:22+00:00,90,Later public procurement or installation signal
Queensland University of Technology,33.9,Research activity,2026-09-18,2026-09-18T13:32:22+00:00,90,Later public procurement or installation signal
"School of Earth Sciences and Resources, China University of Geosciences Beijing, Beijing 100083, China",33.9,Research activity,2026-09-18,2026-09-18T13:32:22+00:00,90,Later public procurement or installation signal
School of Pedagogical and Technological Education,33.9,Research activity,2026-09-18,2026-09-18T13:32:22+00:00,90,Later public procurement or installation signal
Selçuk University,33.9,Research activity,2026-09-18,2026-09-18T13:32:22+00:00,90,Later public procurement or installation signal
"Ufa Federal Research Center, Institute of Geology, Russian Academy of Sciences, 16/2, Karl Marx Street, Ufa 450077, Russia",33.9,Research activity,2026-09-18,2026-09-18T13:32:22+00:00,90,Later public procurement or installation signal
University of Tsukuba,33.9,Research activity,2026-09-18,2026-09-18T13:32:22+00:00,90,Later public procurement or installation signal
Agricultural Research Service,33.8,Research activity,2026-09-18,2026-09-18T13:32:22+00:00,90,Later public procurement or installation signal
Chinese Academy of Tropical Agricultural Sciences,33.8,Research activity,2026-09-18,2026-09-18T13:32:22+00:00,90,Later public procurement or installation signal
"Institute of Mineral Resources, Chinese Academy of Geological Sciences, Beijing 100037, China",33.8,Research activity,2026-09-18,2026-09-18T13:32:22+00:00,90,Later public procurement or installation signal
MEDICAL COLLEGE OF WISCONSIN,33.8,Funding received,2026-09-18,2026-09-18T13:32:22+00:00,90,Later public procurement or installation signal
Medizinische Hochschule Hannover,33.8,Research activity,2026-09-18,2026-09-18T13:32:22+00:00,90,Later public procurement or installation signal
Netaji Subhas University of Technology,33.8,Research activity,2026-09-18,2026-09-18T13:32:22+00:00,90,Later public procurement or installation signal
Shakarim University,33.8,Research activity,2026-09-18,2026-09-18T13:32:22+00:00,90,Later public procurement or installation signal
TUFTS UNIVERSITY BOSTON,33.8,Funding received,2026-09-18,2026-09-18T13:32:22+00:00,90,Later public procurement or installation signal
Tehran University of Medical Sciences,33.8,Research activity,2026-09-18,2026-09-18T13:32:22+00:00,90,Later public procurement or installation signal
University of Ilorin,33.8,Research activity,2026-09-18,2026-09-18T13:32:22+00:00,90,Later public procurement or installation signal
University of New Mexico,33.8,Research activity,2026-09-18,2026-09-18T13:32:22+00:00,90,Later public procurement or installation signal
University of Saskatchewan,33.8,Research activity,2026-09-18,2026-09-18T13:32:22+00:00,90,Later public procurement or installation signal
"Bee and Natural Products R&D and P&D Application and Research Center, Bingöl University, 12000 Bingöl, Türkiye",33.7,Research activity,2026-09-18,2026-09-18T13:32:22+00:00,90,Later public procurement or installation signal
Beijing Institute of Geology for Mineral Resources,33.7,Research activity,2026-09-18,2026-09-18T13:32:22+00:00,90,Later public procurement or installation signal
Chinese Academy of Medical Sciences & Peking Union Medical College,33.7,Research activity,2026-09-18,2026-09-18T13:32:22+00:00,90,Later public procurement or installation signal
German Cancer Research Center,33.7,Research activity,2026-09-18,2026-09-18T13:32:22+00:00,90,Later public procurement or installation signal
Hemwati Nandan Bahuguna Garhwal University,33.7,Research activity,2026-09-18,2026-09-18T13:32:22+00:00,90,Later public procurement or installation signal
Institute of Spectroscopy,33.7,Research activity,2026-09-18,2026-09-18T13:32:22+00:00,90,Later public procurement or installation signal
Karlsruhe Institute of Technology,33.7,Research activity,2026-09-18,2026-09-18T13:32:22+00:00,90,Later public procurement or installation signal
Military University of Technology in Warsaw,33.7,Research activity,2026-09-18,2026-09-18T13:32:22+00:00,90,Later public procurement or installation signal
Mount Allison University,33.7,Research activity,2026-09-18,2026-09-18T13:32:22+00:00,90,Later public procurement or installation signal
Museum of London Archaeology,33.7,Research activity,2026-09-18,2026-09-18T13:32:22+00:00,90,Later public procurement or installation signal
National Cheng Kung University,33.7,Research activity,2026-09-18,2026-09-18T13:32:22+00:00,90,Later public procurement or installation signal
National Institute of Technology Calicut,33.7,Research activity,2026-09-18,2026-09-18T13:32:22+00:00,90,Later public procurement or installation signal
University of Aveiro,33.7,Research activity,2026-09-18,2026-09-18T13:32:22+00:00,90,Later public procurement or installation signal
University of Surrey,33.7,Research activity,2026-09-18,2026-09-18T13:32:22+00:00,90,Later public procurement or installation signal
University of Tehran,33.7,Research activity,2026-09-18,2026-09-18T13:32:22+00:00,90,Later public procurement or installation signal
University of Utah,33.7,Research activity,2026-09-18,2026-09-18T13:32:22+00:00,90,Later public procurement or installation signal
Colorado State University,33.6,Research activity,2026-09-18,2026-09-18T13:32:22+00:00,90,Later public procurement or installation signal
National Centre for Compositional Characterisation of Materials,33.6,Research activity,2026-09-18,2026-09-18T13:32:22+00:00,90,Later public procurement or installation signal
National Institute for Research and Development of Isotopic and Molecular Technologies,33.6,Research activity,2026-09-18,2026-09-18T13:32:22+00:00,90,Later public procurement or installation signal
"National Metrology Institute of Japan (NMIJ), National Institute of Advanced Industrial Science and Technology (AIST)",33.6,Research activity,2026-09-18,2026-09-18T13:32:22+00:00,90,Later public procurement or installation signal
PerkinElmer (United States),33.6,Research activity,2026-09-18,2026-09-18T13:32:22+00:00,90,Later public procurement or installation signal
Research Center of Applied Geology of China Geological Survey,33.6,Research activity,2026-09-18,2026-09-18T13:32:22+00:00,90,Later public procurement or installation signal
Scientific Solutions and University of North Dakota,33.6,Research activity,2026-09-18,2026-09-18T13:32:22+00:00,90,Later public procurement or installation signal
Tongji University,33.6,Research activity,2026-09-18,2026-09-18T13:32:22+00:00,90,Later public procurement or installation signal
University of Azad Jammu and Kashmir,33.6,Research activity,2026-09-18,2026-09-18T13:32:22+00:00,90,Later public procurement or installation signal
Geoscience Australia,32.6,Research activity,2026-09-18,2026-09-18T13:32:22+00:00,90,Later public procurement or installation signal
Uppsala University,32.0,Research activity,2026-09-18,2026-09-18T13:32:22+00:00,90,Later public procurement or installation signal
Institute of Precambrian Geology and Geochronology,31.8,Research activity,2026-09-18,2026-09-18T13:32:22+00:00,90,Later public procurement or installation signal
"LSRE-LCM, ALiCE, Faculty of Engineering, University of Porto, Rua Dr. Roberto Frias, 4200-465 Porto, Portugal",31.7,Research activity,2026-09-18,2026-09-18T13:32:22+00:00,90,Later public procurement or installation signal
Saveetha University,31.7,Research activity,2026-09-18,2026-09-18T13:32:22+00:00,90,Later public procurement or installation signal
"FERRIC CONTRAST,",31.6,Funding received,2026-09-18,2026-09-18T13:32:22+00:00,90,Later public procurement or installation signal
TEXAS STATE UNIVERSITY,31.6,Instrument installation,2026-09-18,2026-09-18T13:32:22+00:00,90,Later public procurement or installation signal
UNIVERSITY OF DELAWARE,31.6,Funding received,2026-09-18,2026-09-18T13:32:22+00:00,90,Later public procurement or installation signal
Shanxi Normal University,31.4,Research activity,2026-09-18,2026-09-18T13:32:22+00:00,90,Later public procurement or installation signal
Helmholtz-Zentrum Berlin für Materialien und Energie,30.5,Research activity,2026-09-18,2026-09-18T13:32:22+00:00,90,Later public procurement or installation signal
University of Rostock,30.0,Research activity,2026-09-18,2026-09-18T13:32:22+00:00,90,Later public procurement or installation signal
Walker (United States),29.9,Research activity,2026-09-18,2026-09-18T13:32:22+00:00,90,Later public procurement or installation signal
National Nuclear Center of the Republic of Kazakhstan,29.0,Research activity,2026-09-18,2026-09-18T13:32:22+00:00,90,Later public procurement or installation signal
Case Western Reserve University,28.9,Research activity,2026-09-18,2026-09-18T13:32:22+00:00,90,Later public procurement or installation signal
UCL Australia,28.5,Research activity,2026-09-18,2026-09-18T13:32:22+00:00,90,Later public procurement or installation signal
School of Geography Nanjing Normal University Nanjing 210023 China,28.2,Research activity,2026-09-18,2026-09-18T13:32:22+00:00,90,Later public procurement or installation signal
University of Urbino,28.2,Research activity,2026-09-18,2026-09-18T13:32:22+00:00,90,Later public procurement or installation signal
Florida Gulf Coast University,27.9,Research activity,2026-09-18,2026-09-18T13:32:22+00:00,90,Later public procurement or installation signal
"Former Professor, Department of Mining Engineering, Indian Institute of Kharagpur, Kharagpur - 721302, West Bengal",27.8,Research activity,2026-09-18,2026-09-18T13:32:22+00:00,90,Later public procurement or installation signal
South Valley University,27.7,Research activity,2026-09-18,2026-09-18T13:32:22+00:00,90,Later public procurement or installation signal
University of Macau,27.7,Research activity,2026-09-18,2026-09-18T13:32:22+00:00,90,Later public procurement or installation signal
"Instituto de Óptica ""Daza de Valdés""",27.2,Research activity,2026-09-18,2026-09-18T13:32:22+00:00,90,Later public procurement or installation signal
Xi'an University of Architecture and Technology,27.2,Research activity,2026-09-18,2026-09-18T13:32:22+00:00,90,Later public procurement or installation signal
Ewha Womans University,27.1,Research activity,2026-09-18,2026-09-18T13:32:22+00:00,90,Later public procurement or installation signal
"Public Health Authority of the Slovak Republic, National Reference Center for Pesticide Residues, Trnavská Street 52, 826 45 Bratislava, Slovakia",27.1,Research activity,2026-09-18,2026-09-18T13:32:22+00:00,90,Later public procurement or installation signal
ASA College,27.0,Research activity,2026-09-18,2026-09-18T13:32:22+00:00,90,Later public procurement or installation signal
Banasthali University,27.0,Research activity,2026-09-18,2026-09-18T13:32:22+00:00,90,Later public procurement or installation signal
Gopalganj Science and Technology University,27.0,Research activity,2026-09-18,2026-09-18T13:32:22+00:00,90,Later public procurement or installation signal
Shenzhen Institutes of Advanced Technology,27.0,Research activity,2026-09-18,2026-09-18T13:32:22+00:00,90,Later public procurement or installation signal
Imam Mohammad ibn Saud Islamic University,26.9,Research activity,2026-09-18,2026-09-18T13:32:22+00:00,90,Later public procurement or installation signal
Gaziantep University,26.8,Research activity,2026-09-18,2026-09-18T13:32:22+00:00,90,Later public procurement or installation signal
Nanjing University of Aeronautics and Astronautics,26.8,Research activity,2026-09-18,2026-09-18T13:32:22+00:00,90,Later public procurement or installation signal
China Jiliang University,26.7,Research activity,2026-09-18,2026-09-18T13:32:22+00:00,90,Later public procurement or installation signal
Changzhou Vocational Institute of Light Industry,26.6,Research activity,2026-09-18,2026-09-18T13:32:22+00:00,90,Later public procurement or installation signal
Manipal Academy of Higher Education,26.6,Research activity,2026-09-18,2026-09-18T13:32:22+00:00,90,Later public procurement or installation signal
Université d'Orléans,26.6,Research activity,2026-09-18,2026-09-18T13:32:22+00:00,90,Later public procurement or installation signal
NeoPhotonics (United States),26.5,Research activity,2026-09-18,2026-09-18T13:32:22+00:00,90,Later public procurement or installation signal
Rice University,26.5,Research activity,2026-09-18,2026-09-18T13:32:22+00:00,90,Later public procurement or installation signal
Universidade Federal do Rio Grande do Sul,26.5,Research activity,2026-09-18,2026-09-18T13:32:22+00:00,90,Later public procurement or installation signal
Université de Montréal,26.5,Research activity,2026-09-18,2026-09-18T13:32:22+00:00,90,Later public procurement or installation signal
Korea Institute of Geoscience and Mineral Resources,26.4,Research activity,2026-09-18,2026-09-18T13:32:22+00:00,90,Later public procurement or installation signal
Gwangju Institute of Science and Technology,26.3,Research activity,2026-09-18,2026-09-18T13:32:22+00:00,90,Later public procurement or installation signal
Jingdezhen Ceramic Institute,26.3,Research activity,2026-09-18,2026-09-18T13:32:22+00:00,90,Later public procurement or installation signal
Tohoku University,26.3,Research activity,2026-09-18,2026-09-18T13:32:22+00:00,90,Later public procurement or installation signal
James Cook University,26.2,Research activity,2026-09-18,2026-09-18T13:32:22+00:00,90,Later public procurement or installation signal
Khulna University of Engineering and Technology,26.1,Research activity,2026-09-18,2026-09-18T13:32:22+00:00,90,Later public procurement or installation signal
Universidade Federal de Ouro Preto,26.1,Research activity,2026-09-18,2026-09-18T13:32:22+00:00,90,Later public procurement or installation signal
Beijing Jiaotong University,26.0,Research activity,2026-09-18,2026-09-18T13:32:22+00:00,90,Later public procurement or installation signal
Sri Sathya Sai Institute of Higher Learning,26.0,Research activity,2026-09-18,2026-09-18T13:32:22+00:00,90,Later public procurement or installation signal
Centre de Recherches Pétrographiques et Géochimiques,25.8,Research activity,2026-09-18,2026-09-18T13:32:22+00:00,90,Later public procurement or installation signal
Turgut Özal University,25.8,Research activity,2026-09-18,2026-09-18T13:32:22+00:00,90,Later public procurement or installation signal
Bilkent University,25.7,Research activity,2026-09-18,2026-09-18T13:32:22+00:00,90,Later public procurement or installation signal
Guangxi University,25.7,Research activity,2026-09-18,2026-09-18T13:32:22+00:00,90,Later public procurement or installation signal
Queen's University Belfast,25.7,Research activity,2026-09-18,2026-09-18T13:32:22+00:00,90,Later public procurement or installation signal
Seoul National University of Education,25.7,Research activity,2026-09-18,2026-09-18T13:32:22+00:00,90,Later public procurement or installation signal
University of North Dakota,25.7,Research activity,2026-09-18,2026-09-18T13:32:22+00:00,90,Later public procurement or installation signal
Ain Shams University,25.6,Research activity,2026-09-18,2026-09-18T13:32:22+00:00,90,Later public procurement or installation signal
"Department of Regulatory Affairs, Parul Institute of Pharmacy, Parul University, Vadodara, Gujarat, India",25.6,Research activity,2026-09-18,2026-09-18T13:32:22+00:00,90,Later public procurement or installation signal
GEOMAR Helmholtz Centre for Ocean Research Kiel Kiel Germany,25.6,Research activity,2026-09-18,2026-09-18T13:32:22+00:00,90,Later public procurement or installation signal
"Institute of Physical and Chemical Testing, Shaanxi Provincial Center for Disease Control and Prevention, Xi'an, 710054, P.R. China",25.6,Research activity,2026-09-18,2026-09-18T13:32:22+00:00,90,Later public procurement or installation signal
"Laboratory of Inorganic Chemistry, Department of Chemistry and Applied Biosciences, ETH Zürich, Vladimir-Prelog-Weg 1, 8093 Zurich, Switzerland",25.6,Research activity,2026-09-18,2026-09-18T13:32:22+00:00,90,Later public procurement or installation signal
"Public Health School, Fujian Medical University, Fuzhou, China",25.6,Research activity,2026-09-18,2026-09-18T13:32:22+00:00,90,Later public procurement or installation signal
Utrecht University,25.6,Research activity,2026-09-18,2026-09-18T13:32:22+00:00,90,Later public procurement or installation signal
Wuhan University of Technology,25.6,Research activity,2026-09-18,2026-09-18T13:32:22+00:00,90,Later public procurement or installation signal
Delft University of Technology,25.5,Research activity,2026-09-18,2026-09-18T13:32:22+00:00,90,Later public procurement or installation signal
Hong Kong University of Science and Technology,25.5,Research activity,2026-09-18,2026-09-18T13:32:22+00:00,90,Later public procurement or installation signal
Schott (Germany),25.5,Research activity,2026-09-18,2026-09-18T13:32:22+00:00,90,Later public procurement or installation signal
University of Rochester,25.5,Research activity,2026-09-18,2026-09-18T13:32:22+00:00,90,Later public procurement or installation signal
First Affiliated Hospital of Xi'an Jiaotong University,25.4,Research activity,2026-09-18,2026-09-18T13:32:22+00:00,90,Later public procurement or installation signal
Fudan University,25.4,Research activity,2026-09-18,2026-09-18T13:32:22+00:00,90,Later public procurement or installation signal
Hefei National Center for Physical Sciences at Nanoscale,25.4,Research activity,2026-09-18,2026-09-18T13:32:22+00:00,90,Later public procurement or installation signal
Korea Energy Economics Institute,25.4,Research activity,2026-09-18,2026-09-18T13:32:22+00:00,90,Later public procurement or installation signal
Mahidol University,25.4,Research activity,2026-09-18,2026-09-18T13:32:22+00:00,90,Later public procurement or installation signal
Suzhou University of Science and Technology,25.4,Research activity,2026-09-18,2026-09-18T13:32:22+00:00,90,Later public procurement or installation signal
Tarim University,25.4,Research activity,2026-09-18,2026-09-18T13:32:22+00:00,90,Later public procurement or installation signal
"University of California, Davis",25.4,Research activity,2026-09-18,2026-09-18T13:32:22+00:00,90,Later public procurement or installation signal
University of Teramo,25.4,Research activity,2026-09-18,2026-09-18T13:32:22+00:00,90,Later public procurement or installation signal
Wichita State University,25.3,Research activity,2026-09-18,2026-09-18T13:32:22+00:00,90,Later public procurement or installation signal
Institute of Science and Technology Austria,25.2,Research activity,2026-09-18,2026-09-18T13:32:22+00:00,90,Later public procurement or installation signal
Nanjing University of Chinese Medicine,25.2,Research activity,2026-09-18,2026-09-18T13:32:22+00:00,90,Later public procurement or installation signal
National University of Singapore,25.2,Research activity,2026-09-18,2026-09-18T13:32:22+00:00,90,Later public procurement or installation signal
Korea Institute of Ceramic Engineering and Technology,25.1,Research activity,2026-09-18,2026-09-18T13:32:22+00:00,90,Later public procurement or installation signal
Mansoura University,25.1,Research activity,2026-09-18,2026-09-18T13:32:22+00:00,90,Later public procurement or installation signal
Nanyang Technological University,25.1,Research activity,2026-09-18,2026-09-18T13:32:22+00:00,90,Later public procurement or installation signal
Northwestern University,25.1,Research activity,2026-09-18,2026-09-18T13:32:22+00:00,90,Later public procurement or installation signal
Universiti Teknologi Petronas,25.1,Research activity,2026-09-18,2026-09-18T13:32:22+00:00,90,Later public procurement or installation signal
Fujian Medical University,25.0,Research activity,2026-09-18,2026-09-18T13:32:22+00:00,90,Later public procurement or installation signal
Institute for Energy Technology,25.0,Research activity,2026-09-18,2026-09-18T13:32:22+00:00,90,Later public procurement or installation signal
Naval University of Engineering,25.0,Research activity,2026-09-18,2026-09-18T13:32:22+00:00,90,Later public procurement or installation signal
Panjab University,25.0,Research activity,2026-09-18,2026-09-18T13:32:22+00:00,90,Later public procurement or installation signal
University of Calgary,25.0,Research activity,2026-09-18,2026-09-18T13:32:22+00:00,90,Later public procurement or installation signal
University of Delhi,25.0,Research activity,2026-09-18,2026-09-18T13:32:22+00:00,90,Later public procurement or installation signal
Anhui Water Conservancy and Hydropower Survey and Design Institute,24.9,Research activity,2026-09-18,2026-09-18T13:32:22+00:00,90,Later public procurement or installation signal
Evides (Netherlands),24.9,Instrument installation,2026-09-18,2026-09-18T13:32:22+00:00,90,Later public procurement or installation signal
"G H Raisoni College of Engineering and Technology, Nagpur, India",24.9,Research activity,2026-09-18,2026-09-18T13:32:22+00:00,90,Later public procurement or installation signal
Micron (United States),24.9,Research activity,2026-09-18,2026-09-18T13:32:22+00:00,90,Later public procurement or installation signal
Nevşehir Hacı Bektaş Veli University,24.9,Research activity,2026-09-18,2026-09-18T13:32:22+00:00,90,Later public procurement or installation signal
Northeastern University,24.9,Research activity,2026-09-18,2026-09-18T13:32:22+00:00,90,Later public procurement or installation signal
Tianjin University,24.9,Research activity,2026-09-18,2026-09-18T13:32:22+00:00,90,Later public procurement or installation signal
University of Texas MD Anderson Cancer Center,24.9,Research activity,2026-09-18,2026-09-18T13:32:22+00:00,90,Later public procurement or installation signal
British Geological Survey,24.8,Research activity,2026-09-18,2026-09-18T13:32:22+00:00,90,Later public procurement or installation signal
Anhui Medical University,24.6,Research activity,2026-09-18,2026-09-18T13:32:22+00:00,90,Later public procurement or installation signal
Department of Earth and Environmental Sciences Syracuse University Syracuse New York USA,24.6,Research activity,2026-09-18,2026-09-18T13:32:22+00:00,90,Later public procurement or installation signal
Guangdong University Of Finances and Economics,24.6,Research activity,2026-09-18,2026-09-18T13:32:22+00:00,90,Later public procurement or installation signal
Indian Institute of Technology Kanpur,24.6,Research activity,2026-09-18,2026-09-18T13:32:22+00:00,90,Later public procurement or installation signal
Johns Hopkins University,24.6,Research activity,2026-09-18,2026-09-18T13:32:22+00:00,90,Later public procurement or installation signal
Ministry of Education of the People's Republic of China,24.6,Research activity,2026-09-18,2026-09-18T13:32:22+00:00,90,Later public procurement or installation signal
Sun Yat-sen University,24.6,Research activity,2026-09-18,2026-09-18T13:32:22+00:00,90,Later public procurement or installation signal
University of Johannesburg,24.6,Research activity,2026-09-18,2026-09-18T13:32:22+00:00,90,Later public procurement or installation signal
Beijing Normal University,24.5,Research activity,2026-09-18,2026-09-18T13:32:22+00:00,90,Later public procurement or installation signal
Georgia Institute of Technology,24.5,Research activity,2026-09-18,2026-09-18T13:32:22+00:00,90,Later public procurement or installation signal
Institute of Oceanology,24.5,Research activity,2026-09-18,2026-09-18T13:32:22+00:00,90,Later public procurement or installation signal
Jinan University,24.5,Research activity,2026-09-18,2026-09-18T13:32:22+00:00,90,Later public procurement or installation signal
Lawrence Berkeley National Laboratory,24.5,Research activity,2026-09-18,2026-09-18T13:32:22+00:00,90,Later public procurement or installation signal
Shandong University,24.5,Research activity,2026-09-18,2026-09-18T13:32:22+00:00,90,Later public procurement or installation signal
South China Agricultural University,24.5,Research activity,2026-09-18,2026-09-18T13:32:22+00:00,90,Later public procurement or installation signal
University of Shahrood,24.5,Research activity,2026-09-18,2026-09-18T13:32:22+00:00,90,Later public procurement or installation signal
Central Salt and Marine Chemicals Research Institute,24.4,Research activity,2026-09-18,2026-09-18T13:32:22+00:00,90,Later public procurement or installation signal
City University of Hong Kong,24.4,Research activity,2026-09-18,2026-09-18T13:32:22+00:00,90,Later public procurement or installation signal
Helwan University,24.4,Research activity,2026-09-18,2026-09-18T13:32:22+00:00,90,Later public procurement or installation signal
North-West University,24.4,Research activity,2026-09-18,2026-09-18T13:32:22+00:00,90,Later public procurement or installation signal
South China University of Technology,24.4,Research activity,2026-09-18,2026-09-18T13:32:22+00:00,90,Later public procurement or installation signal
Swiss Federal Institute of Aquatic Science and Technology,24.4,Research activity,2026-09-18,2026-09-18T13:32:22+00:00,90,Later public procurement or installation signal
University of California San Diego,24.4,Research activity,2026-09-18,2026-09-18T13:32:22+00:00,90,Later public procurement or installation signal
University of Cambridge,24.4,Research activity,2026-09-18,2026-09-18T13:32:22+00:00,90,Later public procurement or installation signal
University of Nottingham,24.4,Research activity,2026-09-18,2026-09-18T13:32:22+00:00,90,Later public procurement or installation signal
University of Science and Technology Beijing,24.4,Research activity,2026-09-18,2026-09-18T13:32:22+00:00,90,Later public procurement or installation signal
University of Venda,24.4,Research activity,2026-09-18,2026-09-18T13:32:22+00:00,90,Later public procurement or installation signal
Università Cattolica del Sacro Cuore,24.4,Research activity,2026-09-18,2026-09-18T13:32:22+00:00,90,Later public procurement or installation signal
Wenzhou University,24.4,Research activity,2026-09-18,2026-09-18T13:32:22+00:00,90,Later public procurement or installation signal
Wolaita Sodo University,24.4,Research activity,2026-09-18,2026-09-18T13:32:22+00:00,90,Later public procurement or installation signal
Ariel University,24.3,Research activity,2026-09-18,2026-09-18T13:32:22+00:00,90,Later public procurement or installation signal
Hebrew University of Jerusalem,24.3,Research activity,2026-09-18,2026-09-18T13:32:22+00:00,90,Later public procurement or installation signal
Indian Institute of Technology Madras,24.3,Research activity,2026-09-18,2026-09-18T13:32:22+00:00,90,Later public procurement or installation signal
Institut de Recerca en Energia de Catalunya,24.3,Research activity,2026-09-18,2026-09-18T13:32:22+00:00,90,Later public procurement or installation signal
Institute of Physics,24.3,Research activity,2026-09-18,2026-09-18T13:32:22+00:00,90,Later public procurement or installation signal
Banaras Hindu University,24.2,Research activity,2026-09-18,2026-09-18T13:32:22+00:00,90,Later public procurement or installation signal
Chinese Academy of Agricultural Sciences,24.2,Research activity,2026-09-18,2026-09-18T13:32:22+00:00,90,Later public procurement or installation signal
Jilin University,24.2,Research activity,2026-09-18,2026-09-18T13:32:22+00:00,90,Later public procurement or installation signal
Qingdao University of Science and Technology,24.2,Research activity,2026-09-18,2026-09-18T13:32:22+00:00,90,Later public procurement or installation signal
University of Pittsburgh,24.2,Instrument installation,2026-09-18,2026-09-18T13:32:22+00:00,90,Later public procurement or installation signal
Wuhan National Laboratory for Optoelectronics,24.2,Research activity,2026-09-18,2026-09-18T13:32:22+00:00,90,Later public procurement or installation signal
Cardinal Health (United States),24.1,Research activity,2026-09-18,2026-09-18T13:32:22+00:00,90,Later public procurement or installation signal
Hunan University,24.1,Research activity,2026-09-18,2026-09-18T13:32:22+00:00,90,Later public procurement or installation signal
Leibniz Institute for Catalysis,24.1,Research activity,2026-09-18,2026-09-18T13:32:22+00:00,90,Later public procurement or installation signal
Mansfield University,24.1,Research activity,2026-09-18,2026-09-18T13:32:22+00:00,90,Later public procurement or installation signal
North Carolina State University,24.1,Research activity,2026-09-18,2026-09-18T13:32:22+00:00,90,Later public procurement or installation signal
Stanford University,24.1,Research activity,2026-09-18,2026-09-18T13:32:22+00:00,90,Later public procurement or installation signal
Tallinn University of Technology,24.1,Research activity,2026-09-18,2026-09-18T13:32:22+00:00,90,Later public procurement or installation signal
University of Florida,24.1,Research activity,2026-09-18,2026-09-18T13:32:22+00:00,90,Later public procurement or installation signal
University of Southern California,24.1,Research activity,2026-09-18,2026-09-18T13:32:22+00:00,90,Later public procurement or installation signal
University of Sri Jayewardenepura,24.1,Research activity,2026-09-18,2026-09-18T13:32:22+00:00,90,Later public procurement or installation signal
Wichita Falls Independent School District,24.1,Research activity,2026-09-18,2026-09-18T13:32:22+00:00,90,Later public procurement or installation signal
Bar-Ilan University,24.0,Research activity,2026-09-18,2026-09-18T13:32:22+00:00,90,Later public procurement or installation signal
Chengdu University,24.0,Research activity,2026-09-18,2026-09-18T13:32:22+00:00,90,Later public procurement or installation signal
China Architecture Design & Research Group (China),24.0,Research activity,2026-09-18,2026-09-18T13:32:22+00:00,90,Later public procurement or installation signal
"Chinese University of Hong Kong, Shenzhen",24.0,Research activity,2026-09-18,2026-09-18T13:32:22+00:00,90,Later public procurement or installation signal
Indian Institute of Science Bangalore,24.0,Research activity,2026-09-18,2026-09-18T13:32:22+00:00,90,Later public procurement or installation signal
Jahrom University of Medical Sciences,24.0,Research activity,2026-09-18,2026-09-18T13:32:22+00:00,90,Later public procurement or installation signal
National Taipei University of Technology,24.0,Research activity,2026-09-18,2026-09-18T13:32:22+00:00,90,Later public procurement or installation signal
Shanghai Ninth People's Hospital,24.0,Research activity,2026-09-18,2026-09-18T13:32:22+00:00,90,Later public procurement or installation signal
Tianjin University of Technology,24.0,Research activity,2026-09-18,2026-09-18T13:32:22+00:00,90,Later public procurement or installation signal
Universidade Nova de Lisboa,24.0,Research activity,2026-09-18,2026-09-18T13:32:22+00:00,90,Later public procurement or installation signal
University of Alberta,24.0,Research activity,2026-09-18,2026-09-18T13:32:22+00:00,90,Later public procurement or installation signal
University of Louisville,24.0,Research activity,2026-09-18,2026-09-18T13:32:22+00:00,90,Later public procurement or installation signal
Accadis Hochschule Bad Homburg,23.9,Research activity,2026-09-18,2026-09-18T13:32:22+00:00,90,Later public procurement or installation signal
Nanjing Hydraulic Research Institute,23.9,Research activity,2026-09-18,2026-09-18T13:32:22+00:00,90,Later public procurement or installation signal
Punjab Engineering College,23.9,Research activity,2026-09-18,2026-09-18T13:32:22+00:00,90,Later public procurement or installation signal
Ruhr University Bochum,23.9,Research activity,2026-09-18,2026-09-18T13:32:22+00:00,90,Later public procurement or installation signal
University of Massachusetts Amherst,23.9,Research activity,2026-09-18,2026-09-18T13:32:22+00:00,90,Later public procurement or installation signal
Federal Institute For Materials Research and Testing,93.1,Research activity,2026-09-19,2026-09-19T21:16:57+00:00,90,Later public procurement or installation signal
Centre National de la Recherche Scientifique,92.8,Research activity,2026-09-19,2026-09-19T21:16:57+00:00,90,Later public procurement or installation signal
China University of Geosciences,91.8,Research activity,2026-09-19,2026-09-19T21:16:57+00:00,90,Later public procurement or installation signal
China University of Geosciences (Beijing),90.8,Research activity,2026-09-19,2026-09-19T21:16:57+00:00,90,Later public procurement or installation signal
Charles University,90.1,Research activity,2026-09-19,2026-09-19T21:16:57+00:00,90,Later public procurement or installation signal
Chinese Academy of Sciences,88.9,Research activity,2026-09-19,2026-09-19T21:16:57+00:00,90,Later public procurement or installation signal
Montanuniversität Leoben,85.1,Instrument installation,2026-09-19,2026-09-19T21:16:57+00:00,90,Later public procurement or installation signal
Sichuan University,84.5,Research activity,2026-09-19,2026-09-19T21:16:57+00:00,90,Later public procurement or installation signal
ETH Zurich,84.0,Research activity,2026-09-19,2026-09-19T21:16:57+00:00,90,Later public procurement or installation signal
Universidad de Oviedo,83.6,Research activity,2026-09-19,2026-09-19T21:16:57+00:00,90,Later public procurement or installation signal
University of Insubria,80.3,Research activity,2026-09-19,2026-09-19T21:16:57+00:00,90,Later public procurement or installation signal
Kunming University of Science and Technology,78.8,Research activity,2026-09-19,2026-09-19T21:16:57+00:00,90,Later public procurement or installation signal
UNIVERSITY OF PITTSBURGH AT PITTSBURGH,77.7,Funding received,2026-09-19,2026-09-19T21:16:57+00:00,90,Later public procurement or installation signal
University of Geneva,75.4,Research activity,2026-09-19,2026-09-19T21:16:57+00:00,90,Later public procurement or installation signal
RUTGERS BIOMEDICAL AND HEALTH SCIENCES,75.0,Funding received,2026-09-19,2026-09-19T21:16:57+00:00,90,Later public procurement or installation signal
Northwest University,74.3,Research activity,2026-09-19,2026-09-19T21:16:57+00:00,90,Later public procurement or installation signal
Paul Scherrer Institute,73.5,Research activity,2026-09-19,2026-09-19T21:16:57+00:00,90,Later public procurement or installation signal
JOHNS HOPKINS UNIVERSITY,73.4,Funding received,2026-09-19,2026-09-19T21:16:57+00:00,90,Later public procurement or installation signal
Seoul National University,72.8,Research activity,2026-09-19,2026-09-19T21:16:57+00:00,90,Later public procurement or installation signal
Goethe University Frankfurt,72.3,Research activity,2026-09-19,2026-09-19T21:16:57+00:00,90,Later public procurement or installation signal
Universidade Federal de Santa Maria,71.7,Research activity,2026-09-19,2026-09-19T21:16:57+00:00,90,Later public procurement or installation signal
Universidad de Zaragoza,71.2,Research activity,2026-09-19,2026-09-19T21:16:57+00:00,90,Later public procurement or installation signal
"UNIVERSITY OF CALIFORNIA, SAN FRANCISCO",69.7,Funding received,2026-09-19,2026-09-19T21:16:57+00:00,90,Later public procurement or installation signal
University of North Carolina at Chapel Hill,68.4,Research activity,2026-09-19,2026-09-19T21:16:57+00:00,90,Later public procurement or installation signal
Jagiellonian University,67.9,Research activity,2026-09-19,2026-09-19T21:16:57+00:00,90,Later public procurement or installation signal
University of Queensland,67.6,Research activity,2026-09-19,2026-09-19T21:16:57+00:00,90,Later public procurement or installation signal
IMEC,66.2,Research activity,2026-09-19,2026-09-19T21:16:57+00:00,90,Later public procurement or installation signal
BOSTON UNIVERSITY MEDICAL CAMPUS,65.6,Funding received,2026-09-19,2026-09-19T21:16:57+00:00,90,Later public procurement or installation signal
BAYLOR COLLEGE OF MEDICINE,65.0,Funding received,2026-09-19,2026-09-19T21:16:57+00:00,90,Later public procurement or installation signal
Yonsei University,64.0,Research activity,2026-09-19,2026-09-19T21:16:57+00:00,90,Later public procurement or installation signal
Pacific Northwest National Laboratory,63.6,Research activity,2026-09-19,2026-09-19T21:16:57+00:00,90,Later public procurement or installation signal
University of Ljubljana,62.8,Research activity,2026-09-19,2026-09-19T21:16:57+00:00,90,Later public procurement or installation signal
"University of Toronto (Toronto, Canada)",62.8,Research activity,2026-09-19,2026-09-19T21:16:57+00:00,90,Later public procurement or installation signal
University of Science and Technology of China,62.0,Research activity,2026-09-19,2026-09-19T21:16:57+00:00,90,Later public procurement or installation signal
"Adelaide University (Adelaide, Australia)",61.8,Research activity,2026-09-19,2026-09-19T21:16:57+00:00,90,Later public procurement or installation signal
Zhengzhou University,61.7,Research activity,2026-09-19,2026-09-19T21:16:57+00:00,90,Later public procurement or installation signal
UNIVERSITY OF MASSACHUSETTS AMHERST,61.2,Funding received,2026-09-19,2026-09-19T21:16:57+00:00,90,Later public procurement or installation signal
Bayerisches Landesamt für Umwelt,60.9,Research activity,2026-09-19,2026-09-19T21:16:57+00:00,90,Later public procurement or installation signal
DUKE UNIVERSITY,60.3,Funding received,2026-09-19,2026-09-19T21:16:57+00:00,90,Later public procurement or installation signal
Koneru Lakshmaiah Education Foundation,59.6,Research activity,2026-09-19,2026-09-19T21:16:57+00:00,90,Later public procurement or installation signal
State Key Laboratory of Geological Processes and Mineral Resources,59.4,Research activity,2026-09-19,2026-09-19T21:16:57+00:00,90,Later public procurement or installation signal
Shanghai Jiao Tong University,59.3,Research activity,2026-09-19,2026-09-19T21:16:57+00:00,90,Later public procurement or installation signal
University of St Andrews,59.2,Research activity,2026-09-19,2026-09-19T21:16:57+00:00,90,Later public procurement or installation signal
"Department of Petroleum Geosciences, Science Faculty, Soran University, Erbil 4400, Iraq",59.1,Research activity,2026-09-19,2026-09-19T21:16:57+00:00,90,Later public procurement or installation signal
NORTHWESTERN UNIVERSITY,59.0,Funding received,2026-09-19,2026-09-19T21:16:57+00:00,90,Later public procurement or installation signal
Masaryk University,58.8,Research activity,2026-09-19,2026-09-19T21:16:57+00:00,90,Later public procurement or installation signal
University of Graz,58.8,Research activity,2026-09-19,2026-09-19T21:16:57+00:00,90,Later public procurement or installation signal
WEILL MEDICAL COLL OF CORNELL UNIV,58.7,Funding received,2026-09-19,2026-09-19T21:16:57+00:00,90,Later public procurement or installation signal
UNIV OF ARKANSAS FOR MED SCIS,58.6,Funding received,2026-09-19,2026-09-19T21:16:57+00:00,90,Later public procurement or installation signal
Palacký University Olomouc,58.4,Research activity,2026-09-19,2026-09-19T21:16:57+00:00,90,Later public procurement or installation signal
University of Technology Sydney,58.4,Research activity,2026-09-19,2026-09-19T21:16:57+00:00,90,Later public procurement or installation signal
VANDERBILT UNIVERSITY,58.4,Funding received,2026-09-19,2026-09-19T21:16:57+00:00,90,Later public procurement or installation signal
National Research Council Canada,58.3,Research activity,2026-09-19,2026-09-19T21:16:57+00:00,90,Later public procurement or installation signal
CEDARS-SINAI MEDICAL CENTER,58.1,Funding received,2026-09-19,2026-09-19T21:16:57+00:00,90,Later public procurement or installation signal
KU Leuven,58.1,Research activity,2026-09-19,2026-09-19T21:16:57+00:00,90,Later public procurement or installation signal
University of Birmingham,58.1,Research activity,2026-09-19,2026-09-19T21:16:57+00:00,90,Later public procurement or installation signal
Concordia University,58.0,Research activity,2026-09-19,2026-09-19T21:16:57+00:00,90,Later public procurement or installation signal
"TU Wien, Institute of Chemical Technologies and Analytics, Getreidemarkt 9/164, 1060 Vienna, Austria",58.0,Research activity,2026-09-19,2026-09-19T21:16:57+00:00,90,Later public procurement or installation signal
Northwestern Polytechnical University,57.9,Research activity,2026-09-19,2026-09-19T21:16:57+00:00,90,Later public procurement or installation signal
VIRGINIA COMMONWEALTH UNIVERSITY,57.7,Funding received,2026-09-19,2026-09-19T21:16:57+00:00,90,Later public procurement or installation signal
COLUMBIA UNIVERSITY HEALTH SCIENCES,57.4,Funding received,2026-09-19,2026-09-19T21:16:57+00:00,90,Later public procurement or installation signal
École Polytechnique Fédérale de Lausanne,57.2,Research activity,2026-09-19,2026-09-19T21:16:57+00:00,90,Later public procurement or installation signal
Capital Medical University,57.2,Research activity,2026-09-19,2026-09-19T21:16:57+00:00,90,Later public procurement or installation signal
TU Wien,57.2,Research activity,2026-09-19,2026-09-19T21:16:57+00:00,90,Later public procurement or installation signal
Chiba University,56.9,Research activity,2026-09-19,2026-09-19T21:16:57+00:00,90,Later public procurement or installation signal
Southern University of Science and Technology,56.7,Research activity,2026-09-19,2026-09-19T21:16:57+00:00,90,Later public procurement or installation signal
Ghent University,56.7,Research activity,2026-09-19,2026-09-19T21:16:57+00:00,90,Later public procurement or installation signal
"School of Gemology, China University of Geosciences Beijing, 29 Xue Yuan Road, Beijing 100083, China",56.7,Research activity,2026-09-19,2026-09-19T21:16:57+00:00,90,Later public procurement or installation signal
UNIVERSITY OF NEW MEXICO HEALTH SCIS CTR,56.1,Funding received,2026-09-19,2026-09-19T21:16:57+00:00,90,Later public procurement or installation signal
SINTEF,53.4,Research activity,2026-09-19,2026-09-19T21:16:57+00:00,90,Later public procurement or installation signal
Helmholtz Institute Erlangen-Nürnberg,52.1,Research activity,2026-09-19,2026-09-19T21:16:57+00:00,90,Later public procurement or installation signal
Chengdu University of Technology,51.8,Research activity,2026-09-19,2026-09-19T21:16:57+00:00,90,Later public procurement or installation signal
China University of Mining and Technology,51.7,Research activity,2026-09-19,2026-09-19T21:16:57+00:00,90,Later public procurement or installation signal
Al-Farabi Kazakh National University,51.6,Research activity,2026-09-19,2026-09-19T21:16:57+00:00,90,Later public procurement or installation signal
Bangladesh Council of Scientific and Industrial Research,51.6,Research activity,2026-09-19,2026-09-19T21:16:57+00:00,90,Later public procurement or installation signal
University of Toronto,51.5,Research activity,2026-09-19,2026-09-19T21:16:57+00:00,90,Later public procurement or installation signal
Van Yüzüncü Yıl Üniversitesi,51.4,Research activity,2026-09-19,2026-09-19T21:16:57+00:00,90,Later public procurement or installation signal
INSTITUTUL NATIONAL DE CERCETARE-DEZVOLTARE PENTRU GEOLOGIE SI GEOECOLOGIE MARINA GEOECOMAR,51.4,Active tender,2026-09-19,2026-09-19T21:16:57+00:00,90,Later public procurement or installation signal
Universiti Putra Malaysia,51.0,Research activity,2026-09-19,2026-09-19T21:16:57+00:00,90,Later public procurement or installation signal
Yunnan University,50.7,Research activity,2026-09-19,2026-09-19T21:16:57+00:00,90,Later public procurement or installation signal
Hefei University of Technology,50.5,Research activity,2026-09-19,2026-09-19T21:16:57+00:00,90,Later public procurement or installation signal
University of Tasmania,50.1,Research activity,2026-09-19,2026-09-19T21:16:57+00:00,90,Later public procurement or installation signal
University of Oxford,49.9,Research activity,2026-09-19,2026-09-19T21:16:57+00:00,90,Later public procurement or installation signal
Central European Institute of Technology,49.8,Research activity,2026-09-19,2026-09-19T21:16:57+00:00,90,Later public procurement or installation signal
Valahia University of Targoviste,49.7,Research activity,2026-09-19,2026-09-19T21:16:57+00:00,90,Later public procurement or installation signal
Guangdong University of Technology,47.0,Research activity,2026-09-19,2026-09-19T21:16:57+00:00,90,Later public procurement or installation signal
Université du Québec à Chicoutimi,46.7,Research activity,2026-09-19,2026-09-19T21:16:57+00:00,90,Later public procurement or installation signal
Beijing Institute of Technology,45.8,Research activity,2026-09-19,2026-09-19T21:16:57+00:00,90,Later public procurement or installation signal
NEW YORK UNIVERSITY,45.6,Funding received,2026-09-19,2026-09-19T21:16:57+00:00,90,Later public procurement or installation signal
H. LEE MOFFITT CANCER CTR & RES INST,45.4,Funding received,2026-09-19,2026-09-19T21:16:57+00:00,90,Later public procurement or installation signal
MASSACHUSETTS GENERAL HOSPITAL,45.4,Funding received,2026-09-19,2026-09-19T21:16:57+00:00,90,Later public procurement or installation signal
STATE UNIVERSITY OF NEW YORK AT BUFFALO,45.4,Funding received,2026-09-19,2026-09-19T21:16:57+00:00,90,Later public procurement or installation signal
Kyushu University,45.0,Research activity,2026-09-19,2026-09-19T21:16:57+00:00,90,Later public procurement or installation signal
Ministry of Education,44.7,Research activity,2026-09-19,2026-09-19T21:16:57+00:00,90,Later public procurement or installation signal
National Geophysical Research Institute,44.7,Research activity,2026-09-19,2026-09-19T21:16:57+00:00,90,Later public procurement or installation signal
UNIVERSITY OF KENTUCKY,44.2,Funding received,2026-09-19,2026-09-19T21:16:57+00:00,90,Later public procurement or installation signal
Zhejiang University of Technology,44.0,Research activity,2026-09-19,2026-09-19T21:16:57+00:00,90,Later public procurement or installation signal
Korea Advanced Institute of Science and Technology,43.7,Research activity,2026-09-19,2026-09-19T21:16:57+00:00,90,Later public procurement or installation signal
Pohang University of Science and Technology,43.7,Research activity,2026-09-19,2026-09-19T21:16:57+00:00,90,Later public procurement or installation signal
Argonne National Laboratory,43.2,Research activity,2026-09-19,2026-09-19T21:16:57+00:00,90,Later public procurement or installation signal
Nankai University,42.8,Research activity,2026-09-19,2026-09-19T21:16:57+00:00,90,Later public procurement or installation signal
Hong Kong Polytechnic University,42.7,Research activity,2026-09-19,2026-09-19T21:16:57+00:00,90,Later public procurement or installation signal
Jiangsu University,42.3,Research activity,2026-09-19,2026-09-19T21:16:57+00:00,90,Later public procurement or installation signal
Qatar University,42.3,Research activity,2026-09-19,2026-09-19T21:16:57+00:00,90,Later public procurement or installation signal
MICHIGAN STATE UNIVERSITY,40.8,Funding received,2026-09-19,2026-09-19T21:16:57+00:00,90,Later public procurement or installation signal
UNIVERSITY OF WASHINGTON,40.0,Funding received,2026-09-19,2026-09-19T21:16:57+00:00,90,Later public procurement or installation signal
HENRY FORD HEALTH + MICHIGAN STATE UNIVERSITY HEALTH SCIENCES,39.9,Funding received,2026-09-19,2026-09-19T21:16:57+00:00,90,Later public procurement or installation signal
"State Key Laboratory of Palaeobiology and Stratigraphy, Nanjing Institute of Geology and Palaeontology Chinese Academy of Sciences Nanjing China",39.7,Research activity,2026-09-19,2026-09-19T21:16:57+00:00,90,Later public procurement or installation signal
South Dakota School of Mines and Technology,39.6,Research activity,2026-09-19,2026-09-19T21:16:57+00:00,90,Later public procurement or installation signal
"TESLA-Analytical Chemistry, Institute of Chemistry",39.6,Research activity,2026-09-19,2026-09-19T21:16:57+00:00,90,Later public procurement or installation signal
Johnson Matthey (United Kingdom),39.5,Research activity,2026-09-19,2026-09-19T21:16:57+00:00,90,Later public procurement or installation signal
La Trobe University,39.5,Research activity,2026-09-19,2026-09-19T21:16:57+00:00,90,Later public procurement or installation signal
Curtin University,39.4,Research activity,2026-09-19,2026-09-19T21:16:57+00:00,90,Later public procurement or installation signal
DARTMOUTH COLLEGE,39.4,Funding received,2026-09-19,2026-09-19T21:16:57+00:00,90,Later public procurement or installation signal
Yıldız Technical University,39.4,Research activity,2026-09-19,2026-09-19T21:16:57+00:00,90,Later public procurement or installation signal
"Department of Earth Sciences, Durham University, Durham DH1 3LE, UK",39.2,Research activity,2026-09-19,2026-09-19T21:16:57+00:00,90,Later public procurement or installation signal
"Institute of Nuclear Physics, Polish Academy of Sciences",39.2,Research activity,2026-09-19,2026-09-19T21:16:57+00:00,90,Later public procurement or installation signal
Utkal University,39.2,Research activity,2026-09-19,2026-09-19T21:16:57+00:00,90,Later public procurement or installation signal
UNIVERSITY OF CALIFORNIA AT DAVIS,39.0,Funding received,2026-09-19,2026-09-19T21:16:57+00:00,90,Later public procurement or installation signal
Centers for Disease Control and Prevention,38.9,Research activity,2026-09-19,2026-09-19T21:16:57+00:00,90,Later public procurement or installation signal
Forest Research Institute,38.9,Research activity,2026-09-19,2026-09-19T21:16:57+00:00,90,Later public procurement or installation signal
Graz University of Technology,38.9,Research activity,2026-09-19,2026-09-19T21:16:57+00:00,90,Later public procurement or installation signal
Khadicha Sulaymonova Republican Center of Forensic Expertise,38.9,Research activity,2026-09-19,2026-09-19T21:16:57+00:00,90,Later public procurement or installation signal
Kennesaw State University,38.8,Research activity,2026-09-19,2026-09-19T21:16:57+00:00,90,Later public procurement or installation signal
"Medical–Scientific Department , LifeLabs Medical Laboratory Services , Toronto , ON , Canada",38.7,Research activity,2026-09-19,2026-09-19T21:16:57+00:00,90,Later public procurement or installation signal
"Université Laval , , 1045, avenue de la Médecine, Pavillon Alexandre-Vachon",38.7,Research activity,2026-09-19,2026-09-19T21:16:57+00:00,90,Later public procurement or installation signal
"Faculty of Chemistry, Adam Mickiewicz University, Uniwersytetu Poznańskiego 8, 61-614 Poznan, Poland",38.6,Research activity,2026-09-19,2026-09-19T21:16:57+00:00,90,Later public procurement or installation signal
National Institute of Advanced Industrial Science and Technology,38.6,Research activity,2026-09-19,2026-09-19T21:16:57+00:00,90,Later public procurement or installation signal
"Department of Physics, Debre Markos University, Debre Markos, Ethiopia",38.4,Research activity,2026-09-19,2026-09-19T21:16:57+00:00,90,Later public procurement or installation signal
United States Geological Survey,38.4,Research activity,2026-09-19,2026-09-19T21:16:57+00:00,90,Later public procurement or installation signal
Indian Institute of Technology Ropar,38.3,Research activity,2026-09-19,2026-09-19T21:16:57+00:00,90,Later public procurement or installation signal
"Laboratoire de radioécologie, Département de chimie, Faculté des sciences et de génie, Université Laval, 1045, avenue de la Médecine, Pavillon Alexandre-Vachon, Québec G1V 0A6, Canada",38.3,Research activity,2026-09-19,2026-09-19T21:16:57+00:00,90,Later public procurement or installation signal
ChronusCamp Research – Isotope Geology Laboratory - Itapira,38.2,Research activity,2026-09-19,2026-09-19T21:16:57+00:00,90,Later public procurement or installation signal
De Montfort University,38.2,Research activity,2026-09-19,2026-09-19T21:16:57+00:00,90,Later public procurement or installation signal
"Department of Chemistry, Faculty of Science, Gakushuin University",38.2,Research activity,2026-09-19,2026-09-19T21:16:57+00:00,90,Later public procurement or installation signal
"EcotoQ, INRS-Eau Terre Environnement, 490 de la Couronne, Québec, Québec G1K 9A9, Canada",38.1,Research activity,2026-09-19,2026-09-19T21:16:57+00:00,90,Later public procurement or installation signal
University of British Columbia,37.9,Research activity,2026-09-19,2026-09-19T21:16:57+00:00,90,Later public procurement or installation signal
Clemson University,37.8,Research activity,2026-09-19,2026-09-19T21:16:57+00:00,90,Later public procurement or installation signal
Directorate of Medicinal and Aromatic Plants Research,37.8,Research activity,2026-09-19,2026-09-19T21:16:57+00:00,90,Later public procurement or installation signal
Universidade Estadual de Campinas (UNICAMP),37.8,Research activity,2026-09-19,2026-09-19T21:16:57+00:00,90,Later public procurement or installation signal
Ahsanullah University of Science and Technology,37.7,Research activity,2026-09-19,2026-09-19T21:16:57+00:00,90,Later public procurement or installation signal
"College of Earth and Planetary Sciences, Chengdu University of Technology, Chengdu 610059, China",37.7,Research activity,2026-09-19,2026-09-19T21:16:57+00:00,90,Later public procurement or installation signal
"Department of Chemistry & Biochemistry, Rowan University, Glassboro, New Jersey, United States",37.7,Research activity,2026-09-19,2026-09-19T21:16:57+00:00,90,Later public procurement or installation signal
"Moscow University ""Synergy""; 80 B, building 3 Leningradsky Prospekt, Moscow, 125315, Russian Federation",37.7,Research activity,2026-09-19,2026-09-19T21:16:57+00:00,90,Later public procurement or installation signal
Hospital Virgen de los Lirios,37.5,Research activity,2026-09-19,2026-09-19T21:16:57+00:00,90,Later public procurement or installation signal
Japan Agency for Marine-Earth Science and Technology,37.5,Research activity,2026-09-19,2026-09-19T21:16:57+00:00,90,Later public procurement or installation signal
University of Trieste,37.4,Research activity,2026-09-19,2026-09-19T21:16:57+00:00,90,Later public procurement or installation signal
"Air Liquide Balazs, 46409 Landing Pkwy,Fremont,CA,USA,94538",37.3,Research activity,2026-09-19,2026-09-19T21:16:57+00:00,90,Later public procurement or installation signal
"Department of Chemistry, Andhra University, Visakhapatnam, 530003, Andhra Pradesh, India. 1Dr Reddy’s Labs, Hyderabad, Telangana, India",37.3,Research activity,2026-09-19,2026-09-19T21:16:57+00:00,90,Later public procurement or installation signal
"Institute of Environmental Engineering, The Faculty of Environmental Engineering and Geodesy, Wrocław University of Environmental and Life Sciences, Grunwaldzki Square 24, 50-363 Wrocław, Poland",37.3,Research activity,2026-09-19,2026-09-19T21:16:57+00:00,90,Later public procurement or installation signal
Erzincan Binali Yıldırım University,37.2,Research activity,2026-09-19,2026-09-19T21:16:57+00:00,90,Later public procurement or installation signal
"Czech Academy of Sciences, Institute of Inorganic Chemistry",37.1,Research activity,2026-09-19,2026-09-19T21:16:57+00:00,90,Later public procurement or installation signal
Indian Institute of Technology Kharagpur,37.1,Research activity,2026-09-19,2026-09-19T21:16:57+00:00,90,Later public procurement or installation signal
Savannah River National Laboratory,37.1,Research activity,2026-09-19,2026-09-19T21:16:57+00:00,90,Later public procurement or installation signal
Tsinghua University,37.1,Research activity,2026-09-19,2026-09-19T21:16:57+00:00,90,Later public procurement or installation signal
Universidad Nacional de Córdoba,37.0,Research activity,2026-09-19,2026-09-19T21:16:57+00:00,90,Later public procurement or installation signal
University College Dublin,37.0,Research activity,2026-09-19,2026-09-19T21:16:57+00:00,90,Later public procurement or installation signal
"Geochemical Research Center, The University of Tokyo",36.9,Research activity,2026-09-19,2026-09-19T21:16:57+00:00,90,Later public procurement or installation signal
University of Kashan,36.7,Research activity,2026-09-19,2026-09-19T21:16:57+00:00,90,Later public procurement or installation signal
University of Tokyo,36.6,Research activity,2026-09-19,2026-09-19T21:16:57+00:00,90,Later public procurement or installation signal
Fraunhofer Institute for Photonic Microsystems,36.5,Research activity,2026-09-19,2026-09-19T21:16:57+00:00,90,Later public procurement or installation signal
Kazakh National Agrarian Research University,36.5,Research activity,2026-09-19,2026-09-19T21:16:57+00:00,90,Later public procurement or installation signal
Medical University of Lublin,36.5,Research activity,2026-09-19,2026-09-19T21:16:57+00:00,90,Later public procurement or installation signal
Michigan State University,36.5,Research activity,2026-09-19,2026-09-19T21:16:57+00:00,90,Later public procurement or installation signal
Northern (Arctic) Federal University,36.5,Research activity,2026-09-19,2026-09-19T21:16:57+00:00,90,Later public procurement or installation signal
Wilson College,36.5,Research activity,2026-09-19,2026-09-19T21:16:57+00:00,90,Later public procurement or installation signal
"HARRAN ÜNİVERSİTESİ, ECZACILIK FAKÜLTESİ",36.4,Research activity,2026-09-19,2026-09-19T21:16:57+00:00,90,Later public procurement or installation signal
Hanyang University,36.4,Research activity,2026-09-19,2026-09-19T21:16:57+00:00,90,Later public procurement or installation signal
King Fahd University of Petroleum and Minerals,36.4,Research activity,2026-09-19,2026-09-19T21:16:57+00:00,90,Later public procurement or installation signal
Mindanao State University – Iligan Institute of Technology,36.3,Research activity,2026-09-19,2026-09-19T21:16:57+00:00,90,Later public procurement or installation signal
"Department of Chemistry, Faculty of Science and Literature Bingöl University Bingöl Türkiye",36.2,Research activity,2026-09-19,2026-09-19T21:16:57+00:00,90,Later public procurement or installation signal
Ministry of Natural Resources,36.2,Research activity,2026-09-19,2026-09-19T21:16:57+00:00,90,Later public procurement or installation signal
Moss Landing Marine Laboratories,36.2,Research activity,2026-09-19,2026-09-19T21:16:57+00:00,90,Later public procurement or installation signal
Anhui Agricultural University,36.1,Research activity,2026-09-19,2026-09-19T21:16:57+00:00,90,Later public procurement or installation signal
"Department of Physical and Analytical Chemistry, Faculty of Chemistry, University of Oviedo, c/Julián Clavería 8, Oviedo 33006, Spain",36.1,Research activity,2026-09-19,2026-09-19T21:16:57+00:00,90,Later public procurement or installation signal
National University College,36.1,Research activity,2026-09-19,2026-09-19T21:16:57+00:00,90,Later public procurement or installation signal
Prokhorov General Physics Institute,36.1,Research activity,2026-09-19,2026-09-19T21:16:57+00:00,90,Later public procurement or installation signal
Institute of Geochemistry,36.0,Research activity,2026-09-19,2026-09-19T21:16:57+00:00,90,Later public procurement or installation signal
Iran University of Science and Technology,36.0,Research activity,2026-09-19,2026-09-19T21:16:57+00:00,90,Later public procurement or installation signal
Japan Radioisotope Association,36.0,Research activity,2026-09-19,2026-09-19T21:16:57+00:00,90,Later public procurement or installation signal
Jawaharlal Nehru Tropical Botanic Garden and Research Institute,36.0,Research activity,2026-09-19,2026-09-19T21:16:57+00:00,90,Later public procurement or installation signal
Nanjing Institute of Agricultural Mechanization,36.0,Research activity,2026-09-19,2026-09-19T21:16:57+00:00,90,Later public procurement or installation signal
Amgen (United States),35.9,Research activity,2026-09-19,2026-09-19T21:16:57+00:00,90,Later public procurement or installation signal
"Faculty of Science, The University of Hongkong, Pokfulam, Hong Kong",35.9,Research activity,2026-09-19,2026-09-19T21:16:57+00:00,90,Later public procurement or installation signal
Linköping University,35.9,Research activity,2026-09-19,2026-09-19T21:16:57+00:00,90,Later public procurement or installation signal
"MABSWITCH,",35.9,Funding received,2026-09-19,2026-09-19T21:16:57+00:00,90,Later public procurement or installation signal
UNIVERSITY OF MICHIGAN AT ANN ARBOR,35.9,Funding received,2026-09-19,2026-09-19T21:16:57+00:00,90,Later public procurement or installation signal
UNIVERSITY OF MINNESOTA,35.9,Funding received,2026-09-19,2026-09-19T21:16:57+00:00,90,Later public procurement or installation signal
Universidade Federal de São Paulo,35.9,Research activity,2026-09-19,2026-09-19T21:16:57+00:00,90,Later public procurement or installation signal
BETH ISRAEL DEACONESS MEDICAL CENTER,35.8,Funding received,2026-09-19,2026-09-19T21:16:57+00:00,90,Later public procurement or installation signal
EDI THERAPEUTICS,35.8,Funding received,2026-09-19,2026-09-19T21:16:57+00:00,90,Later public procurement or installation signal
Instytut Chemii i Techniki Jądrowej,35.8,Research activity,2026-09-19,2026-09-19T21:16:57+00:00,90,Later public procurement or installation signal
M.Auezov South Kazakhstan State University,35.8,Research activity,2026-09-19,2026-09-19T21:16:57+00:00,90,Later public procurement or installation signal
NORTH CAROLINA STATE UNIVERSITY RALEIGH,35.8,Funding received,2026-09-19,2026-09-19T21:16:57+00:00,90,Later public procurement or installation signal
RESEARCH INST NATIONWIDE CHILDREN'S HOSP,35.8,Funding received,2026-09-19,2026-09-19T21:16:57+00:00,90,Later public procurement or installation signal
ROSWELL PARK CANCER INSTITUTE,35.8,Funding received,2026-09-19,2026-09-19T21:16:57+00:00,90,Later public procurement or installation signal
STANFORD UNIVERSITY,35.8,Funding received,2026-09-19,2026-09-19T21:16:57+00:00,90,Later public procurement or installation signal
TIBURON BIO,35.8,Funding received,2026-09-19,2026-09-19T21:16:57+00:00,90,Later public procurement or installation signal
UNIVERSITY OF PENNSYLVANIA,35.8,Funding received,2026-09-19,2026-09-19T21:16:57+00:00,90,Later public procurement or installation signal
UNIVERSITY OF WISCONSIN-MADISON,35.8,Funding received,2026-09-19,2026-09-19T21:16:57+00:00,90,Later public procurement or installation signal
University of Belgrade,35.8,Research activity,2026-09-19,2026-09-19T21:16:57+00:00,90,Later public procurement or installation signal
WASHINGTON UNIVERSITY,35.8,Funding received,2026-09-19,2026-09-19T21:16:57+00:00,90,Later public procurement or installation signal
YALE UNIVERSITY,35.8,Funding received,2026-09-19,2026-09-19T21:16:57+00:00,90,Later public procurement or installation signal
COLORADO STATE UNIVERSITY,35.7,Funding received,2026-09-19,2026-09-19T21:16:57+00:00,90,Later public procurement or installation signal
China Geological Survey,35.7,Research activity,2026-09-19,2026-09-19T21:16:57+00:00,90,Later public procurement or installation signal
Kumasi Technical University,35.7,Research activity,2026-09-19,2026-09-19T21:16:57+00:00,90,Later public procurement or installation signal
"Lawrence Livermore National Laboratory (LLNL), Livermore, CA (United States)",35.7,Research activity,2026-09-19,2026-09-19T21:16:57+00:00,90,Later public procurement or installation signal
Bharathidasan University,35.6,Research activity,2026-09-19,2026-09-19T21:16:57+00:00,90,Later public procurement or installation signal
Geological Survey of India,35.6,Research activity,2026-09-19,2026-09-19T21:16:57+00:00,90,Later public procurement or installation signal
Hebei University of Technology,35.6,Research activity,2026-09-19,2026-09-19T21:16:57+00:00,90,Later public procurement or installation signal
National Institute of Health Sciences,35.6,Research activity,2026-09-19,2026-09-19T21:16:57+00:00,90,Later public procurement or installation signal
Chinese Academy of Geological Sciences,35.5,Research activity,2026-09-19,2026-09-19T21:16:57+00:00,90,Later public procurement or installation signal
Czech Geological Survey,35.5,Research activity,2026-09-19,2026-09-19T21:16:57+00:00,90,Later public procurement or installation signal
National Nuclear Energy Agency of Indonesia,35.5,Instrument installation,2026-09-19,2026-09-19T21:16:57+00:00,90,Later public procurement or installation signal
"University of California, Irvine",35.5,Research activity,2026-09-19,2026-09-19T21:16:57+00:00,90,Later public procurement or installation signal
Australian Resources Research Centre,35.4,Research activity,2026-09-19,2026-09-19T21:16:57+00:00,90,Later public procurement or installation signal
Center for Food Safety and Applied Nutrition,35.4,Research activity,2026-09-19,2026-09-19T21:16:57+00:00,90,Later public procurement or installation signal
Charotar University of Science and Technology,35.4,Research activity,2026-09-19,2026-09-19T21:16:57+00:00,90,Later public procurement or installation signal
Giresun University,35.4,Research activity,2026-09-19,2026-09-19T21:16:57+00:00,90,Later public procurement or installation signal
Griffith University,35.4,Research activity,2026-09-19,2026-09-19T21:16:57+00:00,90,Later public procurement or installation signal
Universidad Privada San Juan Bautista,35.4,Research activity,2026-09-19,2026-09-19T21:16:57+00:00,90,Later public procurement or installation signal
Universiti Sains Malaysia,35.4,Research activity,2026-09-19,2026-09-19T21:16:57+00:00,90,Later public procurement or installation signal
Universität Hamburg,35.4,Research activity,2026-09-19,2026-09-19T21:16:57+00:00,90,Later public procurement or installation signal
Zhejiang University,35.4,Research activity,2026-09-19,2026-09-19T21:16:57+00:00,90,Later public procurement or installation signal
Imperial College London,35.3,Research activity,2026-09-19,2026-09-19T21:16:57+00:00,90,Later public procurement or installation signal
Indian Institute of Toxicology Research,35.3,Research activity,2026-09-19,2026-09-19T21:16:57+00:00,90,Later public procurement or installation signal
Kuban State University,35.3,Research activity,2026-09-19,2026-09-19T21:16:57+00:00,90,Later public procurement or installation signal
South Carolina Department of Natural Resources,35.3,Research activity,2026-09-19,2026-09-19T21:16:57+00:00,90,Later public procurement or installation signal
State Key Laboratory of Pollution Control and Resource Reuse,35.3,Research activity,2026-09-19,2026-09-19T21:16:57+00:00,90,Later public procurement or installation signal
Arizona State University,35.2,Research activity,2026-09-19,2026-09-19T21:16:57+00:00,90,Later public procurement or installation signal
Auburn University,35.2,Research activity,2026-09-19,2026-09-19T21:16:57+00:00,90,Later public procurement or installation signal
Bhabha Atomic Research Centre,35.2,Research activity,2026-09-19,2026-09-19T21:16:57+00:00,90,Later public procurement or installation signal
"Chinese Academy of Geological Sciences, National Research Center for Geoanalysis, Beijing 100037, China",35.2,Research activity,2026-09-19,2026-09-19T21:16:57+00:00,90,Later public procurement or installation signal
"Department of Chemistry, Loughborough University, Epinal Way, Loughborough, Leicestershire, LE11 3TU, UK",35.2,Research activity,2026-09-19,2026-09-19T21:16:57+00:00,90,Later public procurement or installation signal
Department of Geology University of Tartu Tartu Estonia,35.2,Research activity,2026-09-19,2026-09-19T21:16:57+00:00,90,Later public procurement or installation signal
"Department of Geoscience, Institute of Geotechnology and Mineral Resources, Clausthal University of Technology, Adolph-Roemer-Str. 2A, 38678 Clausthal-Zellerfeld, Germany",35.2,Research activity,2026-09-19,2026-09-19T21:16:57+00:00,90,Later public procurement or installation signal
"Division for Chronological Research, Institute for Space-Earth Environmental Research, Nagoya University, Furo-cho, Chikusa-ku, Nagoya 464-8601, Japan",35.2,Research activity,2026-09-19,2026-09-19T21:16:57+00:00,90,Later public procurement or installation signal
Friends United,35.2,Research activity,2026-09-19,2026-09-19T21:16:57+00:00,90,Later public procurement or installation signal
"Graduate School of Pharmaceutical Sciences, Chiba University, 1-8-1 Inohana, Chuo, Chiba 260-8675, Japan",35.2,Research activity,2026-09-19,2026-09-19T21:16:57+00:00,90,Later public procurement or installation signal
"Guizhou University, China",35.2,Research activity,2026-09-19,2026-09-19T21:16:57+00:00,90,Later public procurement or installation signal
"Indiana University School of Medicine , Indianapolis, Indiana",35.2,Research activity,2026-09-19,2026-09-19T21:16:57+00:00,90,Later public procurement or installation signal
"Institute of Geosciences, Goethe University Frankfurt, Frankfurt am Main, Germany",35.2,Research activity,2026-09-19,2026-09-19T21:16:57+00:00,90,Later public procurement or installation signal
"Merck & Co., Inc., Rahway, NJ, USA (United States)",35.2,Research activity,2026-09-19,2026-09-19T21:16:57+00:00,90,Later public procurement or installation signal
"Oak Ridge National Laboratory, Oak Ridge, Tennessee, USA",35.2,Research activity,2026-09-19,2026-09-19T21:16:57+00:00,90,Later public procurement or installation signal
"School of Ocean & Earth Sciences, University of Southampton, National Oceanography Centre, European Way, Southampton, SO14 3ZH, UK",35.2,Research activity,2026-09-19,2026-09-19T21:16:57+00:00,90,Later public procurement or installation signal
"Scientific Instrument Center, Shanxi University, 92 Wucheng Road, Taiyuan, Shanxi, 030006, People's Republic of China",35.2,Research activity,2026-09-19,2026-09-19T21:16:57+00:00,90,Later public procurement or installation signal
"State Key Laboratory of Geological Processes and Mineral Resources, China University of Geosciences, Wuhan, 430074, PR China",35.2,Research activity,2026-09-19,2026-09-19T21:16:57+00:00,90,Later public procurement or installation signal
"State Key Laboratory of Lithospheric Evolution and Environmental Coevolution, School of Earth and Space Sciences, University of Science and Technology of China, Hefei, Anhui, China",35.2,Research activity,2026-09-19,2026-09-19T21:16:57+00:00,90,Later public procurement or installation signal
"State Key Laboratory of Lithospheric and Environmental Coevolution, Institute of Geology and Geophysics, Chinese Academy of Sciences, Beijing, 100029, P.R. China",35.2,Research activity,2026-09-19,2026-09-19T21:16:57+00:00,90,Later public procurement or installation signal
"TRACES, UMR 5608, CNRS, Université Toulouse Jean Jaurès, Ministère de la Culture, EHESS, INRAP, Maison de la Recherche, 5 allées Antonio Machado, F 31058 Toulouse Cedex 9, France",35.2,Research activity,2026-09-19,2026-09-19T21:16:57+00:00,90,Later public procurement or installation signal
"U.S. Geological Survey, Denver Federal Center , Denver, CO",35.2,Research activity,2026-09-19,2026-09-19T21:16:57+00:00,90,Later public procurement or installation signal
Universidad Complutense de Madrid,35.2,Research activity,2026-09-19,2026-09-19T21:16:57+00:00,90,Later public procurement or installation signal
University of Bern,35.2,Research activity,2026-09-19,2026-09-19T21:16:57+00:00,90,Later public procurement or installation signal
"University of Chemistry and Technology, Prague",35.2,Research activity,2026-09-19,2026-09-19T21:16:57+00:00,90,Later public procurement or installation signal
"Department of Physical and Analytical Chemistry, Faculty of Chemistry, University of Oviedo, Julián Clavería 8, 33006 Oviedo, Spain",35.1,Research activity,2026-09-19,2026-09-19T21:16:57+00:00,90,Later public procurement or installation signal
Manisa Celal Bayar University,35.1,Research activity,2026-09-19,2026-09-19T21:16:57+00:00,90,Later public procurement or installation signal
Peking University,35.1,Research activity,2026-09-19,2026-09-19T21:16:57+00:00,90,Later public procurement or installation signal
Shanghai University of Medicine and Health Sciences,35.1,Research activity,2026-09-19,2026-09-19T21:16:57+00:00,90,Later public procurement or installation signal
Universidade de Santiago de Compostela,35.1,Research activity,2026-09-19,2026-09-19T21:16:57+00:00,90,Later public procurement or installation signal
Vellore Institute of Technology University,35.1,Research activity,2026-09-19,2026-09-19T21:16:57+00:00,90,Later public procurement or installation signal
Inonu University,35.0,Research activity,2026-09-19,2026-09-19T21:16:57+00:00,90,Later public procurement or installation signal
Institute of Geographic Sciences and Natural Resources Research,35.0,Research activity,2026-09-19,2026-09-19T21:16:57+00:00,90,Later public procurement or installation signal
Jordan University of Science and Technology,35.0,Research activity,2026-09-19,2026-09-19T21:16:57+00:00,90,Later public procurement or installation signal
Pusan National University,35.0,Research activity,2026-09-19,2026-09-19T21:16:57+00:00,90,Later public procurement or installation signal
Toronto Metropolitan University,35.0,Research activity,2026-09-19,2026-09-19T21:16:57+00:00,90,Later public procurement or installation signal
UNIVERSITY OF CHICAGO,35.0,Funding received,2026-09-19,2026-09-19T21:16:57+00:00,90,Later public procurement or installation signal
UNIVERSITY OF MISSISSIPPI MED CTR,35.0,Funding received,2026-09-19,2026-09-19T21:16:57+00:00,90,Later public procurement or installation signal
Universitat Autònoma de Barcelona,35.0,Research activity,2026-09-19,2026-09-19T21:16:57+00:00,90,Later public procurement or installation signal
University of Michigan,35.0,Research activity,2026-09-19,2026-09-19T21:16:57+00:00,90,Later public procurement or installation signal
Xinjiang Institute of Ecology and Geography,35.0,Research activity,2026-09-19,2026-09-19T21:16:57+00:00,90,Later public procurement or installation signal
Air Liquide (United States),34.9,Research activity,2026-09-19,2026-09-19T21:16:57+00:00,90,Later public procurement or installation signal
College of Marine Living Resource Sciences and Management Shanghai Ocean University Shanghai China,34.9,Research activity,2026-09-19,2026-09-19T21:16:57+00:00,90,Later public procurement or installation signal
Federal Institute of Hydrology,34.9,Research activity,2026-09-19,2026-09-19T21:16:57+00:00,90,Later public procurement or installation signal
Hebei University of Engineering,34.9,Research activity,2026-09-19,2026-09-19T21:16:57+00:00,90,Later public procurement or installation signal
Institut polytechnique de Grenoble,34.9,Research activity,2026-09-19,2026-09-19T21:16:57+00:00,90,Later public procurement or installation signal
"Moscow University ""Synergy""; 80 b/3 Leningradsky Prospekt, Moscow, 125315, Russian Federation",34.9,Research activity,2026-09-19,2026-09-19T21:16:57+00:00,90,Later public procurement or installation signal
National Institute of Chemistry,34.9,Research activity,2026-09-19,2026-09-19T21:16:57+00:00,90,Later public procurement or installation signal
Qlab Analytical Laboratory (Greece),34.9,Research activity,2026-09-19,2026-09-19T21:16:57+00:00,90,Later public procurement or installation signal
University of Chinese Academy of Sciences,34.9,Research activity,2026-09-19,2026-09-19T21:16:57+00:00,90,Later public procurement or installation signal
Flemish Institute for Technological Research,34.8,Research activity,2026-09-19,2026-09-19T21:16:57+00:00,90,Later public procurement or installation signal
Izmir Institute of Technology,34.8,Research activity,2026-09-19,2026-09-19T21:16:57+00:00,90,Later public procurement or installation signal
Kashan University of Medical Sciences,34.8,Research activity,2026-09-19,2026-09-19T21:16:57+00:00,90,Later public procurement or installation signal
Universidade do Porto,34.8,Research activity,2026-09-19,2026-09-19T21:16:57+00:00,90,Later public procurement or installation signal
University of Amsterdam,34.8,Research activity,2026-09-19,2026-09-19T21:16:57+00:00,90,Later public procurement or installation signal
University of Szeged,34.8,Research activity,2026-09-19,2026-09-19T21:16:57+00:00,90,Later public procurement or installation signal
Consejo Nacional de Investigaciones Científicas y Técnicas,34.7,Research activity,2026-09-19,2026-09-19T21:16:57+00:00,90,Later public procurement or installation signal
"Istanbul University-Cerrahpasa Institute of Forensic Sciences and Legal Medicine, Department of Science, Buyukcekmece, Istanbul, Turkey",34.7,Research activity,2026-09-19,2026-09-19T21:16:57+00:00,90,Later public procurement or installation signal
N. I. Lobachevsky State University of Nizhny Novgorod,34.7,Research activity,2026-09-19,2026-09-19T21:16:57+00:00,90,Later public procurement or installation signal
National Institute for Bioprocessing Research and Training,34.7,Research activity,2026-09-19,2026-09-19T21:16:57+00:00,90,Later public procurement or installation signal
Roma Tre University,34.7,Instrument installation,2026-09-19,2026-09-19T21:16:57+00:00,90,Later public procurement or installation signal
State Key Laboratory of Oncogene and Related Genes,34.7,Research activity,2026-09-19,2026-09-19T21:16:57+00:00,90,Later public procurement or installation signal
University of Adelaide,34.7,Research activity,2026-09-19,2026-09-19T21:16:57+00:00,90,Later public procurement or installation signal
University of Massachusetts Lowell,34.7,Research activity,2026-09-19,2026-09-19T21:16:57+00:00,90,Later public procurement or installation signal
Uttarakhand Open University,34.7,Research activity,2026-09-19,2026-09-19T21:16:57+00:00,90,Later public procurement or installation signal
Wake Forest University,34.7,Research activity,2026-09-19,2026-09-19T21:16:57+00:00,90,Later public procurement or installation signal
Universitat de Barcelona,34.6,Research activity,2026-09-19,2026-09-19T21:16:57+00:00,90,Later public procurement or installation signal
University of Manchester,34.6,Research activity,2026-09-19,2026-09-19T21:16:57+00:00,90,Later public procurement or installation signal
Anhui University,34.5,Research activity,2026-09-19,2026-09-19T21:16:57+00:00,90,Later public procurement or installation signal
Beijing University of Technology,34.5,Research activity,2026-09-19,2026-09-19T21:16:57+00:00,90,Later public procurement or installation signal
Chang'an University,34.5,Research activity,2026-09-19,2026-09-19T21:16:57+00:00,90,Later public procurement or installation signal
Chongqing Medical University,34.5,Research activity,2026-09-19,2026-09-19T21:16:57+00:00,90,Later public procurement or installation signal
Guangzhou Institute of Geochemistry,34.5,Research activity,2026-09-19,2026-09-19T21:16:57+00:00,90,Later public procurement or installation signal
Istituto per il Sistema Produzione Animale in Ambiente Mediterraneo,34.5,Research activity,2026-09-19,2026-09-19T21:16:57+00:00,90,Later public procurement or installation signal
Planetary Science Institute,34.5,Research activity,2026-09-19,2026-09-19T21:16:57+00:00,90,Later public procurement or installation signal
Tomas Bata University in Zlín,34.5,Research activity,2026-09-19,2026-09-19T21:16:57+00:00,90,Later public procurement or installation signal
Universidad Nacional de Río Cuarto,34.5,Research activity,2026-09-19,2026-09-19T21:16:57+00:00,90,Later public procurement or installation signal
Universitat Politècnica de Catalunya,34.5,Research activity,2026-09-19,2026-09-19T21:16:57+00:00,90,Later public procurement or installation signal
"Zhengzhou Institutes of Multipurpose Utilization of Mineral Resource, China Academy of Geological Sciences, Zhengzhou 450006, China",34.5,Research activity,2026-09-19,2026-09-19T21:16:57+00:00,90,Later public procurement or installation signal
Ca' Foscari University of Venice,34.4,Research activity,2026-09-19,2026-09-19T21:16:57+00:00,90,Later public procurement or installation signal
Centre for Palaeogenetics,34.4,Research activity,2026-09-19,2026-09-19T21:16:57+00:00,90,Later public procurement or installation signal
MONTANA STATE UNIVERSITY - BOZEMAN,34.4,Funding received,2026-09-19,2026-09-19T21:16:57+00:00,90,Later public procurement or installation signal
"Maharishi School of Pharmaceutical Sciences, Maharishi University of Information Technology, Lucknow - 226013, Uttar Pradesh, India",34.4,Research activity,2026-09-19,2026-09-19T21:16:57+00:00,90,Later public procurement or installation signal
"Ordos Institute of Technology, Ordos 017010, China",34.4,Research activity,2026-09-19,2026-09-19T21:16:57+00:00,90,Later public procurement or installation signal
Siberian Research Institute of Agriculture and Peat,34.4,Research activity,2026-09-19,2026-09-19T21:16:57+00:00,90,Later public procurement or installation signal
Tunis El Manar University,34.4,Research activity,2026-09-19,2026-09-19T21:16:57+00:00,90,Later public procurement or installation signal
UNIVERSITY OF VIRGINIA,34.4,Funding received,2026-09-19,2026-09-19T21:16:57+00:00,90,Later public procurement or installation signal
Agilent Technologies,34.3,Research activity,2026-09-19,2026-09-19T21:16:57+00:00,90,Later public procurement or installation signal
"B.K. Mody Government Pharmacy College, Polytechnic Campus, Near Aji Dam, Rajkot, Gujarat, India, Postal Code: 360003",34.3,Research activity,2026-09-19,2026-09-19T21:16:57+00:00,90,Later public procurement or installation signal
Ben-Gurion University of the Negev,34.3,Research activity,2026-09-19,2026-09-19T21:16:57+00:00,90,Later public procurement or installation signal
Brandon University,34.3,Research activity,2026-09-19,2026-09-19T21:16:57+00:00,90,Later public procurement or installation signal
Central South University,34.3,Research activity,2026-09-19,2026-09-19T21:16:57+00:00,90,Later public procurement or installation signal
Eurofins Nihon Soken K.K,34.3,Research activity,2026-09-19,2026-09-19T21:16:57+00:00,90,Later public procurement or installation signal
"Institute for Space-Earth Environmental Research, Nagoya University",34.3,Research activity,2026-09-19,2026-09-19T21:16:57+00:00,90,Later public procurement or installation signal
Johannes Kepler University of Linz,34.3,Research activity,2026-09-19,2026-09-19T21:16:57+00:00,90,Later public procurement or installation signal
Korea University of Technology and Education,34.3,Research activity,2026-09-19,2026-09-19T21:16:57+00:00,90,Later public procurement or installation signal
National United University,34.3,Research activity,2026-09-19,2026-09-19T21:16:57+00:00,90,Later public procurement or installation signal
RTI International,34.3,Research activity,2026-09-19,2026-09-19T21:16:57+00:00,90,Later public procurement or installation signal
Universidade do Estado do Rio de Janeiro,34.3,Research activity,2026-09-19,2026-09-19T21:16:57+00:00,90,Later public procurement or installation signal
University of Jiroft,34.3,Research activity,2026-09-19,2026-09-19T21:16:57+00:00,90,Later public procurement or installation signal
Wadia Institute of Himalayan Geology Dehradun India,34.3,Research activity,2026-09-19,2026-09-19T21:16:57+00:00,90,Later public procurement or installation signal
BHP (Australia),34.2,Research activity,2026-09-19,2026-09-19T21:16:57+00:00,90,Later public procurement or installation signal
Brown University,34.2,Research activity,2026-09-19,2026-09-19T21:16:57+00:00,90,Later public procurement or installation signal
"Graduate School of Pharmaceutical Sciences, Chiba University, 1-8-1 Inohana, Chuo, Chiba, Chiba 260-8675, Japan",34.2,Research activity,2026-09-19,2026-09-19T21:16:57+00:00,90,Later public procurement or installation signal
Institute of Geology and Geophysics,34.2,Research activity,2026-09-19,2026-09-19T21:16:57+00:00,90,Later public procurement or installation signal
Istituto Zooprofilattico Sperimentale delle Regioni Lazio e Toscana,34.2,Research activity,2026-09-19,2026-09-19T21:16:57+00:00,90,Later public procurement or installation signal
Lebanese American University,34.2,Research activity,2026-09-19,2026-09-19T21:16:57+00:00,90,Later public procurement or installation signal
Maastricht University,34.2,Research activity,2026-09-19,2026-09-19T21:16:57+00:00,90,Later public procurement or installation signal
University of Bayreuth,34.2,Research activity,2026-09-19,2026-09-19T21:16:57+00:00,90,Later public procurement or installation signal
University of L'Aquila,34.2,Research activity,2026-09-19,2026-09-19T21:16:57+00:00,90,Later public procurement or installation signal
"V.S. Sobolev Institute of Geology and Mineralogy, Siberian Branch of the Russian Academy of Sciences, 3 Acad. Koptyug Avenue, 630090 Novosibirsk, Russia",34.2,Research activity,2026-09-19,2026-09-19T21:16:57+00:00,90,Later public procurement or installation signal
Nanjing Agricultural University,34.1,Research activity,2026-09-19,2026-09-19T21:16:57+00:00,90,Later public procurement or installation signal
Sechenov University,34.1,Research activity,2026-09-19,2026-09-19T21:16:57+00:00,90,Later public procurement or installation signal
Texas Tech University,34.1,Research activity,2026-09-19,2026-09-19T21:16:57+00:00,90,Later public procurement or installation signal
United States Food and Drug Administration,34.1,Research activity,2026-09-19,2026-09-19T21:16:57+00:00,90,Later public procurement or installation signal
AGH University of Krakow,34.0,Research activity,2026-09-19,2026-09-19T21:16:57+00:00,90,Later public procurement or installation signal
American University in Cairo,34.0,Research activity,2026-09-19,2026-09-19T21:16:57+00:00,90,Later public procurement or installation signal
Communication University of China,34.0,Research activity,2026-09-19,2026-09-19T21:16:57+00:00,90,Later public procurement or installation signal
"Faculty of Chemistry, University of Warsaw, ul. Pasteura 1, 02-093 Warsaw, Poland",34.0,Research activity,2026-09-19,2026-09-19T21:16:57+00:00,90,Later public procurement or installation signal
Forschungszentrum Jülich,34.0,Research activity,2026-09-19,2026-09-19T21:16:57+00:00,90,Later public procurement or installation signal
Harbin Medical University,34.0,Research activity,2026-09-19,2026-09-19T21:16:57+00:00,90,Later public procurement or installation signal
Istituto Zooprofilattico Sperimentale Della Sicilia,34.0,Research activity,2026-09-19,2026-09-19T21:16:57+00:00,90,Later public procurement or installation signal
Jorge Basadre Grohmann National University,34.0,Research activity,2026-09-19,2026-09-19T21:16:57+00:00,90,Later public procurement or installation signal
Jožef Stefan Institute,34.0,Research activity,2026-09-19,2026-09-19T21:16:57+00:00,90,Later public procurement or installation signal
King's College London,34.0,Research activity,2026-09-19,2026-09-19T21:16:57+00:00,90,Later public procurement or installation signal
MEET Battery Research Center at the University of Münster,34.0,Research activity,2026-09-19,2026-09-19T21:16:57+00:00,90,Later public procurement or installation signal
Mongolian National University,34.0,Research activity,2026-09-19,2026-09-19T21:16:57+00:00,90,Later public procurement or installation signal
Nanchang Center for Disease Control and Prevention,34.0,Research activity,2026-09-19,2026-09-19T21:16:57+00:00,90,Later public procurement or installation signal
National Institute of Metrology,34.0,Research activity,2026-09-19,2026-09-19T21:16:57+00:00,90,Later public procurement or installation signal
National Security Agency,34.0,Research activity,2026-09-19,2026-09-19T21:16:57+00:00,90,Later public procurement or installation signal
Orion Corporation (United Kingdom),34.0,Research activity,2026-09-19,2026-09-19T21:16:57+00:00,90,Later public procurement or installation signal
Semmelweis University,34.0,Research activity,2026-09-19,2026-09-19T21:16:57+00:00,90,Later public procurement or installation signal
Special Health Resources for Texas,34.0,Research activity,2026-09-19,2026-09-19T21:16:57+00:00,90,Later public procurement or installation signal
University of Bamenda,34.0,Research activity,2026-09-19,2026-09-19T21:16:57+00:00,90,Later public procurement or installation signal
University of Central Florida,34.0,Research activity,2026-09-19,2026-09-19T21:16:57+00:00,90,Later public procurement or installation signal
University of Münster,34.0,Research activity,2026-09-19,2026-09-19T21:16:57+00:00,90,Later public procurement or installation signal
University of Veterinary Medicine,34.0,Research activity,2026-09-19,2026-09-19T21:16:57+00:00,90,Later public procurement or installation signal
Wrocław University of Science and Technology,34.0,Research activity,2026-09-19,2026-09-19T21:16:57+00:00,90,Later public procurement or installation signal
Boston University,33.9,Research activity,2026-09-19,2026-09-19T21:16:57+00:00,90,Later public procurement or installation signal
Chongqing Jiaotong University,33.9,Research activity,2026-09-19,2026-09-19T21:16:57+00:00,90,Later public procurement or installation signal
"Department of Earth Resources Engineering, Faculty of Engineering, Kyushu University",33.9,Research activity,2026-09-19,2026-09-19T21:16:57+00:00,90,Later public procurement or installation signal
"Department of Physical and Chemical Sciences, University of L’Aquila, Via Vetoio snc, 67100 L’Aquila, Italy",33.9,Research activity,2026-09-19,2026-09-19T21:16:57+00:00,90,Later public procurement or installation signal
"Institute for Chemistry and Biology of the Marine Environment (ICBM), School of Mathematics and Science Carl von Ossietzky Universität Oldenburg Oldenburg Germany",33.9,Research activity,2026-09-19,2026-09-19T21:16:57+00:00,90,Later public procurement or installation signal
Luxembourg Institute of Science and Technology,33.9,Research activity,2026-09-19,2026-09-19T21:16:57+00:00,90,Later public procurement or installation signal
Massachusetts General Hospital,33.9,Research activity,2026-09-19,2026-09-19T21:16:57+00:00,90,Later public procurement or installation signal
NS Kurnakova Institute of General and Inorganic Chemistry,33.9,Research activity,2026-09-19,2026-09-19T21:16:57+00:00,90,Later public procurement or installation signal
Queensland University of Technology,33.9,Research activity,2026-09-19,2026-09-19T21:16:57+00:00,90,Later public procurement or installation signal
"School of Earth Sciences and Resources, China University of Geosciences Beijing, Beijing 100083, China",33.9,Research activity,2026-09-19,2026-09-19T21:16:57+00:00,90,Later public procurement or installation signal
School of Pedagogical and Technological Education,33.9,Research activity,2026-09-19,2026-09-19T21:16:57+00:00,90,Later public procurement or installation signal
Selçuk University,33.9,Research activity,2026-09-19,2026-09-19T21:16:57+00:00,90,Later public procurement or installation signal
"Ufa Federal Research Center, Institute of Geology, Russian Academy of Sciences, 16/2, Karl Marx Street, Ufa 450077, Russia",33.9,Research activity,2026-09-19,2026-09-19T21:16:57+00:00,90,Later public procurement or installation signal
University of Tsukuba,33.9,Research activity,2026-09-19,2026-09-19T21:16:57+00:00,90,Later public procurement or installation signal
Agricultural Research Service,33.8,Research activity,2026-09-19,2026-09-19T21:16:57+00:00,90,Later public procurement or installation signal
Chinese Academy of Tropical Agricultural Sciences,33.8,Research activity,2026-09-19,2026-09-19T21:16:57+00:00,90,Later public procurement or installation signal
"Institute of Mineral Resources, Chinese Academy of Geological Sciences, Beijing 100037, China",33.8,Research activity,2026-09-19,2026-09-19T21:16:57+00:00,90,Later public procurement or installation signal
MEDICAL COLLEGE OF WISCONSIN,33.8,Funding received,2026-09-19,2026-09-19T21:16:57+00:00,90,Later public procurement or installation signal
Medizinische Hochschule Hannover,33.8,Research activity,2026-09-19,2026-09-19T21:16:57+00:00,90,Later public procurement or installation signal
Netaji Subhas University of Technology,33.8,Research activity,2026-09-19,2026-09-19T21:16:57+00:00,90,Later public procurement or installation signal
Shakarim University,33.8,Research activity,2026-09-19,2026-09-19T21:16:57+00:00,90,Later public procurement or installation signal
TUFTS UNIVERSITY BOSTON,33.8,Funding received,2026-09-19,2026-09-19T21:16:57+00:00,90,Later public procurement or installation signal
Tehran University of Medical Sciences,33.8,Research activity,2026-09-19,2026-09-19T21:16:57+00:00,90,Later public procurement or installation signal
University of Ilorin,33.8,Research activity,2026-09-19,2026-09-19T21:16:57+00:00,90,Later public procurement or installation signal
University of New Mexico,33.8,Research activity,2026-09-19,2026-09-19T21:16:57+00:00,90,Later public procurement or installation signal
University of Saskatchewan,33.8,Research activity,2026-09-19,2026-09-19T21:16:57+00:00,90,Later public procurement or installation signal
"Bee and Natural Products R&D and P&D Application and Research Center, Bingöl University, 12000 Bingöl, Türkiye",33.7,Research activity,2026-09-19,2026-09-19T21:16:57+00:00,90,Later public procurement or installation signal
Beijing Institute of Geology for Mineral Resources,33.7,Research activity,2026-09-19,2026-09-19T21:16:57+00:00,90,Later public procurement or installation signal
Chinese Academy of Medical Sciences & Peking Union Medical College,33.7,Research activity,2026-09-19,2026-09-19T21:16:57+00:00,90,Later public procurement or installation signal
German Cancer Research Center,33.7,Research activity,2026-09-19,2026-09-19T21:16:57+00:00,90,Later public procurement or installation signal
Hemwati Nandan Bahuguna Garhwal University,33.7,Research activity,2026-09-19,2026-09-19T21:16:57+00:00,90,Later public procurement or installation signal
Institute of Spectroscopy,33.7,Research activity,2026-09-19,2026-09-19T21:16:57+00:00,90,Later public procurement or installation signal
Karlsruhe Institute of Technology,33.7,Research activity,2026-09-19,2026-09-19T21:16:57+00:00,90,Later public procurement or installation signal
Military University of Technology in Warsaw,33.7,Research activity,2026-09-19,2026-09-19T21:16:57+00:00,90,Later public procurement or installation signal
Mount Allison University,33.7,Research activity,2026-09-19,2026-09-19T21:16:57+00:00,90,Later public procurement or installation signal
Museum of London Archaeology,33.7,Research activity,2026-09-19,2026-09-19T21:16:57+00:00,90,Later public procurement or installation signal
National Cheng Kung University,33.7,Research activity,2026-09-19,2026-09-19T21:16:57+00:00,90,Later public procurement or installation signal
National Institute of Technology Calicut,33.7,Research activity,2026-09-19,2026-09-19T21:16:57+00:00,90,Later public procurement or installation signal
University of Aveiro,33.7,Research activity,2026-09-19,2026-09-19T21:16:57+00:00,90,Later public procurement or installation signal
University of Surrey,33.7,Research activity,2026-09-19,2026-09-19T21:16:57+00:00,90,Later public procurement or installation signal
University of Tehran,33.7,Research activity,2026-09-19,2026-09-19T21:16:57+00:00,90,Later public procurement or installation signal
University of Utah,33.7,Research activity,2026-09-19,2026-09-19T21:16:57+00:00,90,Later public procurement or installation signal
Colorado State University,33.6,Research activity,2026-09-19,2026-09-19T21:16:57+00:00,90,Later public procurement or installation signal
National Centre for Compositional Characterisation of Materials,33.6,Research activity,2026-09-19,2026-09-19T21:16:57+00:00,90,Later public procurement or installation signal
National Institute for Research and Development of Isotopic and Molecular Technologies,33.6,Research activity,2026-09-19,2026-09-19T21:16:57+00:00,90,Later public procurement or installation signal
"National Metrology Institute of Japan (NMIJ), National Institute of Advanced Industrial Science and Technology (AIST)",33.6,Research activity,2026-09-19,2026-09-19T21:16:57+00:00,90,Later public procurement or installation signal
PerkinElmer (United States),33.6,Research activity,2026-09-19,2026-09-19T21:16:57+00:00,90,Later public procurement or installation signal
Research Center of Applied Geology of China Geological Survey,33.6,Research activity,2026-09-19,2026-09-19T21:16:57+00:00,90,Later public procurement or installation signal
Scientific Solutions and University of North Dakota,33.6,Research activity,2026-09-19,2026-09-19T21:16:57+00:00,90,Later public procurement or installation signal
Tongji University,33.6,Research activity,2026-09-19,2026-09-19T21:16:57+00:00,90,Later public procurement or installation signal
University of Azad Jammu and Kashmir,33.6,Research activity,2026-09-19,2026-09-19T21:16:57+00:00,90,Later public procurement or installation signal
Geoscience Australia,32.6,Research activity,2026-09-19,2026-09-19T21:16:57+00:00,90,Later public procurement or installation signal
Uppsala University,32.0,Research activity,2026-09-19,2026-09-19T21:16:57+00:00,90,Later public procurement or installation signal
Institute of Precambrian Geology and Geochronology,31.8,Research activity,2026-09-19,2026-09-19T21:16:57+00:00,90,Later public procurement or installation signal
"LSRE-LCM, ALiCE, Faculty of Engineering, University of Porto, Rua Dr. Roberto Frias, 4200-465 Porto, Portugal",31.7,Research activity,2026-09-19,2026-09-19T21:16:57+00:00,90,Later public procurement or installation signal
Saveetha University,31.7,Research activity,2026-09-19,2026-09-19T21:16:57+00:00,90,Later public procurement or installation signal
"FERRIC CONTRAST,",31.6,Funding received,2026-09-19,2026-09-19T21:16:57+00:00,90,Later public procurement or installation signal
TEXAS STATE UNIVERSITY,31.6,Instrument installation,2026-09-19,2026-09-19T21:16:57+00:00,90,Later public procurement or installation signal
UNIVERSITY OF DELAWARE,31.6,Funding received,2026-09-19,2026-09-19T21:16:57+00:00,90,Later public procurement or installation signal
Shanxi Normal University,31.4,Research activity,2026-09-19,2026-09-19T21:16:57+00:00,90,Later public procurement or installation signal
Helmholtz-Zentrum Berlin für Materialien und Energie,30.4,Research activity,2026-09-19,2026-09-19T21:16:57+00:00,90,Later public procurement or installation signal
University of Rostock,30.0,Research activity,2026-09-19,2026-09-19T21:16:57+00:00,90,Later public procurement or installation signal
Walker (United States),29.9,Research activity,2026-09-19,2026-09-19T21:16:57+00:00,90,Later public procurement or installation signal
National Nuclear Center of the Republic of Kazakhstan,29.0,Research activity,2026-09-19,2026-09-19T21:16:57+00:00,90,Later public procurement or installation signal
Case Western Reserve University,28.9,Research activity,2026-09-19,2026-09-19T21:16:57+00:00,90,Later public procurement or installation signal
UCL Australia,28.5,Research activity,2026-09-19,2026-09-19T21:16:57+00:00,90,Later public procurement or installation signal
School of Geography Nanjing Normal University Nanjing 210023 China,28.2,Research activity,2026-09-19,2026-09-19T21:16:57+00:00,90,Later public procurement or installation signal
University of Urbino,28.2,Research activity,2026-09-19,2026-09-19T21:16:57+00:00,90,Later public procurement or installation signal
Florida Gulf Coast University,27.9,Research activity,2026-09-19,2026-09-19T21:16:57+00:00,90,Later public procurement or installation signal
"Former Professor, Department of Mining Engineering, Indian Institute of Kharagpur, Kharagpur - 721302, West Bengal",27.8,Research activity,2026-09-19,2026-09-19T21:16:57+00:00,90,Later public procurement or installation signal
South Valley University,27.7,Research activity,2026-09-19,2026-09-19T21:16:57+00:00,90,Later public procurement or installation signal
University of Macau,27.7,Research activity,2026-09-19,2026-09-19T21:16:57+00:00,90,Later public procurement or installation signal
"Instituto de Óptica ""Daza de Valdés""",27.2,Research activity,2026-09-19,2026-09-19T21:16:57+00:00,90,Later public procurement or installation signal
Xi'an University of Architecture and Technology,27.2,Research activity,2026-09-19,2026-09-19T21:16:57+00:00,90,Later public procurement or installation signal
"Public Health Authority of the Slovak Republic, National Reference Center for Pesticide Residues, Trnavská Street 52, 826 45 Bratislava, Slovakia",27.1,Research activity,2026-09-19,2026-09-19T21:16:57+00:00,90,Later public procurement or installation signal
ASA College,27.0,Research activity,2026-09-19,2026-09-19T21:16:57+00:00,90,Later public procurement or installation signal
Banasthali University,27.0,Research activity,2026-09-19,2026-09-19T21:16:57+00:00,90,Later public procurement or installation signal
Ewha Womans University,27.0,Research activity,2026-09-19,2026-09-19T21:16:57+00:00,90,Later public procurement or installation signal
Gopalganj Science and Technology University,27.0,Research activity,2026-09-19,2026-09-19T21:16:57+00:00,90,Later public procurement or installation signal
Shenzhen Institutes of Advanced Technology,27.0,Research activity,2026-09-19,2026-09-19T21:16:57+00:00,90,Later public procurement or installation signal
Imam Mohammad ibn Saud Islamic University,26.9,Research activity,2026-09-19,2026-09-19T21:16:57+00:00,90,Later public procurement or installation signal
Gaziantep University,26.8,Research activity,2026-09-19,2026-09-19T21:16:57+00:00,90,Later public procurement or installation signal
Nanjing University of Aeronautics and Astronautics,26.8,Research activity,2026-09-19,2026-09-19T21:16:57+00:00,90,Later public procurement or installation signal
China Jiliang University,26.7,Research activity,2026-09-19,2026-09-19T21:16:57+00:00,90,Later public procurement or installation signal
Changzhou Vocational Institute of Light Industry,26.6,Research activity,2026-09-19,2026-09-19T21:16:57+00:00,90,Later public procurement or installation signal
Manipal Academy of Higher Education,26.6,Research activity,2026-09-19,2026-09-19T21:16:57+00:00,90,Later public procurement or installation signal
Université d'Orléans,26.6,Research activity,2026-09-19,2026-09-19T21:16:57+00:00,90,Later public procurement or installation signal
NeoPhotonics (United States),26.5,Research activity,2026-09-19,2026-09-19T21:16:57+00:00,90,Later public procurement or installation signal
Rice University,26.5,Research activity,2026-09-19,2026-09-19T21:16:57+00:00,90,Later public procurement or installation signal
Universidade Federal do Rio Grande do Sul,26.5,Research activity,2026-09-19,2026-09-19T21:16:57+00:00,90,Later public procurement or installation signal
Université de Montréal,26.5,Research activity,2026-09-19,2026-09-19T21:16:57+00:00,90,Later public procurement or installation signal
Korea Institute of Geoscience and Mineral Resources,26.4,Research activity,2026-09-19,2026-09-19T21:16:57+00:00,90,Later public procurement or installation signal
Gwangju Institute of Science and Technology,26.3,Research activity,2026-09-19,2026-09-19T21:16:57+00:00,90,Later public procurement or installation signal
Jingdezhen Ceramic Institute,26.3,Research activity,2026-09-19,2026-09-19T21:16:57+00:00,90,Later public procurement or installation signal
Tohoku University,26.3,Research activity,2026-09-19,2026-09-19T21:16:57+00:00,90,Later public procurement or installation signal
James Cook University,26.2,Research activity,2026-09-19,2026-09-19T21:16:57+00:00,90,Later public procurement or installation signal
Khulna University of Engineering and Technology,26.1,Research activity,2026-09-19,2026-09-19T21:16:57+00:00,90,Later public procurement or installation signal
Universidade Federal de Ouro Preto,26.1,Research activity,2026-09-19,2026-09-19T21:16:57+00:00,90,Later public procurement or installation signal
Sri Sathya Sai Institute of Higher Learning,26.0,Research activity,2026-09-19,2026-09-19T21:16:57+00:00,90,Later public procurement or installation signal
Beijing Jiaotong University,25.9,Research activity,2026-09-19,2026-09-19T21:16:57+00:00,90,Later public procurement or installation signal
Centre de Recherches Pétrographiques et Géochimiques,25.8,Research activity,2026-09-19,2026-09-19T21:16:57+00:00,90,Later public procurement or installation signal
Turgut Özal University,25.8,Research activity,2026-09-19,2026-09-19T21:16:57+00:00,90,Later public procurement or installation signal
Bilkent University,25.7,Research activity,2026-09-19,2026-09-19T21:16:57+00:00,90,Later public procurement or installation signal
Guangxi University,25.7,Research activity,2026-09-19,2026-09-19T21:16:57+00:00,90,Later public procurement or installation signal
Queen's University Belfast,25.7,Research activity,2026-09-19,2026-09-19T21:16:57+00:00,90,Later public procurement or installation signal
Seoul National University of Education,25.7,Research activity,2026-09-19,2026-09-19T21:16:57+00:00,90,Later public procurement or installation signal
University of North Dakota,25.7,Research activity,2026-09-19,2026-09-19T21:16:57+00:00,90,Later public procurement or installation signal
Ain Shams University,25.6,Research activity,2026-09-19,2026-09-19T21:16:57+00:00,90,Later public procurement or installation signal
"Department of Regulatory Affairs, Parul Institute of Pharmacy, Parul University, Vadodara, Gujarat, India",25.6,Research activity,2026-09-19,2026-09-19T21:16:57+00:00,90,Later public procurement or installation signal
GEOMAR Helmholtz Centre for Ocean Research Kiel Kiel Germany,25.6,Research activity,2026-09-19,2026-09-19T21:16:57+00:00,90,Later public procurement or installation signal
"Institute of Physical and Chemical Testing, Shaanxi Provincial Center for Disease Control and Prevention, Xi'an, 710054, P.R. China",25.6,Research activity,2026-09-19,2026-09-19T21:16:57+00:00,90,Later public procurement or installation signal
Korea University,25.6,Research activity,2026-09-19,2026-09-19T21:16:57+00:00,90,Later public procurement or installation signal
"Laboratory of Inorganic Chemistry, Department of Chemistry and Applied Biosciences, ETH Zürich, Vladimir-Prelog-Weg 1, 8093 Zurich, Switzerland",25.6,Research activity,2026-09-19,2026-09-19T21:16:57+00:00,90,Later public procurement or installation signal
"Public Health School, Fujian Medical University, Fuzhou, China",25.6,Research activity,2026-09-19,2026-09-19T21:16:57+00:00,90,Later public procurement or installation signal
Utrecht University,25.6,Research activity,2026-09-19,2026-09-19T21:16:57+00:00,90,Later public procurement or installation signal
Delft University of Technology,25.5,Research activity,2026-09-19,2026-09-19T21:16:57+00:00,90,Later public procurement or installation signal
Hong Kong University of Science and Technology,25.5,Research activity,2026-09-19,2026-09-19T21:16:57+00:00,90,Later public procurement or installation signal
Schott (Germany),25.5,Research activity,2026-09-19,2026-09-19T21:16:57+00:00,90,Later public procurement or installation signal
University of Rochester,25.5,Research activity,2026-09-19,2026-09-19T21:16:57+00:00,90,Later public procurement or installation signal
Wuhan University of Technology,25.5,Research activity,2026-09-19,2026-09-19T21:16:57+00:00,90,Later public procurement or installation signal
First Affiliated Hospital of Xi'an Jiaotong University,25.4,Research activity,2026-09-19,2026-09-19T21:16:57+00:00,90,Later public procurement or installation signal
Fudan University,25.4,Research activity,2026-09-19,2026-09-19T21:16:57+00:00,90,Later public procurement or installation signal
Hefei National Center for Physical Sciences at Nanoscale,25.4,Research activity,2026-09-19,2026-09-19T21:16:57+00:00,90,Later public procurement or installation signal
Korea Energy Economics Institute,25.4,Research activity,2026-09-19,2026-09-19T21:16:57+00:00,90,Later public procurement or installation signal
Mahidol University,25.4,Research activity,2026-09-19,2026-09-19T21:16:57+00:00,90,Later public procurement or installation signal
Suzhou University of Science and Technology,25.4,Research activity,2026-09-19,2026-09-19T21:16:57+00:00,90,Later public procurement or installation signal
Tarim University,25.4,Research activity,2026-09-19,2026-09-19T21:16:57+00:00,90,Later public procurement or installation signal
"University of California, Davis",25.4,Research activity,2026-09-19,2026-09-19T21:16:57+00:00,90,Later public procurement or installation signal
University of Teramo,25.4,Research activity,2026-09-19,2026-09-19T21:16:57+00:00,90,Later public procurement or installation signal
Wichita State University,25.3,Research activity,2026-09-19,2026-09-19T21:16:57+00:00,90,Later public procurement or installation signal
Institute of Science and Technology Austria,25.2,Research activity,2026-09-19,2026-09-19T21:16:57+00:00,90,Later public procurement or installation signal
Nanjing University of Chinese Medicine,25.2,Research activity,2026-09-19,2026-09-19T21:16:57+00:00,90,Later public procurement or installation signal
National University of Singapore,25.2,Research activity,2026-09-19,2026-09-19T21:16:57+00:00,90,Later public procurement or installation signal
Korea Institute of Ceramic Engineering and Technology,25.1,Research activity,2026-09-19,2026-09-19T21:16:57+00:00,90,Later public procurement or installation signal
Mansoura University,25.1,Research activity,2026-09-19,2026-09-19T21:16:57+00:00,90,Later public procurement or installation signal
Nanyang Technological University,25.1,Research activity,2026-09-19,2026-09-19T21:16:57+00:00,90,Later public procurement or installation signal
Northwestern University,25.1,Research activity,2026-09-19,2026-09-19T21:16:57+00:00,90,Later public procurement or installation signal
Universiti Teknologi Petronas,25.1,Research activity,2026-09-19,2026-09-19T21:16:57+00:00,90,Later public procurement or installation signal
Fujian Medical University,25.0,Research activity,2026-09-19,2026-09-19T21:16:57+00:00,90,Later public procurement or installation signal
Institute for Energy Technology,25.0,Research activity,2026-09-19,2026-09-19T21:16:57+00:00,90,Later public procurement or installation signal
Naval University of Engineering,25.0,Research activity,2026-09-19,2026-09-19T21:16:57+00:00,90,Later public procurement or installation signal
Panjab University,25.0,Research activity,2026-09-19,2026-09-19T21:16:57+00:00,90,Later public procurement or installation signal
University of Calgary,25.0,Research activity,2026-09-19,2026-09-19T21:16:57+00:00,90,Later public procurement or installation signal
University of Delhi,25.0,Research activity,2026-09-19,2026-09-19T21:16:57+00:00,90,Later public procurement or installation signal
Anhui Water Conservancy and Hydropower Survey and Design Institute,24.9,Research activity,2026-09-19,2026-09-19T21:16:57+00:00,90,Later public procurement or installation signal
Evides (Netherlands),24.9,Instrument installation,2026-09-19,2026-09-19T21:16:57+00:00,90,Later public procurement or installation signal
"G H Raisoni College of Engineering and Technology, Nagpur, India",24.9,Research activity,2026-09-19,2026-09-19T21:16:57+00:00,90,Later public procurement or installation signal
Micron (United States),24.9,Research activity,2026-09-19,2026-09-19T21:16:57+00:00,90,Later public procurement or installation signal
Nevşehir Hacı Bektaş Veli University,24.9,Research activity,2026-09-19,2026-09-19T21:16:57+00:00,90,Later public procurement or installation signal
Northeastern University,24.9,Research activity,2026-09-19,2026-09-19T21:16:57+00:00,90,Later public procurement or installation signal
Tianjin University,24.9,Research activity,2026-09-19,2026-09-19T21:16:57+00:00,90,Later public procurement or installation signal
University of Texas MD Anderson Cancer Center,24.9,Research activity,2026-09-19,2026-09-19T21:16:57+00:00,90,Later public procurement or installation signal
British Geological Survey,24.8,Research activity,2026-09-19,2026-09-19T21:16:57+00:00,90,Later public procurement or installation signal
Anhui Medical University,24.6,Research activity,2026-09-19,2026-09-19T21:16:57+00:00,90,Later public procurement or installation signal
Department of Earth and Environmental Sciences Syracuse University Syracuse New York USA,24.6,Research activity,2026-09-19,2026-09-19T21:16:57+00:00,90,Later public procurement or installation signal
Guangdong University Of Finances and Economics,24.6,Research activity,2026-09-19,2026-09-19T21:16:57+00:00,90,Later public procurement or installation signal
Indian Institute of Technology Kanpur,24.6,Research activity,2026-09-19,2026-09-19T21:16:57+00:00,90,Later public procurement or installation signal
Johns Hopkins University,24.6,Research activity,2026-09-19,2026-09-19T21:16:57+00:00,90,Later public procurement or installation signal
Ministry of Education of the People's Republic of China,24.6,Research activity,2026-09-19,2026-09-19T21:16:57+00:00,90,Later public procurement or installation signal
Sun Yat-sen University,24.6,Research activity,2026-09-19,2026-09-19T21:16:57+00:00,90,Later public procurement or installation signal
University of Johannesburg,24.6,Research activity,2026-09-19,2026-09-19T21:16:57+00:00,90,Later public procurement or installation signal
Beijing Normal University,24.5,Research activity,2026-09-19,2026-09-19T21:16:57+00:00,90,Later public procurement or installation signal
Georgia Institute of Technology,24.5,Research activity,2026-09-19,2026-09-19T21:16:57+00:00,90,Later public procurement or installation signal
Institute of Oceanology,24.5,Research activity,2026-09-19,2026-09-19T21:16:57+00:00,90,Later public procurement or installation signal
Lawrence Berkeley National Laboratory,24.5,Research activity,2026-09-19,2026-09-19T21:16:57+00:00,90,Later public procurement or installation signal
Shandong University,24.5,Research activity,2026-09-19,2026-09-19T21:16:57+00:00,90,Later public procurement or installation signal
South China Agricultural University,24.5,Research activity,2026-09-19,2026-09-19T21:16:57+00:00,90,Later public procurement or installation signal
University of Shahrood,24.5,Research activity,2026-09-19,2026-09-19T21:16:57+00:00,90,Later public procurement or installation signal
Central Salt and Marine Chemicals Research Institute,24.4,Research activity,2026-09-19,2026-09-19T21:16:57+00:00,90,Later public procurement or installation signal
City University of Hong Kong,24.4,Research activity,2026-09-19,2026-09-19T21:16:57+00:00,90,Later public procurement or installation signal
Helwan University,24.4,Research activity,2026-09-19,2026-09-19T21:16:57+00:00,90,Later public procurement or installation signal
Jinan University,24.4,Research activity,2026-09-19,2026-09-19T21:16:57+00:00,90,Later public procurement or installation signal
North-West University,24.4,Research activity,2026-09-19,2026-09-19T21:16:57+00:00,90,Later public procurement or installation signal
South China University of Technology,24.4,Research activity,2026-09-19,2026-09-19T21:16:57+00:00,90,Later public procurement or installation signal
Swiss Federal Institute of Aquatic Science and Technology,24.4,Research activity,2026-09-19,2026-09-19T21:16:57+00:00,90,Later public procurement or installation signal
University of California San Diego,24.4,Research activity,2026-09-19,2026-09-19T21:16:57+00:00,90,Later public procurement or installation signal
University of Cambridge,24.4,Research activity,2026-09-19,2026-09-19T21:16:57+00:00,90,Later public procurement or installation signal
University of Nottingham,24.4,Research activity,2026-09-19,2026-09-19T21:16:57+00:00,90,Later public procurement or installation signal
University of Science and Technology Beijing,24.4,Research activity,2026-09-19,2026-09-19T21:16:57+00:00,90,Later public procurement or installation signal
University of Venda,24.4,Research activity,2026-09-19,2026-09-19T21:16:57+00:00,90,Later public procurement or installation signal
Università Cattolica del Sacro Cuore,24.4,Research activity,2026-09-19,2026-09-19T21:16:57+00:00,90,Later public procurement or installation signal
Wenzhou University,24.4,Research activity,2026-09-19,2026-09-19T21:16:57+00:00,90,Later public procurement or installation signal
Wolaita Sodo University,24.4,Research activity,2026-09-19,2026-09-19T21:16:57+00:00,90,Later public procurement or installation signal
Ariel University,24.3,Research activity,2026-09-19,2026-09-19T21:16:57+00:00,90,Later public procurement or installation signal
Hebrew University of Jerusalem,24.3,Research activity,2026-09-19,2026-09-19T21:16:57+00:00,90,Later public procurement or installation signal
Indian Institute of Technology Madras,24.3,Research activity,2026-09-19,2026-09-19T21:16:57+00:00,90,Later public procurement or installation signal
Institut de Recerca en Energia de Catalunya,24.3,Research activity,2026-09-19,2026-09-19T21:16:57+00:00,90,Later public procurement or installation signal
Institute of Physics,24.3,Research activity,2026-09-19,2026-09-19T21:16:57+00:00,90,Later public procurement or installation signal
Banaras Hindu University,24.2,Research activity,2026-09-19,2026-09-19T21:16:57+00:00,90,Later public procurement or installation signal
Chinese Academy of Agricultural Sciences,24.2,Research activity,2026-09-19,2026-09-19T21:16:57+00:00,90,Later public procurement or installation signal
Jilin University,24.2,Research activity,2026-09-19,2026-09-19T21:16:57+00:00,90,Later public procurement or installation signal
Qingdao University of Science and Technology,24.2,Research activity,2026-09-19,2026-09-19T21:16:57+00:00,90,Later public procurement or installation signal
University of Pittsburgh,24.2,Instrument installation,2026-09-19,2026-09-19T21:16:57+00:00,90,Later public procurement or installation signal
Wuhan National Laboratory for Optoelectronics,24.2,Research activity,2026-09-19,2026-09-19T21:16:57+00:00,90,Later public procurement or installation signal
Cardinal Health (United States),24.1,Research activity,2026-09-19,2026-09-19T21:16:57+00:00,90,Later public procurement or installation signal
Hunan University,24.1,Research activity,2026-09-19,2026-09-19T21:16:57+00:00,90,Later public procurement or installation signal
Leibniz Institute for Catalysis,24.1,Research activity,2026-09-19,2026-09-19T21:16:57+00:00,90,Later public procurement or installation signal
Mansfield University,24.1,Research activity,2026-09-19,2026-09-19T21:16:57+00:00,90,Later public procurement or installation signal
North Carolina State University,24.1,Research activity,2026-09-19,2026-09-19T21:16:57+00:00,90,Later public procurement or installation signal
Stanford University,24.1,Research activity,2026-09-19,2026-09-19T21:16:57+00:00,90,Later public procurement or installation signal
Tallinn University of Technology,24.1,Research activity,2026-09-19,2026-09-19T21:16:57+00:00,90,Later public procurement or installation signal
University of Florida,24.1,Research activity,2026-09-19,2026-09-19T21:16:57+00:00,90,Later public procurement or installation signal
University of Southern California,24.1,Research activity,2026-09-19,2026-09-19T21:16:57+00:00,90,Later public procurement or installation signal
University of Sri Jayewardenepura,24.1,Research activity,2026-09-19,2026-09-19T21:16:57+00:00,90,Later public procurement or installation signal
Wichita Falls Independent School District,24.1,Research activity,2026-09-19,2026-09-19T21:16:57+00:00,90,Later public procurement or installation signal
Bar-Ilan University,24.0,Research activity,2026-09-19,2026-09-19T21:16:57+00:00,90,Later public procurement or installation signal
Chengdu University,24.0,Research activity,2026-09-19,2026-09-19T21:16:57+00:00,90,Later public procurement or installation signal
China Architecture Design & Research Group (China),24.0,Research activity,2026-09-19,2026-09-19T21:16:57+00:00,90,Later public procurement or installation signal
"Chinese University of Hong Kong, Shenzhen",24.0,Research activity,2026-09-19,2026-09-19T21:16:57+00:00,90,Later public procurement or installation signal
Jahrom University of Medical Sciences,24.0,Research activity,2026-09-19,2026-09-19T21:16:57+00:00,90,Later public procurement or installation signal
National Taipei University of Technology,24.0,Research activity,2026-09-19,2026-09-19T21:16:57+00:00,90,Later public procurement or installation signal
Shanghai Ninth People's Hospital,24.0,Research activity,2026-09-19,2026-09-19T21:16:57+00:00,90,Later public procurement or installation signal
Tianjin University of Technology,24.0,Research activity,2026-09-19,2026-09-19T21:16:57+00:00,90,Later public procurement or installation signal
Universidade Nova de Lisboa,24.0,Research activity,2026-09-19,2026-09-19T21:16:57+00:00,90,Later public procurement or installation signal
University of Alberta,24.0,Research activity,2026-09-19,2026-09-19T21:16:57+00:00,90,Later public procurement or installation signal
University of Louisville,24.0,Research activity,2026-09-19,2026-09-19T21:16:57+00:00,90,Later public procurement or installation signal
Accadis Hochschule Bad Homburg,23.9,Research activity,2026-09-19,2026-09-19T21:16:57+00:00,90,Later public procurement or installation signal
Indian Institute of Science Bangalore,23.9,Research activity,2026-09-19,2026-09-19T21:16:57+00:00,90,Later public procurement or installation signal
Nanjing Hydraulic Research Institute,23.9,Research activity,2026-09-19,2026-09-19T21:16:57+00:00,90,Later public procurement or installation signal
Punjab Engineering College,23.9,Research activity,2026-09-19,2026-09-19T21:16:57+00:00,90,Later public procurement or installation signal
Ruhr University Bochum,23.9,Research activity,2026-09-19,2026-09-19T21:16:57+00:00,90,Later public procurement or installation signal
University of Massachusetts Amherst,23.9,Research activity,2026-09-19,2026-09-19T21:16:57+00:00,90,Later public procurement or installation signal
Federal Institute For Materials Research and Testing,93.1,Research activity,2026-09-20,2026-09-20T21:12:08+00:00,90,Later public procurement or installation signal
Centre National de la Recherche Scientifique,92.8,Research activity,2026-09-20,2026-09-20T21:12:08+00:00,90,Later public procurement or installation signal
China University of Geosciences,91.8,Research activity,2026-09-20,2026-09-20T21:12:08+00:00,90,Later public procurement or installation signal
China University of Geosciences (Beijing),90.8,Research activity,2026-09-20,2026-09-20T21:12:08+00:00,90,Later public procurement or installation signal
Charles University,90.1,Research activity,2026-09-20,2026-09-20T21:12:08+00:00,90,Later public procurement or installation signal
Chinese Academy of Sciences,88.9,Research activity,2026-09-20,2026-09-20T21:12:08+00:00,90,Later public procurement or installation signal
Montanuniversität Leoben,85.1,Instrument installation,2026-09-20,2026-09-20T21:12:08+00:00,90,Later public procurement or installation signal
Sichuan University,84.5,Research activity,2026-09-20,2026-09-20T21:12:08+00:00,90,Later public procurement or installation signal
ETH Zurich,84.0,Research activity,2026-09-20,2026-09-20T21:12:08+00:00,90,Later public procurement or installation signal
Universidad de Oviedo,83.6,Research activity,2026-09-20,2026-09-20T21:12:08+00:00,90,Later public procurement or installation signal
University of Insubria,80.3,Research activity,2026-09-20,2026-09-20T21:12:08+00:00,90,Later public procurement or installation signal
Seoul National University,80.0,Research activity,2026-09-20,2026-09-20T21:12:08+00:00,90,Later public procurement or installation signal
Kunming University of Science and Technology,78.8,Research activity,2026-09-20,2026-09-20T21:12:08+00:00,90,Later public procurement or installation signal
UNIVERSITY OF PITTSBURGH AT PITTSBURGH,77.7,Funding received,2026-09-20,2026-09-20T21:12:08+00:00,90,Later public procurement or installation signal
University of Geneva,75.4,Research activity,2026-09-20,2026-09-20T21:12:08+00:00,90,Later public procurement or installation signal
RUTGERS BIOMEDICAL AND HEALTH SCIENCES,75.0,Funding received,2026-09-20,2026-09-20T21:12:08+00:00,90,Later public procurement or installation signal
Northwest University,74.3,Research activity,2026-09-20,2026-09-20T21:12:08+00:00,90,Later public procurement or installation signal
Paul Scherrer Institute,73.5,Research activity,2026-09-20,2026-09-20T21:12:08+00:00,90,Later public procurement or installation signal
JOHNS HOPKINS UNIVERSITY,73.4,Funding received,2026-09-20,2026-09-20T21:12:08+00:00,90,Later public procurement or installation signal
UNIVERSITY OF VIRGINIA,73.1,Funding received,2026-09-20,2026-09-20T21:12:08+00:00,90,Later public procurement or installation signal
Goethe University Frankfurt,72.3,Research activity,2026-09-20,2026-09-20T21:12:08+00:00,90,Later public procurement or installation signal
Universidade Federal de Santa Maria,71.7,Research activity,2026-09-20,2026-09-20T21:12:08+00:00,90,Later public procurement or installation signal
Universidad de Zaragoza,71.2,Research activity,2026-09-20,2026-09-20T21:12:08+00:00,90,Later public procurement or installation signal
"UNIVERSITY OF CALIFORNIA, SAN FRANCISCO",69.7,Funding received,2026-09-20,2026-09-20T21:12:08+00:00,90,Later public procurement or installation signal
University of North Carolina at Chapel Hill,68.4,Research activity,2026-09-20,2026-09-20T21:12:08+00:00,90,Later public procurement or installation signal
Jagiellonian University,67.9,Research activity,2026-09-20,2026-09-20T21:12:08+00:00,90,Later public procurement or installation signal
University of Queensland,67.6,Research activity,2026-09-20,2026-09-20T21:12:08+00:00,90,Later public procurement or installation signal
IMEC,66.1,Research activity,2026-09-20,2026-09-20T21:12:08+00:00,90,Later public procurement or installation signal
BOSTON UNIVERSITY MEDICAL CAMPUS,65.6,Funding received,2026-09-20,2026-09-20T21:12:08+00:00,90,Later public procurement or installation signal
BAYLOR COLLEGE OF MEDICINE,65.0,Funding received,2026-09-20,2026-09-20T21:12:08+00:00,90,Later public procurement or installation signal
Yonsei University,64.0,Research activity,2026-09-20,2026-09-20T21:12:08+00:00,90,Later public procurement or installation signal
Pacific Northwest National Laboratory,63.6,Research activity,2026-09-20,2026-09-20T21:12:08+00:00,90,Later public procurement or installation signal
University of Ljubljana,62.8,Research activity,2026-09-20,2026-09-20T21:12:08+00:00,90,Later public procurement or installation signal
"University of Toronto (Toronto, Canada)",62.8,Research activity,2026-09-20,2026-09-20T21:12:08+00:00,90,Later public procurement or installation signal
University of Science and Technology of China,61.9,Research activity,2026-09-20,2026-09-20T21:12:08+00:00,90,Later public procurement or installation signal
"Adelaide University (Adelaide, Australia)",61.8,Research activity,2026-09-20,2026-09-20T21:12:08+00:00,90,Later public procurement or installation signal
Zhengzhou University,61.7,Research activity,2026-09-20,2026-09-20T21:12:08+00:00,90,Later public procurement or installation signal
UNIVERSITY OF MASSACHUSETTS AMHERST,61.2,Funding received,2026-09-20,2026-09-20T21:12:08+00:00,90,Later public procurement or installation signal
Bayerisches Landesamt für Umwelt,60.9,Research activity,2026-09-20,2026-09-20T21:12:08+00:00,90,Later public procurement or installation signal
DUKE UNIVERSITY,60.3,Funding received,2026-09-20,2026-09-20T21:12:08+00:00,90,Later public procurement or installation signal
Koneru Lakshmaiah Education Foundation,59.6,Research activity,2026-09-20,2026-09-20T21:12:08+00:00,90,Later public procurement or installation signal
State Key Laboratory of Geological Processes and Mineral Resources,59.4,Research activity,2026-09-20,2026-09-20T21:12:08+00:00,90,Later public procurement or installation signal
Shanghai Jiao Tong University,59.3,Research activity,2026-09-20,2026-09-20T21:12:08+00:00,90,Later public procurement or installation signal
University of St Andrews,59.2,Research activity,2026-09-20,2026-09-20T21:12:08+00:00,90,Later public procurement or installation signal
"Department of Petroleum Geosciences, Science Faculty, Soran University, Erbil 4400, Iraq",59.1,Research activity,2026-09-20,2026-09-20T21:12:08+00:00,90,Later public procurement or installation signal
NORTHWESTERN UNIVERSITY,59.0,Funding received,2026-09-20,2026-09-20T21:12:08+00:00,90,Later public procurement or installation signal
WASHINGTON UNIVERSITY,58.9,Funding received,2026-09-20,2026-09-20T21:12:08+00:00,90,Later public procurement or installation signal
Masaryk University,58.8,Research activity,2026-09-20,2026-09-20T21:12:08+00:00,90,Later public procurement or installation signal
University of Graz,58.8,Research activity,2026-09-20,2026-09-20T21:12:08+00:00,90,Later public procurement or installation signal
WEILL MEDICAL COLL OF CORNELL UNIV,58.7,Funding received,2026-09-20,2026-09-20T21:12:08+00:00,90,Later public procurement or installation signal
UNIV OF ARKANSAS FOR MED SCIS,58.6,Funding received,2026-09-20,2026-09-20T21:12:08+00:00,90,Later public procurement or installation signal
Palacký University Olomouc,58.4,Research activity,2026-09-20,2026-09-20T21:12:08+00:00,90,Later public procurement or installation signal
University of Technology Sydney,58.4,Research activity,2026-09-20,2026-09-20T21:12:08+00:00,90,Later public procurement or installation signal
VANDERBILT UNIVERSITY,58.4,Funding received,2026-09-20,2026-09-20T21:12:08+00:00,90,Later public procurement or installation signal
National Research Council Canada,58.3,Research activity,2026-09-20,2026-09-20T21:12:08+00:00,90,Later public procurement or installation signal
CEDARS-SINAI MEDICAL CENTER,58.1,Funding received,2026-09-20,2026-09-20T21:12:08+00:00,90,Later public procurement or installation signal
KU Leuven,58.1,Research activity,2026-09-20,2026-09-20T21:12:08+00:00,90,Later public procurement or installation signal
University of Birmingham,58.1,Research activity,2026-09-20,2026-09-20T21:12:08+00:00,90,Later public procurement or installation signal
Concordia University,58.0,Research activity,2026-09-20,2026-09-20T21:12:08+00:00,90,Later public procurement or installation signal
"TU Wien, Institute of Chemical Technologies and Analytics, Getreidemarkt 9/164, 1060 Vienna, Austria",58.0,Research activity,2026-09-20,2026-09-20T21:12:08+00:00,90,Later public procurement or installation signal
Northwestern Polytechnical University,57.9,Research activity,2026-09-20,2026-09-20T21:12:08+00:00,90,Later public procurement or installation signal
VIRGINIA COMMONWEALTH UNIVERSITY,57.7,Funding received,2026-09-20,2026-09-20T21:12:08+00:00,90,Later public procurement or installation signal
COLUMBIA UNIVERSITY HEALTH SCIENCES,57.4,Funding received,2026-09-20,2026-09-20T21:12:08+00:00,90,Later public procurement or installation signal
École Polytechnique Fédérale de Lausanne,57.2,Research activity,2026-09-20,2026-09-20T21:12:08+00:00,90,Later public procurement or installation signal
TU Wien,57.2,Research activity,2026-09-20,2026-09-20T21:12:08+00:00,90,Later public procurement or installation signal
Capital Medical University,57.1,Research activity,2026-09-20,2026-09-20T21:12:08+00:00,90,Later public procurement or installation signal
Chiba University,56.9,Research activity,2026-09-20,2026-09-20T21:12:08+00:00,90,Later public procurement or installation signal
Southern University of Science and Technology,56.7,Research activity,2026-09-20,2026-09-20T21:12:08+00:00,90,Later public procurement or installation signal
Ghent University,56.7,Research activity,2026-09-20,2026-09-20T21:12:08+00:00,90,Later public procurement or installation signal
"School of Gemology, China University of Geosciences Beijing, 29 Xue Yuan Road, Beijing 100083, China",56.7,Research activity,2026-09-20,2026-09-20T21:12:08+00:00,90,Later public procurement or installation signal
UNIVERSITY OF NEW MEXICO HEALTH SCIS CTR,56.1,Funding received,2026-09-20,2026-09-20T21:12:08+00:00,90,Later public procurement or installation signal
SINTEF,53.4,Research activity,2026-09-20,2026-09-20T21:12:08+00:00,90,Later public procurement or installation signal
Helmholtz Institute Erlangen-Nürnberg,52.1,Research activity,2026-09-20,2026-09-20T21:12:08+00:00,90,Later public procurement or installation signal
Chengdu University of Technology,51.8,Research activity,2026-09-20,2026-09-20T21:12:08+00:00,90,Later public procurement or installation signal
China University of Mining and Technology,51.7,Research activity,2026-09-20,2026-09-20T21:12:08+00:00,90,Later public procurement or installation signal
Al-Farabi Kazakh National University,51.6,Research activity,2026-09-20,2026-09-20T21:12:08+00:00,90,Later public procurement or installation signal
Bangladesh Council of Scientific and Industrial Research,51.6,Research activity,2026-09-20,2026-09-20T21:12:08+00:00,90,Later public procurement or installation signal
University of Toronto,51.5,Research activity,2026-09-20,2026-09-20T21:12:08+00:00,90,Later public procurement or installation signal
Van Yüzüncü Yıl Üniversitesi,51.4,Research activity,2026-09-20,2026-09-20T21:12:08+00:00,90,Later public procurement or installation signal
INSTITUTUL NATIONAL DE CERCETARE-DEZVOLTARE PENTRU GEOLOGIE SI GEOECOLOGIE MARINA GEOECOMAR,51.4,Active tender,2026-09-20,2026-09-20T21:12:08+00:00,90,Later public procurement or installation signal
Universiti Putra Malaysia,51.0,Research activity,2026-09-20,2026-09-20T21:12:08+00:00,90,Later public procurement or installation signal
Yunnan University,50.7,Research activity,2026-09-20,2026-09-20T21:12:08+00:00,90,Later public procurement or installation signal
Hefei University of Technology,50.5,Research activity,2026-09-20,2026-09-20T21:12:08+00:00,90,Later public procurement or installation signal
University of Tasmania,50.1,Research activity,2026-09-20,2026-09-20T21:12:08+00:00,90,Later public procurement or installation signal
University of Oxford,49.9,Research activity,2026-09-20,2026-09-20T21:12:08+00:00,90,Later public procurement or installation signal
Central European Institute of Technology,49.8,Research activity,2026-09-20,2026-09-20T21:12:08+00:00,90,Later public procurement or installation signal
Valahia University of Targoviste,49.7,Research activity,2026-09-20,2026-09-20T21:12:08+00:00,90,Later public procurement or installation signal
Guangdong University of Technology,47.0,Research activity,2026-09-20,2026-09-20T21:12:08+00:00,90,Later public procurement or installation signal
Université du Québec à Chicoutimi,46.7,Research activity,2026-09-20,2026-09-20T21:12:08+00:00,90,Later public procurement or installation signal
Beijing Institute of Technology,45.7,Research activity,2026-09-20,2026-09-20T21:12:08+00:00,90,Later public procurement or installation signal
MEDICAL UNIVERSITY OF SOUTH CAROLINA,45.6,Funding received,2026-09-20,2026-09-20T21:12:08+00:00,90,Later public procurement or installation signal
NEW YORK UNIVERSITY,45.5,Funding received,2026-09-20,2026-09-20T21:12:08+00:00,90,Later public procurement or installation signal
H. LEE MOFFITT CANCER CTR & RES INST,45.4,Funding received,2026-09-20,2026-09-20T21:12:08+00:00,90,Later public procurement or installation signal
MASSACHUSETTS GENERAL HOSPITAL,45.4,Funding received,2026-09-20,2026-09-20T21:12:08+00:00,90,Later public procurement or installation signal
STATE UNIVERSITY OF NEW YORK AT BUFFALO,45.4,Funding received,2026-09-20,2026-09-20T21:12:08+00:00,90,Later public procurement or installation signal
Kyushu University,45.0,Research activity,2026-09-20,2026-09-20T21:12:08+00:00,90,Later public procurement or installation signal
Ministry of Education,44.7,Research activity,2026-09-20,2026-09-20T21:12:08+00:00,90,Later public procurement or installation signal
National Geophysical Research Institute,44.7,Research activity,2026-09-20,2026-09-20T21:12:08+00:00,90,Later public procurement or installation signal
UNIVERSITY OF KENTUCKY,44.2,Funding received,2026-09-20,2026-09-20T21:12:08+00:00,90,Later public procurement or installation signal
Zhejiang University of Technology,44.0,Research activity,2026-09-20,2026-09-20T21:12:08+00:00,90,Later public procurement or installation signal
Korea Advanced Institute of Science and Technology,43.7,Research activity,2026-09-20,2026-09-20T21:12:08+00:00,90,Later public procurement or installation signal
Pohang University of Science and Technology,43.7,Research activity,2026-09-20,2026-09-20T21:12:08+00:00,90,Later public procurement or installation signal
Sun Yat-sen University,43.5,Research activity,2026-09-20,2026-09-20T21:12:08+00:00,90,Later public procurement or installation signal
Argonne National Laboratory,43.2,Research activity,2026-09-20,2026-09-20T21:12:08+00:00,90,Later public procurement or installation signal
Nankai University,42.8,Research activity,2026-09-20,2026-09-20T21:12:08+00:00,90,Later public procurement or installation signal
Hong Kong Polytechnic University,42.7,Research activity,2026-09-20,2026-09-20T21:12:08+00:00,90,Later public procurement or installation signal
Jiangsu University,42.3,Research activity,2026-09-20,2026-09-20T21:12:08+00:00,90,Later public procurement or installation signal
Qatar University,42.3,Research activity,2026-09-20,2026-09-20T21:12:08+00:00,90,Later public procurement or installation signal
MICHIGAN STATE UNIVERSITY,40.8,Funding received,2026-09-20,2026-09-20T21:12:08+00:00,90,Later public procurement or installation signal
UNIVERSITY OF WASHINGTON,40.0,Funding received,2026-09-20,2026-09-20T21:12:08+00:00,90,Later public procurement or installation signal
HENRY FORD HEALTH + MICHIGAN STATE UNIVERSITY HEALTH SCIENCES,39.9,Funding received,2026-09-20,2026-09-20T21:12:08+00:00,90,Later public procurement or installation signal
"State Key Laboratory of Palaeobiology and Stratigraphy, Nanjing Institute of Geology and Palaeontology Chinese Academy of Sciences Nanjing China",39.7,Research activity,2026-09-20,2026-09-20T21:12:08+00:00,90,Later public procurement or installation signal
South Dakota School of Mines and Technology,39.6,Research activity,2026-09-20,2026-09-20T21:12:08+00:00,90,Later public procurement or installation signal
"TESLA-Analytical Chemistry, Institute of Chemistry",39.6,Research activity,2026-09-20,2026-09-20T21:12:08+00:00,90,Later public procurement or installation signal
Johnson Matthey (United Kingdom),39.5,Research activity,2026-09-20,2026-09-20T21:12:08+00:00,90,Later public procurement or installation signal
La Trobe University,39.5,Research activity,2026-09-20,2026-09-20T21:12:08+00:00,90,Later public procurement or installation signal
Curtin University,39.4,Research activity,2026-09-20,2026-09-20T21:12:08+00:00,90,Later public procurement or installation signal
DARTMOUTH COLLEGE,39.4,Funding received,2026-09-20,2026-09-20T21:12:08+00:00,90,Later public procurement or installation signal
Yıldız Technical University,39.4,Research activity,2026-09-20,2026-09-20T21:12:08+00:00,90,Later public procurement or installation signal
"Department of Earth Sciences, Durham University, Durham DH1 3LE, UK",39.2,Research activity,2026-09-20,2026-09-20T21:12:08+00:00,90,Later public procurement or installation signal
"Institute of Nuclear Physics, Polish Academy of Sciences",39.2,Research activity,2026-09-20,2026-09-20T21:12:08+00:00,90,Later public procurement or installation signal
Utkal University,39.2,Research activity,2026-09-20,2026-09-20T21:12:08+00:00,90,Later public procurement or installation signal
UNIVERSITY OF CALIFORNIA AT DAVIS,39.0,Funding received,2026-09-20,2026-09-20T21:12:08+00:00,90,Later public procurement or installation signal
Centers for Disease Control and Prevention,38.9,Research activity,2026-09-20,2026-09-20T21:12:08+00:00,90,Later public procurement or installation signal
Graz University of Technology,38.9,Research activity,2026-09-20,2026-09-20T21:12:08+00:00,90,Later public procurement or installation signal
Khadicha Sulaymonova Republican Center of Forensic Expertise,38.9,Research activity,2026-09-20,2026-09-20T21:12:08+00:00,90,Later public procurement or installation signal
Forest Research Institute,38.8,Research activity,2026-09-20,2026-09-20T21:12:08+00:00,90,Later public procurement or installation signal
Kennesaw State University,38.8,Research activity,2026-09-20,2026-09-20T21:12:08+00:00,90,Later public procurement or installation signal
"Medical–Scientific Department , LifeLabs Medical Laboratory Services , Toronto , ON , Canada",38.7,Research activity,2026-09-20,2026-09-20T21:12:08+00:00,90,Later public procurement or installation signal
"Université Laval , , 1045, avenue de la Médecine, Pavillon Alexandre-Vachon",38.7,Research activity,2026-09-20,2026-09-20T21:12:08+00:00,90,Later public procurement or installation signal
National Institute of Advanced Industrial Science and Technology,38.6,Research activity,2026-09-20,2026-09-20T21:12:08+00:00,90,Later public procurement or installation signal
"Faculty of Chemistry, Adam Mickiewicz University, Uniwersytetu Poznańskiego 8, 61-614 Poznan, Poland",38.5,Research activity,2026-09-20,2026-09-20T21:12:08+00:00,90,Later public procurement or installation signal
"Department of Physics, Debre Markos University, Debre Markos, Ethiopia",38.4,Research activity,2026-09-20,2026-09-20T21:12:08+00:00,90,Later public procurement or installation signal
Indian Institute of Technology Ropar,38.3,Research activity,2026-09-20,2026-09-20T21:12:08+00:00,90,Later public procurement or installation signal
"Laboratoire de radioécologie, Département de chimie, Faculté des sciences et de génie, Université Laval, 1045, avenue de la Médecine, Pavillon Alexandre-Vachon, Québec G1V 0A6, Canada",38.3,Research activity,2026-09-20,2026-09-20T21:12:08+00:00,90,Later public procurement or installation signal
United States Geological Survey,38.3,Research activity,2026-09-20,2026-09-20T21:12:08+00:00,90,Later public procurement or installation signal
ChronusCamp Research – Isotope Geology Laboratory - Itapira,38.2,Research activity,2026-09-20,2026-09-20T21:12:08+00:00,90,Later public procurement or installation signal
De Montfort University,38.2,Research activity,2026-09-20,2026-09-20T21:12:08+00:00,90,Later public procurement or installation signal
"Department of Chemistry, Faculty of Science, Gakushuin University",38.2,Research activity,2026-09-20,2026-09-20T21:12:08+00:00,90,Later public procurement or installation signal
"EcotoQ, INRS-Eau Terre Environnement, 490 de la Couronne, Québec, Québec G1K 9A9, Canada",38.0,Research activity,2026-09-20,2026-09-20T21:12:08+00:00,90,Later public procurement or installation signal
Clemson University,37.8,Research activity,2026-09-20,2026-09-20T21:12:08+00:00,90,Later public procurement or installation signal
Universidade Estadual de Campinas (UNICAMP),37.8,Research activity,2026-09-20,2026-09-20T21:12:08+00:00,90,Later public procurement or installation signal
University of British Columbia,37.8,Research activity,2026-09-20,2026-09-20T21:12:08+00:00,90,Later public procurement or installation signal
Ahsanullah University of Science and Technology,37.7,Research activity,2026-09-20,2026-09-20T21:12:08+00:00,90,Later public procurement or installation signal
"College of Earth and Planetary Sciences, Chengdu University of Technology, Chengdu 610059, China",37.7,Research activity,2026-09-20,2026-09-20T21:12:08+00:00,90,Later public procurement or installation signal
"Department of Chemistry & Biochemistry, Rowan University, Glassboro, New Jersey, United States",37.7,Research activity,2026-09-20,2026-09-20T21:12:08+00:00,90,Later public procurement or installation signal
Directorate of Medicinal and Aromatic Plants Research,37.7,Research activity,2026-09-20,2026-09-20T21:12:08+00:00,90,Later public procurement or installation signal
"Moscow University ""Synergy""; 80 B, building 3 Leningradsky Prospekt, Moscow, 125315, Russian Federation",37.7,Research activity,2026-09-20,2026-09-20T21:12:08+00:00,90,Later public procurement or installation signal
Hospital Virgen de los Lirios,37.5,Research activity,2026-09-20,2026-09-20T21:12:08+00:00,90,Later public procurement or installation signal
Japan Agency for Marine-Earth Science and Technology,37.5,Research activity,2026-09-20,2026-09-20T21:12:08+00:00,90,Later public procurement or installation signal
University of Trieste,37.4,Research activity,2026-09-20,2026-09-20T21:12:08+00:00,90,Later public procurement or installation signal
"Air Liquide Balazs, 46409 Landing Pkwy,Fremont,CA,USA,94538",37.3,Research activity,2026-09-20,2026-09-20T21:12:08+00:00,90,Later public procurement or installation signal
"Institute of Environmental Engineering, The Faculty of Environmental Engineering and Geodesy, Wrocław University of Environmental and Life Sciences, Grunwaldzki Square 24, 50-363 Wrocław, Poland",37.3,Research activity,2026-09-20,2026-09-20T21:12:08+00:00,90,Later public procurement or installation signal
"Department of Chemistry, Andhra University, Visakhapatnam, 530003, Andhra Pradesh, India. 1Dr Reddy’s Labs, Hyderabad, Telangana, India",37.2,Research activity,2026-09-20,2026-09-20T21:12:08+00:00,90,Later public procurement or installation signal
"Czech Academy of Sciences, Institute of Inorganic Chemistry",37.1,Research activity,2026-09-20,2026-09-20T21:12:08+00:00,90,Later public procurement or installation signal
Erzincan Binali Yıldırım University,37.1,Research activity,2026-09-20,2026-09-20T21:12:08+00:00,90,Later public procurement or installation signal
Indian Institute of Technology Kharagpur,37.1,Research activity,2026-09-20,2026-09-20T21:12:08+00:00,90,Later public procurement or installation signal
Savannah River National Laboratory,37.1,Research activity,2026-09-20,2026-09-20T21:12:08+00:00,90,Later public procurement or installation signal
Tsinghua University,37.1,Research activity,2026-09-20,2026-09-20T21:12:08+00:00,90,Later public procurement or installation signal
Universidad Nacional de Córdoba,37.0,Research activity,2026-09-20,2026-09-20T21:12:08+00:00,90,Later public procurement or installation signal
University College Dublin,37.0,Research activity,2026-09-20,2026-09-20T21:12:08+00:00,90,Later public procurement or installation signal
"Geochemical Research Center, The University of Tokyo",36.9,Research activity,2026-09-20,2026-09-20T21:12:08+00:00,90,Later public procurement or installation signal
University of Kashan,36.7,Research activity,2026-09-20,2026-09-20T21:12:08+00:00,90,Later public procurement or installation signal
University of Tokyo,36.6,Research activity,2026-09-20,2026-09-20T21:12:08+00:00,90,Later public procurement or installation signal
Fraunhofer Institute for Photonic Microsystems,36.5,Research activity,2026-09-20,2026-09-20T21:12:08+00:00,90,Later public procurement or installation signal
Medical University of Lublin,36.5,Research activity,2026-09-20,2026-09-20T21:12:08+00:00,90,Later public procurement or installation signal
Michigan State University,36.5,Research activity,2026-09-20,2026-09-20T21:12:08+00:00,90,Later public procurement or installation signal
Northern (Arctic) Federal University,36.5,Research activity,2026-09-20,2026-09-20T21:12:08+00:00,90,Later public procurement or installation signal
Wilson College,36.5,Research activity,2026-09-20,2026-09-20T21:12:08+00:00,90,Later public procurement or installation signal
"HARRAN ÜNİVERSİTESİ, ECZACILIK FAKÜLTESİ",36.4,Research activity,2026-09-20,2026-09-20T21:12:08+00:00,90,Later public procurement or installation signal
Hanyang University,36.4,Research activity,2026-09-20,2026-09-20T21:12:08+00:00,90,Later public procurement or installation signal
Kazakh National Agrarian Research University,36.4,Research activity,2026-09-20,2026-09-20T21:12:08+00:00,90,Later public procurement or installation signal
King Fahd University of Petroleum and Minerals,36.4,Research activity,2026-09-20,2026-09-20T21:12:08+00:00,90,Later public procurement or installation signal
Mindanao State University – Iligan Institute of Technology,36.3,Research activity,2026-09-20,2026-09-20T21:12:08+00:00,90,Later public procurement or installation signal
"Department of Chemistry, Faculty of Science and Literature Bingöl University Bingöl Türkiye",36.2,Research activity,2026-09-20,2026-09-20T21:12:08+00:00,90,Later public procurement or installation signal
Ministry of Natural Resources,36.2,Research activity,2026-09-20,2026-09-20T21:12:08+00:00,90,Later public procurement or installation signal
Moss Landing Marine Laboratories,36.2,Research activity,2026-09-20,2026-09-20T21:12:08+00:00,90,Later public procurement or installation signal
Anhui Agricultural University,36.1,Research activity,2026-09-20,2026-09-20T21:12:08+00:00,90,Later public procurement or installation signal
National University College,36.1,Research activity,2026-09-20,2026-09-20T21:12:08+00:00,90,Later public procurement or installation signal
Prokhorov General Physics Institute,36.1,Research activity,2026-09-20,2026-09-20T21:12:08+00:00,90,Later public procurement or installation signal
"Department of Physical and Analytical Chemistry, Faculty of Chemistry, University of Oviedo, c/Julián Clavería 8, Oviedo 33006, Spain",36.0,Research activity,2026-09-20,2026-09-20T21:12:08+00:00,90,Later public procurement or installation signal
Institute of Geochemistry,36.0,Research activity,2026-09-20,2026-09-20T21:12:08+00:00,90,Later public procurement or installation signal
Japan Radioisotope Association,36.0,Research activity,2026-09-20,2026-09-20T21:12:08+00:00,90,Later public procurement or installation signal
Jawaharlal Nehru Tropical Botanic Garden and Research Institute,36.0,Research activity,2026-09-20,2026-09-20T21:12:08+00:00,90,Later public procurement or installation signal
Nanjing Institute of Agricultural Mechanization,36.0,Research activity,2026-09-20,2026-09-20T21:12:08+00:00,90,Later public procurement or installation signal
UNIVERSITY OF CALIFORNIA LOS ANGELES,36.0,Funding received,2026-09-20,2026-09-20T21:12:08+00:00,90,Later public procurement or installation signal
UNIVERSITY OF COLORADO DENVER,36.0,Funding received,2026-09-20,2026-09-20T21:12:08+00:00,90,Later public procurement or installation signal
"VESTO THERAPEUTICS,",36.0,Funding received,2026-09-20,2026-09-20T21:12:08+00:00,90,Later public procurement or installation signal
Amgen (United States),35.9,Research activity,2026-09-20,2026-09-20T21:12:08+00:00,90,Later public procurement or installation signal
Environmental and Occupational Health Sciences Institute,35.9,Research activity,2026-09-20,2026-09-20T21:12:08+00:00,90,Later public procurement or installation signal
"Faculty of Science, The University of Hongkong, Pokfulam, Hong Kong",35.9,Research activity,2026-09-20,2026-09-20T21:12:08+00:00,90,Later public procurement or installation signal
Iran University of Science and Technology,35.9,Research activity,2026-09-20,2026-09-20T21:12:08+00:00,90,Later public procurement or installation signal
Linköping University,35.9,Research activity,2026-09-20,2026-09-20T21:12:08+00:00,90,Later public procurement or installation signal
"MABSWITCH,",35.9,Funding received,2026-09-20,2026-09-20T21:12:08+00:00,90,Later public procurement or installation signal
UNIVERSITY OF MICHIGAN AT ANN ARBOR,35.9,Funding received,2026-09-20,2026-09-20T21:12:08+00:00,90,Later public procurement or installation signal
UNIVERSITY OF MINNESOTA,35.9,Funding received,2026-09-20,2026-09-20T21:12:08+00:00,90,Later public procurement or installation signal
Universidade Federal de São Paulo,35.9,Research activity,2026-09-20,2026-09-20T21:12:08+00:00,90,Later public procurement or installation signal
BETH ISRAEL DEACONESS MEDICAL CENTER,35.8,Funding received,2026-09-20,2026-09-20T21:12:08+00:00,90,Later public procurement or installation signal
EDI THERAPEUTICS,35.8,Funding received,2026-09-20,2026-09-20T21:12:08+00:00,90,Later public procurement or installation signal
Instytut Chemii i Techniki Jądrowej,35.8,Research activity,2026-09-20,2026-09-20T21:12:08+00:00,90,Later public procurement or installation signal
M.Auezov South Kazakhstan State University,35.8,Research activity,2026-09-20,2026-09-20T21:12:08+00:00,90,Later public procurement or installation signal
NORTH CAROLINA STATE UNIVERSITY RALEIGH,35.8,Funding received,2026-09-20,2026-09-20T21:12:08+00:00,90,Later public procurement or installation signal
RESEARCH INST NATIONWIDE CHILDREN'S HOSP,35.8,Funding received,2026-09-20,2026-09-20T21:12:08+00:00,90,Later public procurement or installation signal
ROSWELL PARK CANCER INSTITUTE,35.8,Funding received,2026-09-20,2026-09-20T21:12:08+00:00,90,Later public procurement or installation signal
STANFORD UNIVERSITY,35.8,Funding received,2026-09-20,2026-09-20T21:12:08+00:00,90,Later public procurement or installation signal
TIBURON BIO,35.8,Funding received,2026-09-20,2026-09-20T21:12:08+00:00,90,Later public procurement or installation signal
UNIVERSITY OF PENNSYLVANIA,35.8,Funding received,2026-09-20,2026-09-20T21:12:08+00:00,90,Later public procurement or installation signal
UNIVERSITY OF WISCONSIN-MADISON,35.8,Funding received,2026-09-20,2026-09-20T21:12:08+00:00,90,Later public procurement or installation signal
University of Belgrade,35.8,Research activity,2026-09-20,2026-09-20T21:12:08+00:00,90,Later public procurement or installation signal
YALE UNIVERSITY,35.8,Funding received,2026-09-20,2026-09-20T21:12:08+00:00,90,Later public procurement or installation signal
COLORADO STATE UNIVERSITY,35.7,Funding received,2026-09-20,2026-09-20T21:12:08+00:00,90,Later public procurement or installation signal
China Geological Survey,35.7,Research activity,2026-09-20,2026-09-20T21:12:08+00:00,90,Later public procurement or installation signal
Kumasi Technical University,35.7,Research activity,2026-09-20,2026-09-20T21:12:08+00:00,90,Later public procurement or installation signal
"Lawrence Livermore National Laboratory (LLNL), Livermore, CA (United States)",35.7,Research activity,2026-09-20,2026-09-20T21:12:08+00:00,90,Later public procurement or installation signal
Bharathidasan University,35.6,Research activity,2026-09-20,2026-09-20T21:12:08+00:00,90,Later public procurement or installation signal
Geological Survey of India,35.6,Research activity,2026-09-20,2026-09-20T21:12:08+00:00,90,Later public procurement or installation signal
Hebei University of Technology,35.6,Research activity,2026-09-20,2026-09-20T21:12:08+00:00,90,Later public procurement or installation signal
National Institute of Health Sciences,35.6,Research activity,2026-09-20,2026-09-20T21:12:08+00:00,90,Later public procurement or installation signal
Chinese Academy of Geological Sciences,35.5,Research activity,2026-09-20,2026-09-20T21:12:08+00:00,90,Later public procurement or installation signal
National Nuclear Energy Agency of Indonesia,35.5,Instrument installation,2026-09-20,2026-09-20T21:12:08+00:00,90,Later public procurement or installation signal
"University of California, Irvine",35.5,Research activity,2026-09-20,2026-09-20T21:12:08+00:00,90,Later public procurement or installation signal
Australian Resources Research Centre,35.4,Research activity,2026-09-20,2026-09-20T21:12:08+00:00,90,Later public procurement or installation signal
Center for Food Safety and Applied Nutrition,35.4,Research activity,2026-09-20,2026-09-20T21:12:08+00:00,90,Later public procurement or installation signal
Charotar University of Science and Technology,35.4,Research activity,2026-09-20,2026-09-20T21:12:08+00:00,90,Later public procurement or installation signal
Czech Geological Survey,35.4,Research activity,2026-09-20,2026-09-20T21:12:08+00:00,90,Later public procurement or installation signal
Giresun University,35.4,Research activity,2026-09-20,2026-09-20T21:12:08+00:00,90,Later public procurement or installation signal
Griffith University,35.4,Research activity,2026-09-20,2026-09-20T21:12:08+00:00,90,Later public procurement or installation signal
Universidad Privada San Juan Bautista,35.4,Research activity,2026-09-20,2026-09-20T21:12:08+00:00,90,Later public procurement or installation signal
Universiti Sains Malaysia,35.4,Research activity,2026-09-20,2026-09-20T21:12:08+00:00,90,Later public procurement or installation signal
Universität Hamburg,35.4,Research activity,2026-09-20,2026-09-20T21:12:08+00:00,90,Later public procurement or installation signal
Zhejiang University,35.4,Research activity,2026-09-20,2026-09-20T21:12:08+00:00,90,Later public procurement or installation signal
Imperial College London,35.3,Research activity,2026-09-20,2026-09-20T21:12:08+00:00,90,Later public procurement or installation signal
Indian Institute of Toxicology Research,35.3,Research activity,2026-09-20,2026-09-20T21:12:08+00:00,90,Later public procurement or installation signal
Kuban State University,35.3,Research activity,2026-09-20,2026-09-20T21:12:08+00:00,90,Later public procurement or installation signal
South Carolina Department of Natural Resources,35.3,Research activity,2026-09-20,2026-09-20T21:12:08+00:00,90,Later public procurement or installation signal
State Key Laboratory of Pollution Control and Resource Reuse,35.3,Research activity,2026-09-20,2026-09-20T21:12:08+00:00,90,Later public procurement or installation signal
Arizona State University,35.2,Research activity,2026-09-20,2026-09-20T21:12:08+00:00,90,Later public procurement or installation signal
Auburn University,35.2,Research activity,2026-09-20,2026-09-20T21:12:08+00:00,90,Later public procurement or installation signal
Bhabha Atomic Research Centre,35.2,Research activity,2026-09-20,2026-09-20T21:12:08+00:00,90,Later public procurement or installation signal
"Chinese Academy of Geological Sciences, National Research Center for Geoanalysis, Beijing 100037, China",35.2,Research activity,2026-09-20,2026-09-20T21:12:08+00:00,90,Later public procurement or installation signal
"Department of Chemistry, Loughborough University, Epinal Way, Loughborough, Leicestershire, LE11 3TU, UK",35.2,Research activity,2026-09-20,2026-09-20T21:12:08+00:00,90,Later public procurement or installation signal
Department of Geology University of Tartu Tartu Estonia,35.2,Research activity,2026-09-20,2026-09-20T21:12:08+00:00,90,Later public procurement or installation signal
"Department of Geoscience, Institute of Geotechnology and Mineral Resources, Clausthal University of Technology, Adolph-Roemer-Str. 2A, 38678 Clausthal-Zellerfeld, Germany",35.2,Research activity,2026-09-20,2026-09-20T21:12:08+00:00,90,Later public procurement or installation signal
"Division for Chronological Research, Institute for Space-Earth Environmental Research, Nagoya University, Furo-cho, Chikusa-ku, Nagoya 464-8601, Japan",35.2,Research activity,2026-09-20,2026-09-20T21:12:08+00:00,90,Later public procurement or installation signal
Friends United,35.2,Research activity,2026-09-20,2026-09-20T21:12:08+00:00,90,Later public procurement or installation signal
"Graduate School of Pharmaceutical Sciences, Chiba University, 1-8-1 Inohana, Chuo, Chiba 260-8675, Japan",35.2,Research activity,2026-09-20,2026-09-20T21:12:08+00:00,90,Later public procurement or installation signal
"Guizhou University, China",35.2,Research activity,2026-09-20,2026-09-20T21:12:08+00:00,90,Later public procurement or installation signal
"Indiana University School of Medicine , Indianapolis, Indiana",35.2,Research activity,2026-09-20,2026-09-20T21:12:08+00:00,90,Later public procurement or installation signal
"Institute of Geosciences, Goethe University Frankfurt, Frankfurt am Main, Germany",35.2,Research activity,2026-09-20,2026-09-20T21:12:08+00:00,90,Later public procurement or installation signal
"Merck & Co., Inc., Rahway, NJ, USA (United States)",35.2,Research activity,2026-09-20,2026-09-20T21:12:08+00:00,90,Later public procurement or installation signal
"Oak Ridge National Laboratory, Oak Ridge, Tennessee, USA",35.2,Research activity,2026-09-20,2026-09-20T21:12:08+00:00,90,Later public procurement or installation signal
"School of Ocean & Earth Sciences, University of Southampton, National Oceanography Centre, European Way, Southampton, SO14 3ZH, UK",35.2,Research activity,2026-09-20,2026-09-20T21:12:08+00:00,90,Later public procurement or installation signal
"Scientific Instrument Center, Shanxi University, 92 Wucheng Road, Taiyuan, Shanxi, 030006, People's Republic of China",35.2,Research activity,2026-09-20,2026-09-20T21:12:08+00:00,90,Later public procurement or installation signal
"State Key Laboratory of Geological Processes and Mineral Resources, China University of Geosciences, Wuhan, 430074, PR China",35.2,Research activity,2026-09-20,2026-09-20T21:12:08+00:00,90,Later public procurement or installation signal
"State Key Laboratory of Lithospheric Evolution and Environmental Coevolution, School of Earth and Space Sciences, University of Science and Technology of China, Hefei, Anhui, China",35.2,Research activity,2026-09-20,2026-09-20T21:12:08+00:00,90,Later public procurement or installation signal
"State Key Laboratory of Lithospheric and Environmental Coevolution, Institute of Geology and Geophysics, Chinese Academy of Sciences, Beijing, 100029, P.R. China",35.2,Research activity,2026-09-20,2026-09-20T21:12:08+00:00,90,Later public procurement or installation signal
"TRACES, UMR 5608, CNRS, Université Toulouse Jean Jaurès, Ministère de la Culture, EHESS, INRAP, Maison de la Recherche, 5 allées Antonio Machado, F 31058 Toulouse Cedex 9, France",35.2,Research activity,2026-09-20,2026-09-20T21:12:08+00:00,90,Later public procurement or installation signal
"U.S. Geological Survey, Denver Federal Center , Denver, CO",35.2,Research activity,2026-09-20,2026-09-20T21:12:08+00:00,90,Later public procurement or installation signal
Universidad Complutense de Madrid,35.2,Research activity,2026-09-20,2026-09-20T21:12:08+00:00,90,Later public procurement or installation signal
University of Bern,35.2,Research activity,2026-09-20,2026-09-20T21:12:08+00:00,90,Later public procurement or installation signal
"University of Chemistry and Technology, Prague",35.2,Research activity,2026-09-20,2026-09-20T21:12:08+00:00,90,Later public procurement or installation signal
"Department of Physical and Analytical Chemistry, Faculty of Chemistry, University of Oviedo, Julián Clavería 8, 33006 Oviedo, Spain",35.1,Research activity,2026-09-20,2026-09-20T21:12:08+00:00,90,Later public procurement or installation signal
Manisa Celal Bayar University,35.1,Research activity,2026-09-20,2026-09-20T21:12:08+00:00,90,Later public procurement or installation signal
Peking University,35.1,Research activity,2026-09-20,2026-09-20T21:12:08+00:00,90,Later public procurement or installation signal
Shanghai University of Medicine and Health Sciences,35.1,Research activity,2026-09-20,2026-09-20T21:12:08+00:00,90,Later public procurement or installation signal
Universidade de Santiago de Compostela,35.1,Research activity,2026-09-20,2026-09-20T21:12:08+00:00,90,Later public procurement or installation signal
Vellore Institute of Technology University,35.1,Research activity,2026-09-20,2026-09-20T21:12:08+00:00,90,Later public procurement or installation signal
Inonu University,35.0,Research activity,2026-09-20,2026-09-20T21:12:08+00:00,90,Later public procurement or installation signal
Institute of Geographic Sciences and Natural Resources Research,35.0,Research activity,2026-09-20,2026-09-20T21:12:08+00:00,90,Later public procurement or installation signal
Jordan University of Science and Technology,35.0,Research activity,2026-09-20,2026-09-20T21:12:08+00:00,90,Later public procurement or installation signal
Pusan National University,35.0,Research activity,2026-09-20,2026-09-20T21:12:08+00:00,90,Later public procurement or installation signal
Toronto Metropolitan University,35.0,Research activity,2026-09-20,2026-09-20T21:12:08+00:00,90,Later public procurement or installation signal
UNIVERSITY OF CHICAGO,35.0,Funding received,2026-09-20,2026-09-20T21:12:08+00:00,90,Later public procurement or installation signal
UNIVERSITY OF MISSISSIPPI MED CTR,35.0,Funding received,2026-09-20,2026-09-20T21:12:08+00:00,90,Later public procurement or installation signal
Universitat Autònoma de Barcelona,35.0,Research activity,2026-09-20,2026-09-20T21:12:08+00:00,90,Later public procurement or installation signal
University of Michigan,35.0,Research activity,2026-09-20,2026-09-20T21:12:08+00:00,90,Later public procurement or installation signal
Xinjiang Institute of Ecology and Geography,35.0,Research activity,2026-09-20,2026-09-20T21:12:08+00:00,90,Later public procurement or installation signal
Air Liquide (United States),34.9,Research activity,2026-09-20,2026-09-20T21:12:08+00:00,90,Later public procurement or installation signal
College of Marine Living Resource Sciences and Management Shanghai Ocean University Shanghai China,34.9,Research activity,2026-09-20,2026-09-20T21:12:08+00:00,90,Later public procurement or installation signal
Federal Institute of Hydrology,34.9,Research activity,2026-09-20,2026-09-20T21:12:08+00:00,90,Later public procurement or installation signal
Hebei University of Engineering,34.9,Research activity,2026-09-20,2026-09-20T21:12:08+00:00,90,Later public procurement or installation signal
Institut polytechnique de Grenoble,34.9,Research activity,2026-09-20,2026-09-20T21:12:08+00:00,90,Later public procurement or installation signal
"Moscow University ""Synergy""; 80 b/3 Leningradsky Prospekt, Moscow, 125315, Russian Federation",34.9,Research activity,2026-09-20,2026-09-20T21:12:08+00:00,90,Later public procurement or installation signal
National Institute of Chemistry,34.9,Research activity,2026-09-20,2026-09-20T21:12:08+00:00,90,Later public procurement or installation signal
Qlab Analytical Laboratory (Greece),34.9,Research activity,2026-09-20,2026-09-20T21:12:08+00:00,90,Later public procurement or installation signal
University of Chinese Academy of Sciences,34.9,Research activity,2026-09-20,2026-09-20T21:12:08+00:00,90,Later public procurement or installation signal
Flemish Institute for Technological Research,34.8,Research activity,2026-09-20,2026-09-20T21:12:08+00:00,90,Later public procurement or installation signal
Izmir Institute of Technology,34.8,Research activity,2026-09-20,2026-09-20T21:12:08+00:00,90,Later public procurement or installation signal
Kashan University of Medical Sciences,34.8,Research activity,2026-09-20,2026-09-20T21:12:08+00:00,90,Later public procurement or installation signal
Universidade do Porto,34.8,Research activity,2026-09-20,2026-09-20T21:12:08+00:00,90,Later public procurement or installation signal
University of Amsterdam,34.8,Research activity,2026-09-20,2026-09-20T21:12:08+00:00,90,Later public procurement or installation signal
University of Szeged,34.8,Research activity,2026-09-20,2026-09-20T21:12:08+00:00,90,Later public procurement or installation signal
Consejo Nacional de Investigaciones Científicas y Técnicas,34.7,Research activity,2026-09-20,2026-09-20T21:12:08+00:00,90,Later public procurement or installation signal
"Istanbul University-Cerrahpasa Institute of Forensic Sciences and Legal Medicine, Department of Science, Buyukcekmece, Istanbul, Turkey",34.7,Research activity,2026-09-20,2026-09-20T21:12:08+00:00,90,Later public procurement or installation signal
N. I. Lobachevsky State University of Nizhny Novgorod,34.7,Research activity,2026-09-20,2026-09-20T21:12:08+00:00,90,Later public procurement or installation signal
National Institute for Bioprocessing Research and Training,34.7,Research activity,2026-09-20,2026-09-20T21:12:08+00:00,90,Later public procurement or installation signal
State Key Laboratory of Oncogene and Related Genes,34.7,Research activity,2026-09-20,2026-09-20T21:12:08+00:00,90,Later public procurement or installation signal
University of Adelaide,34.7,Research activity,2026-09-20,2026-09-20T21:12:08+00:00,90,Later public procurement or installation signal
University of Massachusetts Lowell,34.7,Research activity,2026-09-20,2026-09-20T21:12:08+00:00,90,Later public procurement or installation signal
Uttarakhand Open University,34.7,Research activity,2026-09-20,2026-09-20T21:12:08+00:00,90,Later public procurement or installation signal
Wake Forest University,34.7,Research activity,2026-09-20,2026-09-20T21:12:08+00:00,90,Later public procurement or installation signal
Roma Tre University,34.6,Instrument installation,2026-09-20,2026-09-20T21:12:08+00:00,90,Later public procurement or installation signal
Universitat de Barcelona,34.6,Research activity,2026-09-20,2026-09-20T21:12:08+00:00,90,Later public procurement or installation signal
University of Manchester,34.6,Research activity,2026-09-20,2026-09-20T21:12:08+00:00,90,Later public procurement or installation signal
Anhui University,34.5,Research activity,2026-09-20,2026-09-20T21:12:08+00:00,90,Later public procurement or installation signal
Beijing University of Technology,34.5,Research activity,2026-09-20,2026-09-20T21:12:08+00:00,90,Later public procurement or installation signal
Chang'an University,34.5,Research activity,2026-09-20,2026-09-20T21:12:08+00:00,90,Later public procurement or installation signal
Chongqing Medical University,34.5,Research activity,2026-09-20,2026-09-20T21:12:08+00:00,90,Later public procurement or installation signal
Guangzhou Institute of Geochemistry,34.5,Research activity,2026-09-20,2026-09-20T21:12:08+00:00,90,Later public procurement or installation signal
Istituto per il Sistema Produzione Animale in Ambiente Mediterraneo,34.5,Research activity,2026-09-20,2026-09-20T21:12:08+00:00,90,Later public procurement or installation signal
Planetary Science Institute,34.5,Research activity,2026-09-20,2026-09-20T21:12:08+00:00,90,Later public procurement or installation signal
Tomas Bata University in Zlín,34.5,Research activity,2026-09-20,2026-09-20T21:12:08+00:00,90,Later public procurement or installation signal
Universidad Nacional de Río Cuarto,34.5,Research activity,2026-09-20,2026-09-20T21:12:08+00:00,90,Later public procurement or installation signal
Universitat Politècnica de Catalunya,34.5,Research activity,2026-09-20,2026-09-20T21:12:08+00:00,90,Later public procurement or installation signal
"Zhengzhou Institutes of Multipurpose Utilization of Mineral Resource, China Academy of Geological Sciences, Zhengzhou 450006, China",34.5,Research activity,2026-09-20,2026-09-20T21:12:08+00:00,90,Later public procurement or installation signal
Ca' Foscari University of Venice,34.4,Research activity,2026-09-20,2026-09-20T21:12:08+00:00,90,Later public procurement or installation signal
Centre for Palaeogenetics,34.4,Research activity,2026-09-20,2026-09-20T21:12:08+00:00,90,Later public procurement or installation signal
MONTANA STATE UNIVERSITY - BOZEMAN,34.4,Funding received,2026-09-20,2026-09-20T21:12:08+00:00,90,Later public procurement or installation signal
"Maharishi School of Pharmaceutical Sciences, Maharishi University of Information Technology, Lucknow - 226013, Uttar Pradesh, India",34.4,Research activity,2026-09-20,2026-09-20T21:12:08+00:00,90,Later public procurement or installation signal
"Ordos Institute of Technology, Ordos 017010, China",34.4,Research activity,2026-09-20,2026-09-20T21:12:08+00:00,90,Later public procurement or installation signal
Siberian Research Institute of Agriculture and Peat,34.4,Research activity,2026-09-20,2026-09-20T21:12:08+00:00,90,Later public procurement or installation signal
Tunis El Manar University,34.4,Research activity,2026-09-20,2026-09-20T21:12:08+00:00,90,Later public procurement or installation signal
Agilent Technologies,34.3,Research activity,2026-09-20,2026-09-20T21:12:08+00:00,90,Later public procurement or installation signal
"B.K. Mody Government Pharmacy College, Polytechnic Campus, Near Aji Dam, Rajkot, Gujarat, India, Postal Code: 360003",34.3,Research activity,2026-09-20,2026-09-20T21:12:08+00:00,90,Later public procurement or installation signal
Ben-Gurion University of the Negev,34.3,Research activity,2026-09-20,2026-09-20T21:12:08+00:00,90,Later public procurement or installation signal
Brandon University,34.3,Research activity,2026-09-20,2026-09-20T21:12:08+00:00,90,Later public procurement or installation signal
Central South University,34.3,Research activity,2026-09-20,2026-09-20T21:12:08+00:00,90,Later public procurement or installation signal
Eurofins Nihon Soken K.K,34.3,Research activity,2026-09-20,2026-09-20T21:12:08+00:00,90,Later public procurement or installation signal
"Institute for Space-Earth Environmental Research, Nagoya University",34.3,Research activity,2026-09-20,2026-09-20T21:12:08+00:00,90,Later public procurement or installation signal
Johannes Kepler University of Linz,34.3,Research activity,2026-09-20,2026-09-20T21:12:08+00:00,90,Later public procurement or installation signal
Korea University of Technology and Education,34.3,Research activity,2026-09-20,2026-09-20T21:12:08+00:00,90,Later public procurement or installation signal
National United University,34.3,Research activity,2026-09-20,2026-09-20T21:12:08+00:00,90,Later public procurement or installation signal
RTI International,34.3,Research activity,2026-09-20,2026-09-20T21:12:08+00:00,90,Later public procurement or installation signal
Universidade do Estado do Rio de Janeiro,34.3,Research activity,2026-09-20,2026-09-20T21:12:08+00:00,90,Later public procurement or installation signal
University of Jiroft,34.3,Research activity,2026-09-20,2026-09-20T21:12:08+00:00,90,Later public procurement or installation signal
BHP (Australia),34.2,Research activity,2026-09-20,2026-09-20T21:12:08+00:00,90,Later public procurement or installation signal
Brown University,34.2,Research activity,2026-09-20,2026-09-20T21:12:08+00:00,90,Later public procurement or installation signal
"Graduate School of Pharmaceutical Sciences, Chiba University, 1-8-1 Inohana, Chuo, Chiba, Chiba 260-8675, Japan",34.2,Research activity,2026-09-20,2026-09-20T21:12:08+00:00,90,Later public procurement or installation signal
Institute of Geology and Geophysics,34.2,Research activity,2026-09-20,2026-09-20T21:12:08+00:00,90,Later public procurement or installation signal
Istituto Zooprofilattico Sperimentale delle Regioni Lazio e Toscana,34.2,Research activity,2026-09-20,2026-09-20T21:12:08+00:00,90,Later public procurement or installation signal
Lebanese American University,34.2,Research activity,2026-09-20,2026-09-20T21:12:08+00:00,90,Later public procurement or installation signal
Maastricht University,34.2,Research activity,2026-09-20,2026-09-20T21:12:08+00:00,90,Later public procurement or installation signal
University of Bayreuth,34.2,Research activity,2026-09-20,2026-09-20T21:12:08+00:00,90,Later public procurement or installation signal
University of L'Aquila,34.2,Research activity,2026-09-20,2026-09-20T21:12:08+00:00,90,Later public procurement or installation signal
"V.S. Sobolev Institute of Geology and Mineralogy, Siberian Branch of the Russian Academy of Sciences, 3 Acad. Koptyug Avenue, 630090 Novosibirsk, Russia",34.2,Research activity,2026-09-20,2026-09-20T21:12:08+00:00,90,Later public procurement or installation signal
Wadia Institute of Himalayan Geology Dehradun India,34.2,Research activity,2026-09-20,2026-09-20T21:12:08+00:00,90,Later public procurement or installation signal
Nanjing Agricultural University,34.1,Research activity,2026-09-20,2026-09-20T21:12:08+00:00,90,Later public procurement or installation signal
Sechenov University,34.1,Research activity,2026-09-20,2026-09-20T21:12:08+00:00,90,Later public procurement or installation signal
Texas Tech University,34.1,Research activity,2026-09-20,2026-09-20T21:12:08+00:00,90,Later public procurement or installation signal
United States Food and Drug Administration,34.1,Research activity,2026-09-20,2026-09-20T21:12:08+00:00,90,Later public procurement or installation signal
AGH University of Krakow,34.0,Research activity,2026-09-20,2026-09-20T21:12:08+00:00,90,Later public procurement or installation signal
American University in Cairo,34.0,Research activity,2026-09-20,2026-09-20T21:12:08+00:00,90,Later public procurement or installation signal
Communication University of China,34.0,Research activity,2026-09-20,2026-09-20T21:12:08+00:00,90,Later public procurement or installation signal
"Faculty of Chemistry, University of Warsaw, ul. Pasteura 1, 02-093 Warsaw, Poland",34.0,Research activity,2026-09-20,2026-09-20T21:12:08+00:00,90,Later public procurement or installation signal
Forschungszentrum Jülich,34.0,Research activity,2026-09-20,2026-09-20T21:12:08+00:00,90,Later public procurement or installation signal
Harbin Medical University,34.0,Research activity,2026-09-20,2026-09-20T21:12:08+00:00,90,Later public procurement or installation signal
Istituto Zooprofilattico Sperimentale Della Sicilia,34.0,Research activity,2026-09-20,2026-09-20T21:12:08+00:00,90,Later public procurement or installation signal
Jorge Basadre Grohmann National University,34.0,Research activity,2026-09-20,2026-09-20T21:12:08+00:00,90,Later public procurement or installation signal
Jožef Stefan Institute,34.0,Research activity,2026-09-20,2026-09-20T21:12:08+00:00,90,Later public procurement or installation signal
King's College London,34.0,Research activity,2026-09-20,2026-09-20T21:12:08+00:00,90,Later public procurement or installation signal
MEET Battery Research Center at the University of Münster,34.0,Research activity,2026-09-20,2026-09-20T21:12:08+00:00,90,Later public procurement or installation signal
Mongolian National University,34.0,Research activity,2026-09-20,2026-09-20T21:12:08+00:00,90,Later public procurement or installation signal
Nanchang Center for Disease Control and Prevention,34.0,Research activity,2026-09-20,2026-09-20T21:12:08+00:00,90,Later public procurement or installation signal
National Institute of Metrology,34.0,Research activity,2026-09-20,2026-09-20T21:12:08+00:00,90,Later public procurement or installation signal
National Security Agency,34.0,Research activity,2026-09-20,2026-09-20T21:12:08+00:00,90,Later public procurement or installation signal
Orion Corporation (United Kingdom),34.0,Research activity,2026-09-20,2026-09-20T21:12:08+00:00,90,Later public procurement or installation signal
Semmelweis University,34.0,Research activity,2026-09-20,2026-09-20T21:12:08+00:00,90,Later public procurement or installation signal
Special Health Resources for Texas,34.0,Research activity,2026-09-20,2026-09-20T21:12:08+00:00,90,Later public procurement or installation signal
University of Bamenda,34.0,Research activity,2026-09-20,2026-09-20T21:12:08+00:00,90,Later public procurement or installation signal
University of Central Florida,34.0,Research activity,2026-09-20,2026-09-20T21:12:08+00:00,90,Later public procurement or installation signal
University of Münster,34.0,Research activity,2026-09-20,2026-09-20T21:12:08+00:00,90,Later public procurement or installation signal
University of Veterinary Medicine,34.0,Research activity,2026-09-20,2026-09-20T21:12:08+00:00,90,Later public procurement or installation signal
Wrocław University of Science and Technology,34.0,Research activity,2026-09-20,2026-09-20T21:12:08+00:00,90,Later public procurement or installation signal
Chongqing Jiaotong University,33.9,Research activity,2026-09-20,2026-09-20T21:12:08+00:00,90,Later public procurement or installation signal
"Department of Earth Resources Engineering, Faculty of Engineering, Kyushu University",33.9,Research activity,2026-09-20,2026-09-20T21:12:08+00:00,90,Later public procurement or installation signal
"Department of Physical and Chemical Sciences, University of L’Aquila, Via Vetoio snc, 67100 L’Aquila, Italy",33.9,Research activity,2026-09-20,2026-09-20T21:12:08+00:00,90,Later public procurement or installation signal
"Institute for Chemistry and Biology of the Marine Environment (ICBM), School of Mathematics and Science Carl von Ossietzky Universität Oldenburg Oldenburg Germany",33.9,Research activity,2026-09-20,2026-09-20T21:12:08+00:00,90,Later public procurement or installation signal
Luxembourg Institute of Science and Technology,33.9,Research activity,2026-09-20,2026-09-20T21:12:08+00:00,90,Later public procurement or installation signal
Massachusetts General Hospital,33.9,Research activity,2026-09-20,2026-09-20T21:12:08+00:00,90,Later public procurement or installation signal
NS Kurnakova Institute of General and Inorganic Chemistry,33.9,Research activity,2026-09-20,2026-09-20T21:12:08+00:00,90,Later public procurement or installation signal
Queensland University of Technology,33.9,Research activity,2026-09-20,2026-09-20T21:12:08+00:00,90,Later public procurement or installation signal
"School of Earth Sciences and Resources, China University of Geosciences Beijing, Beijing 100083, China",33.9,Research activity,2026-09-20,2026-09-20T21:12:08+00:00,90,Later public procurement or installation signal
School of Pedagogical and Technological Education,33.9,Research activity,2026-09-20,2026-09-20T21:12:08+00:00,90,Later public procurement or installation signal
Selçuk University,33.9,Research activity,2026-09-20,2026-09-20T21:12:08+00:00,90,Later public procurement or installation signal
"Ufa Federal Research Center, Institute of Geology, Russian Academy of Sciences, 16/2, Karl Marx Street, Ufa 450077, Russia",33.9,Research activity,2026-09-20,2026-09-20T21:12:08+00:00,90,Later public procurement or installation signal
University of Tsukuba,33.9,Research activity,2026-09-20,2026-09-20T21:12:08+00:00,90,Later public procurement or installation signal
Agricultural Research Service,33.8,Research activity,2026-09-20,2026-09-20T21:12:08+00:00,90,Later public procurement or installation signal
Boston University,33.8,Research activity,2026-09-20,2026-09-20T21:12:08+00:00,90,Later public procurement or installation signal
Chinese Academy of Tropical Agricultural Sciences,33.8,Research activity,2026-09-20,2026-09-20T21:12:08+00:00,90,Later public procurement or installation signal
"Institute of Mineral Resources, Chinese Academy of Geological Sciences, Beijing 100037, China",33.8,Research activity,2026-09-20,2026-09-20T21:12:08+00:00,90,Later public procurement or installation signal
MEDICAL COLLEGE OF WISCONSIN,33.8,Funding received,2026-09-20,2026-09-20T21:12:08+00:00,90,Later public procurement or installation signal
Medizinische Hochschule Hannover,33.8,Research activity,2026-09-20,2026-09-20T21:12:08+00:00,90,Later public procurement or installation signal
Netaji Subhas University of Technology,33.8,Research activity,2026-09-20,2026-09-20T21:12:08+00:00,90,Later public procurement or installation signal
Shakarim University,33.8,Research activity,2026-09-20,2026-09-20T21:12:08+00:00,90,Later public procurement or installation signal
TUFTS UNIVERSITY BOSTON,33.8,Funding received,2026-09-20,2026-09-20T21:12:08+00:00,90,Later public procurement or installation signal
Tehran University of Medical Sciences,33.8,Research activity,2026-09-20,2026-09-20T21:12:08+00:00,90,Later public procurement or installation signal
University of Ilorin,33.8,Research activity,2026-09-20,2026-09-20T21:12:08+00:00,90,Later public procurement or installation signal
University of New Mexico,33.8,Research activity,2026-09-20,2026-09-20T21:12:08+00:00,90,Later public procurement or installation signal
University of Saskatchewan,33.8,Research activity,2026-09-20,2026-09-20T21:12:08+00:00,90,Later public procurement or installation signal
"Bee and Natural Products R&D and P&D Application and Research Center, Bingöl University, 12000 Bingöl, Türkiye",33.7,Research activity,2026-09-20,2026-09-20T21:12:08+00:00,90,Later public procurement or installation signal
Beijing Institute of Geology for Mineral Resources,33.7,Research activity,2026-09-20,2026-09-20T21:12:08+00:00,90,Later public procurement or installation signal
Chinese Academy of Medical Sciences & Peking Union Medical College,33.7,Research activity,2026-09-20,2026-09-20T21:12:08+00:00,90,Later public procurement or installation signal
German Cancer Research Center,33.7,Research activity,2026-09-20,2026-09-20T21:12:08+00:00,90,Later public procurement or installation signal
Hemwati Nandan Bahuguna Garhwal University,33.7,Research activity,2026-09-20,2026-09-20T21:12:08+00:00,90,Later public procurement or installation signal
Institute of Spectroscopy,33.7,Research activity,2026-09-20,2026-09-20T21:12:08+00:00,90,Later public procurement or installation signal
Karlsruhe Institute of Technology,33.7,Research activity,2026-09-20,2026-09-20T21:12:08+00:00,90,Later public procurement or installation signal
Military University of Technology in Warsaw,33.7,Research activity,2026-09-20,2026-09-20T21:12:08+00:00,90,Later public procurement or installation signal
Mount Allison University,33.7,Research activity,2026-09-20,2026-09-20T21:12:08+00:00,90,Later public procurement or installation signal
Museum of London Archaeology,33.7,Research activity,2026-09-20,2026-09-20T21:12:08+00:00,90,Later public procurement or installation signal
National Cheng Kung University,33.7,Research activity,2026-09-20,2026-09-20T21:12:08+00:00,90,Later public procurement or installation signal
National Institute of Technology Calicut,33.7,Research activity,2026-09-20,2026-09-20T21:12:08+00:00,90,Later public procurement or installation signal
University of Aveiro,33.7,Research activity,2026-09-20,2026-09-20T21:12:08+00:00,90,Later public procurement or installation signal
University of Surrey,33.7,Research activity,2026-09-20,2026-09-20T21:12:08+00:00,90,Later public procurement or installation signal
University of Tehran,33.7,Research activity,2026-09-20,2026-09-20T21:12:08+00:00,90,Later public procurement or installation signal
University of Utah,33.7,Research activity,2026-09-20,2026-09-20T21:12:08+00:00,90,Later public procurement or installation signal
Colorado State University,33.6,Research activity,2026-09-20,2026-09-20T21:12:08+00:00,90,Later public procurement or installation signal
National Centre for Compositional Characterisation of Materials,33.6,Research activity,2026-09-20,2026-09-20T21:12:08+00:00,90,Later public procurement or installation signal
National Institute for Research and Development of Isotopic and Molecular Technologies,33.6,Research activity,2026-09-20,2026-09-20T21:12:08+00:00,90,Later public procurement or installation signal
"National Metrology Institute of Japan (NMIJ), National Institute of Advanced Industrial Science and Technology (AIST)",33.6,Research activity,2026-09-20,2026-09-20T21:12:08+00:00,90,Later public procurement or installation signal
PerkinElmer (United States),33.6,Research activity,2026-09-20,2026-09-20T21:12:08+00:00,90,Later public procurement or installation signal
Research Center of Applied Geology of China Geological Survey,33.6,Research activity,2026-09-20,2026-09-20T21:12:08+00:00,90,Later public procurement or installation signal
Scientific Solutions and University of North Dakota,33.6,Research activity,2026-09-20,2026-09-20T21:12:08+00:00,90,Later public procurement or installation signal
Tongji University,33.6,Research activity,2026-09-20,2026-09-20T21:12:08+00:00,90,Later public procurement or installation signal
University of Azad Jammu and Kashmir,33.6,Research activity,2026-09-20,2026-09-20T21:12:08+00:00,90,Later public procurement or installation signal
Geoscience Australia,32.6,Research activity,2026-09-20,2026-09-20T21:12:08+00:00,90,Later public procurement or installation signal
Uppsala University,32.0,Research activity,2026-09-20,2026-09-20T21:12:08+00:00,90,Later public procurement or installation signal
Institute of Precambrian Geology and Geochronology,31.8,Research activity,2026-09-20,2026-09-20T21:12:08+00:00,90,Later public procurement or installation signal
"LSRE-LCM, ALiCE, Faculty of Engineering, University of Porto, Rua Dr. Roberto Frias, 4200-465 Porto, Portugal",31.7,Research activity,2026-09-20,2026-09-20T21:12:08+00:00,90,Later public procurement or installation signal
Saveetha University,31.7,Research activity,2026-09-20,2026-09-20T21:12:08+00:00,90,Later public procurement or installation signal
"FERRIC CONTRAST,",31.6,Funding received,2026-09-20,2026-09-20T21:12:08+00:00,90,Later public procurement or installation signal
TEXAS STATE UNIVERSITY,31.6,Instrument installation,2026-09-20,2026-09-20T21:12:08+00:00,90,Later public procurement or installation signal
UNIVERSITY OF DELAWARE,31.6,Funding received,2026-09-20,2026-09-20T21:12:08+00:00,90,Later public procurement or installation signal
Shanxi Normal University,31.4,Research activity,2026-09-20,2026-09-20T21:12:08+00:00,90,Later public procurement or installation signal
Helmholtz-Zentrum Berlin für Materialien und Energie,30.4,Research activity,2026-09-20,2026-09-20T21:12:08+00:00,90,Later public procurement or installation signal
University of Rostock,30.0,Research activity,2026-09-20,2026-09-20T21:12:08+00:00,90,Later public procurement or installation signal
Walker (United States),29.9,Research activity,2026-09-20,2026-09-20T21:12:08+00:00,90,Later public procurement or installation signal
National Nuclear Center of the Republic of Kazakhstan,29.0,Research activity,2026-09-20,2026-09-20T21:12:08+00:00,90,Later public procurement or installation signal
Case Western Reserve University,28.9,Research activity,2026-09-20,2026-09-20T21:12:08+00:00,90,Later public procurement or installation signal
UCL Australia,28.5,Research activity,2026-09-20,2026-09-20T21:12:08+00:00,90,Later public procurement or installation signal
School of Geography Nanjing Normal University Nanjing 210023 China,28.2,Research activity,2026-09-20,2026-09-20T21:12:08+00:00,90,Later public procurement or installation signal
University of Urbino,28.2,Research activity,2026-09-20,2026-09-20T21:12:08+00:00,90,Later public procurement or installation signal
Florida Gulf Coast University,27.9,Research activity,2026-09-20,2026-09-20T21:12:08+00:00,90,Later public procurement or installation signal
"Former Professor, Department of Mining Engineering, Indian Institute of Kharagpur, Kharagpur - 721302, West Bengal",27.8,Research activity,2026-09-20,2026-09-20T21:12:08+00:00,90,Later public procurement or installation signal
South Valley University,27.7,Research activity,2026-09-20,2026-09-20T21:12:08+00:00,90,Later public procurement or installation signal
University of Macau,27.7,Research activity,2026-09-20,2026-09-20T21:12:08+00:00,90,Later public procurement or installation signal
"Instituto de Óptica ""Daza de Valdés""",27.2,Research activity,2026-09-20,2026-09-20T21:12:08+00:00,90,Later public procurement or installation signal
Xi'an University of Architecture and Technology,27.2,Research activity,2026-09-20,2026-09-20T21:12:08+00:00,90,Later public procurement or installation signal
"Public Health Authority of the Slovak Republic, National Reference Center for Pesticide Residues, Trnavská Street 52, 826 45 Bratislava, Slovakia",27.1,Research activity,2026-09-20,2026-09-20T21:12:08+00:00,90,Later public procurement or installation signal
ASA College,27.0,Research activity,2026-09-20,2026-09-20T21:12:08+00:00,90,Later public procurement or installation signal
Ewha Womans University,27.0,Research activity,2026-09-20,2026-09-20T21:12:08+00:00,90,Later public procurement or installation signal
Gopalganj Science and Technology University,27.0,Research activity,2026-09-20,2026-09-20T21:12:08+00:00,90,Later public procurement or installation signal
Banasthali University,26.9,Research activity,2026-09-20,2026-09-20T21:12:08+00:00,90,Later public procurement or installation signal
Imam Mohammad ibn Saud Islamic University,26.9,Research activity,2026-09-20,2026-09-20T21:12:08+00:00,90,Later public procurement or installation signal
Shenzhen Institutes of Advanced Technology,26.9,Research activity,2026-09-20,2026-09-20T21:12:08+00:00,90,Later public procurement or installation signal
Nanjing University of Aeronautics and Astronautics,26.8,Research activity,2026-09-20,2026-09-20T21:12:08+00:00,90,Later public procurement or installation signal
China Jiliang University,26.7,Research activity,2026-09-20,2026-09-20T21:12:08+00:00,90,Later public procurement or installation signal
Gaziantep University,26.7,Research activity,2026-09-20,2026-09-20T21:12:08+00:00,90,Later public procurement or installation signal
Changzhou Vocational Institute of Light Industry,26.6,Research activity,2026-09-20,2026-09-20T21:12:08+00:00,90,Later public procurement or installation signal
Manipal Academy of Higher Education,26.6,Research activity,2026-09-20,2026-09-20T21:12:08+00:00,90,Later public procurement or installation signal
Université d'Orléans,26.6,Research activity,2026-09-20,2026-09-20T21:12:08+00:00,90,Later public procurement or installation signal
NeoPhotonics (United States),26.5,Research activity,2026-09-20,2026-09-20T21:12:08+00:00,90,Later public procurement or installation signal
Rice University,26.5,Research activity,2026-09-20,2026-09-20T21:12:08+00:00,90,Later public procurement or installation signal
Universidade Federal do Rio Grande do Sul,26.5,Research activity,2026-09-20,2026-09-20T21:12:08+00:00,90,Later public procurement or installation signal
Université de Montréal,26.5,Research activity,2026-09-20,2026-09-20T21:12:08+00:00,90,Later public procurement or installation signal
Gwangju Institute of Science and Technology,26.3,Research activity,2026-09-20,2026-09-20T21:12:08+00:00,90,Later public procurement or installation signal
Jingdezhen Ceramic Institute,26.3,Research activity,2026-09-20,2026-09-20T21:12:08+00:00,90,Later public procurement or installation signal
Korea Institute of Geoscience and Mineral Resources,26.3,Research activity,2026-09-20,2026-09-20T21:12:08+00:00,90,Later public procurement or installation signal
James Cook University,26.2,Research activity,2026-09-20,2026-09-20T21:12:08+00:00,90,Later public procurement or installation signal
Tohoku University,26.2,Research activity,2026-09-20,2026-09-20T21:12:08+00:00,90,Later public procurement or installation signal
Khulna University of Engineering and Technology,26.1,Research activity,2026-09-20,2026-09-20T21:12:08+00:00,90,Later public procurement or installation signal
Universidade Federal de Ouro Preto,26.1,Research activity,2026-09-20,2026-09-20T21:12:08+00:00,90,Later public procurement or installation signal
Sri Sathya Sai Institute of Higher Learning,26.0,Research activity,2026-09-20,2026-09-20T21:12:08+00:00,90,Later public procurement or installation signal
Beijing Jiaotong University,25.9,Research activity,2026-09-20,2026-09-20T21:12:08+00:00,90,Later public procurement or installation signal
Centre de Recherches Pétrographiques et Géochimiques,25.8,Research activity,2026-09-20,2026-09-20T21:12:08+00:00,90,Later public procurement or installation signal
Turgut Özal University,25.8,Research activity,2026-09-20,2026-09-20T21:12:08+00:00,90,Later public procurement or installation signal
Bilkent University,25.7,Research activity,2026-09-20,2026-09-20T21:12:08+00:00,90,Later public procurement or installation signal
Guangxi University,25.7,Research activity,2026-09-20,2026-09-20T21:12:08+00:00,90,Later public procurement or installation signal
Queen's University Belfast,25.7,Research activity,2026-09-20,2026-09-20T21:12:08+00:00,90,Later public procurement or installation signal
Seoul National University of Education,25.7,Research activity,2026-09-20,2026-09-20T21:12:08+00:00,90,Later public procurement or installation signal
University of North Dakota,25.7,Research activity,2026-09-20,2026-09-20T21:12:08+00:00,90,Later public procurement or installation signal
Ain Shams University,25.6,Research activity,2026-09-20,2026-09-20T21:12:08+00:00,90,Later public procurement or installation signal
"Department of Regulatory Affairs, Parul Institute of Pharmacy, Parul University, Vadodara, Gujarat, India",25.6,Research activity,2026-09-20,2026-09-20T21:12:08+00:00,90,Later public procurement or installation signal
GEOMAR Helmholtz Centre for Ocean Research Kiel Kiel Germany,25.6,Research activity,2026-09-20,2026-09-20T21:12:08+00:00,90,Later public procurement or installation signal
"Institute of Physical and Chemical Testing, Shaanxi Provincial Center for Disease Control and Prevention, Xi'an, 710054, P.R. China",25.6,Research activity,2026-09-20,2026-09-20T21:12:08+00:00,90,Later public procurement or installation signal
"Laboratory of Inorganic Chemistry, Department of Chemistry and Applied Biosciences, ETH Zürich, Vladimir-Prelog-Weg 1, 8093 Zurich, Switzerland",25.6,Research activity,2026-09-20,2026-09-20T21:12:08+00:00,90,Later public procurement or installation signal
"Public Health School, Fujian Medical University, Fuzhou, China",25.6,Research activity,2026-09-20,2026-09-20T21:12:08+00:00,90,Later public procurement or installation signal
Utrecht University,25.6,Research activity,2026-09-20,2026-09-20T21:12:08+00:00,90,Later public procurement or installation signal
Delft University of Technology,25.5,Research activity,2026-09-20,2026-09-20T21:12:08+00:00,90,Later public procurement or installation signal
Hong Kong University of Science and Technology,25.5,Research activity,2026-09-20,2026-09-20T21:12:08+00:00,90,Later public procurement or installation signal
Korea University,25.5,Research activity,2026-09-20,2026-09-20T21:12:08+00:00,90,Later public procurement or installation signal
Schott (Germany),25.5,Research activity,2026-09-20,2026-09-20T21:12:08+00:00,90,Later public procurement or installation signal
University of Rochester,25.5,Research activity,2026-09-20,2026-09-20T21:12:08+00:00,90,Later public procurement or installation signal
Wuhan University of Technology,25.5,Research activity,2026-09-20,2026-09-20T21:12:08+00:00,90,Later public procurement or installation signal
First Affiliated Hospital of Xi'an Jiaotong University,25.4,Research activity,2026-09-20,2026-09-20T21:12:08+00:00,90,Later public procurement or installation signal
Fudan University,25.4,Research activity,2026-09-20,2026-09-20T21:12:08+00:00,90,Later public procurement or installation signal
Hefei National Center for Physical Sciences at Nanoscale,25.4,Research activity,2026-09-20,2026-09-20T21:12:08+00:00,90,Later public procurement or installation signal
Korea Energy Economics Institute,25.4,Research activity,2026-09-20,2026-09-20T21:12:08+00:00,90,Later public procurement or installation signal
Mahidol University,25.4,Research activity,2026-09-20,2026-09-20T21:12:08+00:00,90,Later public procurement or installation signal
Suzhou University of Science and Technology,25.4,Research activity,2026-09-20,2026-09-20T21:12:08+00:00,90,Later public procurement or installation signal
Tarim University,25.4,Research activity,2026-09-20,2026-09-20T21:12:08+00:00,90,Later public procurement or installation signal
"University of California, Davis",25.4,Research activity,2026-09-20,2026-09-20T21:12:08+00:00,90,Later public procurement or installation signal
University of Teramo,25.4,Research activity,2026-09-20,2026-09-20T21:12:08+00:00,90,Later public procurement or installation signal
Wichita State University,25.3,Research activity,2026-09-20,2026-09-20T21:12:08+00:00,90,Later public procurement or installation signal
Institute of Science and Technology Austria,25.2,Research activity,2026-09-20,2026-09-20T21:12:08+00:00,90,Later public procurement or installation signal
Nanjing University of Chinese Medicine,25.2,Research activity,2026-09-20,2026-09-20T21:12:08+00:00,90,Later public procurement or installation signal
National University of Singapore,25.2,Research activity,2026-09-20,2026-09-20T21:12:08+00:00,90,Later public procurement or installation signal
Korea Institute of Ceramic Engineering and Technology,25.1,Research activity,2026-09-20,2026-09-20T21:12:08+00:00,90,Later public procurement or installation signal
Mansoura University,25.1,Research activity,2026-09-20,2026-09-20T21:12:08+00:00,90,Later public procurement or installation signal
Nanyang Technological University,25.1,Research activity,2026-09-20,2026-09-20T21:12:08+00:00,90,Later public procurement or installation signal
Universiti Teknologi Petronas,25.1,Research activity,2026-09-20,2026-09-20T21:12:08+00:00,90,Later public procurement or installation signal
Fujian Medical University,25.0,Research activity,2026-09-20,2026-09-20T21:12:08+00:00,90,Later public procurement or installation signal
Institute for Energy Technology,25.0,Research activity,2026-09-20,2026-09-20T21:12:08+00:00,90,Later public procurement or installation signal
Naval University of Engineering,25.0,Research activity,2026-09-20,2026-09-20T21:12:08+00:00,90,Later public procurement or installation signal
Northwestern University,25.0,Research activity,2026-09-20,2026-09-20T21:12:08+00:00,90,Later public procurement or installation signal
Panjab University,25.0,Research activity,2026-09-20,2026-09-20T21:12:08+00:00,90,Later public procurement or installation signal
University of Calgary,25.0,Research activity,2026-09-20,2026-09-20T21:12:08+00:00,90,Later public procurement or installation signal
University of Delhi,25.0,Research activity,2026-09-20,2026-09-20T21:12:08+00:00,90,Later public procurement or installation signal
Anhui Water Conservancy and Hydropower Survey and Design Institute,24.9,Research activity,2026-09-20,2026-09-20T21:12:08+00:00,90,Later public procurement or installation signal
Evides (Netherlands),24.9,Instrument installation,2026-09-20,2026-09-20T21:12:08+00:00,90,Later public procurement or installation signal
"G H Raisoni College of Engineering and Technology, Nagpur, India",24.9,Research activity,2026-09-20,2026-09-20T21:12:08+00:00,90,Later public procurement or installation signal
Micron (United States),24.9,Research activity,2026-09-20,2026-09-20T21:12:08+00:00,90,Later public procurement or installation signal
Nevşehir Hacı Bektaş Veli University,24.9,Research activity,2026-09-20,2026-09-20T21:12:08+00:00,90,Later public procurement or installation signal
Northeastern University,24.9,Research activity,2026-09-20,2026-09-20T21:12:08+00:00,90,Later public procurement or installation signal
Tianjin University,24.9,Research activity,2026-09-20,2026-09-20T21:12:08+00:00,90,Later public procurement or installation signal
University of Texas MD Anderson Cancer Center,24.9,Research activity,2026-09-20,2026-09-20T21:12:08+00:00,90,Later public procurement or installation signal
British Geological Survey,24.8,Research activity,2026-09-20,2026-09-20T21:12:08+00:00,90,Later public procurement or installation signal
Anhui Medical University,24.6,Research activity,2026-09-20,2026-09-20T21:12:08+00:00,90,Later public procurement or installation signal
Department of Earth and Environmental Sciences Syracuse University Syracuse New York USA,24.6,Research activity,2026-09-20,2026-09-20T21:12:08+00:00,90,Later public procurement or installation signal
Guangdong University Of Finances and Economics,24.6,Research activity,2026-09-20,2026-09-20T21:12:08+00:00,90,Later public procurement or installation signal
Indian Institute of Technology Kanpur,24.6,Research activity,2026-09-20,2026-09-20T21:12:08+00:00,90,Later public procurement or installation signal
Johns Hopkins University,24.6,Research activity,2026-09-20,2026-09-20T21:12:08+00:00,90,Later public procurement or installation signal
Mehran University of Engineering and Technology,24.6,Research activity,2026-09-20,2026-09-20T21:12:08+00:00,90,Later public procurement or installation signal
Ministry of Education of the People's Republic of China,24.6,Research activity,2026-09-20,2026-09-20T21:12:08+00:00,90,Later public procurement or installation signal
University of Johannesburg,24.6,Research activity,2026-09-20,2026-09-20T21:12:08+00:00,90,Later public procurement or installation signal
Beijing Normal University,24.5,Research activity,2026-09-20,2026-09-20T21:12:08+00:00,90,Later public procurement or installation signal
Georgia Institute of Technology,24.5,Research activity,2026-09-20,2026-09-20T21:12:08+00:00,90,Later public procurement or installation signal
Institute of Oceanology,24.5,Research activity,2026-09-20,2026-09-20T21:12:08+00:00,90,Later public procurement or installation signal
Lawrence Berkeley National Laboratory,24.5,Research activity,2026-09-20,2026-09-20T21:12:08+00:00,90,Later public procurement or installation signal
Shandong University,24.5,Research activity,2026-09-20,2026-09-20T21:12:08+00:00,90,Later public procurement or installation signal
South China Agricultural University,24.5,Research activity,2026-09-20,2026-09-20T21:12:08+00:00,90,Later public procurement or installation signal
University of Shahrood,24.5,Research activity,2026-09-20,2026-09-20T21:12:08+00:00,90,Later public procurement or installation signal
Central Salt and Marine Chemicals Research Institute,24.4,Research activity,2026-09-20,2026-09-20T21:12:08+00:00,90,Later public procurement or installation signal
City University of Hong Kong,24.4,Research activity,2026-09-20,2026-09-20T21:12:08+00:00,90,Later public procurement or installation signal
Helwan University,24.4,Research activity,2026-09-20,2026-09-20T21:12:08+00:00,90,Later public procurement or installation signal
Jinan University,24.4,Research activity,2026-09-20,2026-09-20T21:12:08+00:00,90,Later public procurement or installation signal
Monash University,24.4,Research activity,2026-09-20,2026-09-20T21:12:08+00:00,90,Later public procurement or installation signal
North-West University,24.4,Research activity,2026-09-20,2026-09-20T21:12:08+00:00,90,Later public procurement or installation signal
South China University of Technology,24.4,Research activity,2026-09-20,2026-09-20T21:12:08+00:00,90,Later public procurement or installation signal
Swiss Federal Institute of Aquatic Science and Technology,24.4,Research activity,2026-09-20,2026-09-20T21:12:08+00:00,90,Later public procurement or installation signal
University of California San Diego,24.4,Research activity,2026-09-20,2026-09-20T21:12:08+00:00,90,Later public procurement or installation signal
University of Cambridge,24.4,Research activity,2026-09-20,2026-09-20T21:12:08+00:00,90,Later public procurement or installation signal
University of Nottingham,24.4,Research activity,2026-09-20,2026-09-20T21:12:08+00:00,90,Later public procurement or installation signal
University of Science and Technology Beijing,24.4,Research activity,2026-09-20,2026-09-20T21:12:08+00:00,90,Later public procurement or installation signal
University of Venda,24.4,Research activity,2026-09-20,2026-09-20T21:12:08+00:00,90,Later public procurement or installation signal
Università Cattolica del Sacro Cuore,24.4,Research activity,2026-09-20,2026-09-20T21:12:08+00:00,90,Later public procurement or installation signal
Wenzhou University,24.4,Research activity,2026-09-20,2026-09-20T21:12:08+00:00,90,Later public procurement or installation signal
Wolaita Sodo University,24.4,Research activity,2026-09-20,2026-09-20T21:12:08+00:00,90,Later public procurement or installation signal
Ariel University,24.3,Research activity,2026-09-20,2026-09-20T21:12:08+00:00,90,Later public procurement or installation signal
Hebrew University of Jerusalem,24.3,Research activity,2026-09-20,2026-09-20T21:12:08+00:00,90,Later public procurement or installation signal
Indian Institute of Technology Madras,24.3,Research activity,2026-09-20,2026-09-20T21:12:08+00:00,90,Later public procurement or installation signal
Institut de Recerca en Energia de Catalunya,24.3,Research activity,2026-09-20,2026-09-20T21:12:08+00:00,90,Later public procurement or installation signal
Institute of Physics,24.3,Research activity,2026-09-20,2026-09-20T21:12:08+00:00,90,Later public procurement or installation signal
Chinese Academy of Agricultural Sciences,24.2,Research activity,2026-09-20,2026-09-20T21:12:08+00:00,90,Later public procurement or installation signal
Jilin University,24.2,Research activity,2026-09-20,2026-09-20T21:12:08+00:00,90,Later public procurement or installation signal
Qingdao University of Science and Technology,24.2,Research activity,2026-09-20,2026-09-20T21:12:08+00:00,90,Later public procurement or installation signal
University of Pittsburgh,24.2,Instrument installation,2026-09-20,2026-09-20T21:12:08+00:00,90,Later public procurement or installation signal
Wuhan National Laboratory for Optoelectronics,24.2,Research activity,2026-09-20,2026-09-20T21:12:08+00:00,90,Later public procurement or installation signal
Banaras Hindu University,24.1,Research activity,2026-09-20,2026-09-20T21:12:08+00:00,90,Later public procurement or installation signal
Cardinal Health (United States),24.1,Research activity,2026-09-20,2026-09-20T21:12:08+00:00,90,Later public procurement or installation signal
Hunan University,24.1,Research activity,2026-09-20,2026-09-20T21:12:08+00:00,90,Later public procurement or installation signal
Leibniz Institute for Catalysis,24.1,Research activity,2026-09-20,2026-09-20T21:12:08+00:00,90,Later public procurement or installation signal
Mansfield University,24.1,Research activity,2026-09-20,2026-09-20T21:12:08+00:00,90,Later public procurement or installation signal
North Carolina State University,24.1,Research activity,2026-09-20,2026-09-20T21:12:08+00:00,90,Later public procurement or installation signal
Stanford University,24.1,Research activity,2026-09-20,2026-09-20T21:12:08+00:00,90,Later public procurement or installation signal
Tallinn University of Technology,24.1,Research activity,2026-09-20,2026-09-20T21:12:08+00:00,90,Later public procurement or installation signal
University of Florida,24.1,Research activity,2026-09-20,2026-09-20T21:12:08+00:00,90,Later public procurement or installation signal
University of Southern California,24.1,Research activity,2026-09-20,2026-09-20T21:12:08+00:00,90,Later public procurement or installation signal
University of Sri Jayewardenepura,24.1,Research activity,2026-09-20,2026-09-20T21:12:08+00:00,90,Later public procurement or installation signal
Wichita Falls Independent School District,24.1,Research activity,2026-09-20,2026-09-20T21:12:08+00:00,90,Later public procurement or installation signal
Bar-Ilan University,24.0,Research activity,2026-09-20,2026-09-20T21:12:08+00:00,90,Later public procurement or installation signal
China Architecture Design & Research Group (China),24.0,Research activity,2026-09-20,2026-09-20T21:12:08+00:00,90,Later public procurement or installation signal
"Chinese University of Hong Kong, Shenzhen",24.0,Research activity,2026-09-20,2026-09-20T21:12:08+00:00,90,Later public procurement or installation signal
Jahrom University of Medical Sciences,24.0,Research activity,2026-09-20,2026-09-20T21:12:08+00:00,90,Later public procurement or installation signal
National Taipei University of Technology,24.0,Research activity,2026-09-20,2026-09-20T21:12:08+00:00,90,Later public procurement or installation signal
Shanghai Ninth People's Hospital,24.0,Research activity,2026-09-20,2026-09-20T21:12:08+00:00,90,Later public procurement or installation signal
Tianjin University of Technology,24.0,Research activity,2026-09-20,2026-09-20T21:12:08+00:00,90,Later public procurement or installation signal
Universidade Nova de Lisboa,24.0,Research activity,2026-09-20,2026-09-20T21:12:08+00:00,90,Later public procurement or installation signal
University of Alberta,24.0,Research activity,2026-09-20,2026-09-20T21:12:08+00:00,90,Later public procurement or installation signal
University of Louisville,24.0,Research activity,2026-09-20,2026-09-20T21:12:08+00:00,90,Later public procurement or installation signal
Accadis Hochschule Bad Homburg,23.9,Research activity,2026-09-20,2026-09-20T21:12:08+00:00,90,Later public procurement or installation signal
Chengdu University,23.9,Research activity,2026-09-20,2026-09-20T21:12:08+00:00,90,Later public procurement or installation signal
Indian Institute of Science Bangalore,23.9,Research activity,2026-09-20,2026-09-20T21:12:08+00:00,90,Later public procurement or installation signal
Nanjing Hydraulic Research Institute,23.9,Research activity,2026-09-20,2026-09-20T21:12:08+00:00,90,Later public procurement or installation signal
Punjab Engineering College,23.9,Research activity,2026-09-20,2026-09-20T21:12:08+00:00,90,Later public procurement or installation signal
Ruhr University Bochum,23.9,Research activity,2026-09-20,2026-09-20T21:12:08+00:00,90,Later public procurement or installation signal
University of Massachusetts Amherst,23.9,Research activity,2026-09-20,2026-09-20T21:12:08+00:00,90,Later public procurement or installation signal
Federal Institute For Materials Research and Testing,93.1,Research activity,2026-09-21,2026-09-21T22:25:57+00:00,90,Later public procurement or installation signal
Centre National de la Recherche Scientifique,92.8,Research activity,2026-09-21,2026-09-21T22:25:57+00:00,90,Later public procurement or installation signal
China University of Geosciences,91.8,Research activity,2026-09-21,2026-09-21T22:25:57+00:00,90,Later public procurement or installation signal
China University of Geosciences (Beijing),90.8,Research activity,2026-09-21,2026-09-21T22:25:57+00:00,90,Later public procurement or installation signal
Charles University,90.1,Research activity,2026-09-21,2026-09-21T22:25:57+00:00,90,Later public procurement or installation signal
Chinese Academy of Sciences,88.9,Research activity,2026-09-21,2026-09-21T22:25:57+00:00,90,Later public procurement or installation signal
Montanuniversität Leoben,85.1,Instrument installation,2026-09-21,2026-09-21T22:25:57+00:00,90,Later public procurement or installation signal
Sichuan University,84.4,Research activity,2026-09-21,2026-09-21T22:25:57+00:00,90,Later public procurement or installation signal
ETH Zurich,84.0,Research activity,2026-09-21,2026-09-21T22:25:57+00:00,90,Later public procurement or installation signal
Universidad de Oviedo,83.6,Research activity,2026-09-21,2026-09-21T22:25:57+00:00,90,Later public procurement or installation signal
University of Insubria,80.3,Research activity,2026-09-21,2026-09-21T22:25:57+00:00,90,Later public procurement or installation signal
Seoul National University,80.0,Research activity,2026-09-21,2026-09-21T22:25:57+00:00,90,Later public procurement or installation signal
Kunming University of Science and Technology,78.8,Research activity,2026-09-21,2026-09-21T22:25:57+00:00,90,Later public procurement or installation signal
UNIVERSITY OF PITTSBURGH AT PITTSBURGH,77.7,Funding received,2026-09-21,2026-09-21T22:25:57+00:00,90,Later public procurement or installation signal
University of Geneva,75.4,Research activity,2026-09-21,2026-09-21T22:25:57+00:00,90,Later public procurement or installation signal
RUTGERS BIOMEDICAL AND HEALTH SCIENCES,74.9,Funding received,2026-09-21,2026-09-21T22:25:57+00:00,90,Later public procurement or installation signal
Northwest University,74.3,Research activity,2026-09-21,2026-09-21T22:25:57+00:00,90,Later public procurement or installation signal
Paul Scherrer Institute,73.5,Research activity,2026-09-21,2026-09-21T22:25:57+00:00,90,Later public procurement or installation signal
JOHNS HOPKINS UNIVERSITY,73.4,Funding received,2026-09-21,2026-09-21T22:25:57+00:00,90,Later public procurement or installation signal
UNIVERSITY OF VIRGINIA,73.1,Funding received,2026-09-21,2026-09-21T22:25:57+00:00,90,Later public procurement or installation signal
Goethe University Frankfurt,72.3,Research activity,2026-09-21,2026-09-21T22:25:57+00:00,90,Later public procurement or installation signal
Universidade Federal de Santa Maria,71.7,Research activity,2026-09-21,2026-09-21T22:25:57+00:00,90,Later public procurement or installation signal
Universidad de Zaragoza,71.2,Research activity,2026-09-21,2026-09-21T22:25:57+00:00,90,Later public procurement or installation signal
"UNIVERSITY OF CALIFORNIA, SAN FRANCISCO",69.6,Funding received,2026-09-21,2026-09-21T22:25:57+00:00,90,Later public procurement or installation signal
University of North Carolina at Chapel Hill,68.4,Research activity,2026-09-21,2026-09-21T22:25:57+00:00,90,Later public procurement or installation signal
Jagiellonian University,67.9,Research activity,2026-09-21,2026-09-21T22:25:57+00:00,90,Later public procurement or installation signal
University of Queensland,67.6,Research activity,2026-09-21,2026-09-21T22:25:57+00:00,90,Later public procurement or installation signal
IMEC,66.1,Research activity,2026-09-21,2026-09-21T22:25:57+00:00,90,Later public procurement or installation signal
BOSTON UNIVERSITY MEDICAL CAMPUS,65.6,Funding received,2026-09-21,2026-09-21T22:25:57+00:00,90,Later public procurement or installation signal
BAYLOR COLLEGE OF MEDICINE,65.0,Funding received,2026-09-21,2026-09-21T22:25:57+00:00,90,Later public procurement or installation signal
Yonsei University,64.0,Research activity,2026-09-21,2026-09-21T22:25:57+00:00,90,Later public procurement or installation signal
Pacific Northwest National Laboratory,63.6,Research activity,2026-09-21,2026-09-21T22:25:57+00:00,90,Later public procurement or installation signal
"University of Toronto (Toronto, Canada)",62.8,Research activity,2026-09-21,2026-09-21T22:25:57+00:00,90,Later public procurement or installation signal
University of Ljubljana,62.7,Research activity,2026-09-21,2026-09-21T22:25:57+00:00,90,Later public procurement or installation signal
University of Science and Technology of China,61.9,Research activity,2026-09-21,2026-09-21T22:25:57+00:00,90,Later public procurement or installation signal
"Adelaide University (Adelaide, Australia)",61.8,Research activity,2026-09-21,2026-09-21T22:25:57+00:00,90,Later public procurement or installation signal
Zhengzhou University,61.7,Research activity,2026-09-21,2026-09-21T22:25:57+00:00,90,Later public procurement or installation signal
UNIVERSITY OF MASSACHUSETTS AMHERST,61.2,Funding received,2026-09-21,2026-09-21T22:25:57+00:00,90,Later public procurement or installation signal
Bayerisches Landesamt für Umwelt,60.9,Research activity,2026-09-21,2026-09-21T22:25:57+00:00,90,Later public procurement or installation signal
DUKE UNIVERSITY,60.3,Funding received,2026-09-21,2026-09-21T22:25:57+00:00,90,Later public procurement or installation signal
Koneru Lakshmaiah Education Foundation,59.6,Research activity,2026-09-21,2026-09-21T22:25:57+00:00,90,Later public procurement or installation signal
State Key Laboratory of Geological Processes and Mineral Resources,59.4,Research activity,2026-09-21,2026-09-21T22:25:57+00:00,90,Later public procurement or installation signal
Shanghai Jiao Tong University,59.3,Research activity,2026-09-21,2026-09-21T22:25:57+00:00,90,Later public procurement or installation signal
University of St Andrews,59.2,Research activity,2026-09-21,2026-09-21T22:25:57+00:00,90,Later public procurement or installation signal
"Department of Petroleum Geosciences, Science Faculty, Soran University, Erbil 4400, Iraq",59.1,Research activity,2026-09-21,2026-09-21T22:25:57+00:00,90,Later public procurement or installation signal
NORTHWESTERN UNIVERSITY,59.0,Funding received,2026-09-21,2026-09-21T22:25:57+00:00,90,Later public procurement or installation signal
WASHINGTON UNIVERSITY,58.9,Funding received,2026-09-21,2026-09-21T22:25:57+00:00,90,Later public procurement or installation signal
Masaryk University,58.8,Research activity,2026-09-21,2026-09-21T22:25:57+00:00,90,Later public procurement or installation signal
University of Graz,58.8,Research activity,2026-09-21,2026-09-21T22:25:57+00:00,90,Later public procurement or installation signal
WEILL MEDICAL COLL OF CORNELL UNIV,58.7,Funding received,2026-09-21,2026-09-21T22:25:57+00:00,90,Later public procurement or installation signal
UNIV OF ARKANSAS FOR MED SCIS,58.6,Funding received,2026-09-21,2026-09-21T22:25:57+00:00,90,Later public procurement or installation signal
Palacký University Olomouc,58.4,Research activity,2026-09-21,2026-09-21T22:25:57+00:00,90,Later public procurement or installation signal
University of Technology Sydney,58.4,Research activity,2026-09-21,2026-09-21T22:25:57+00:00,90,Later public procurement or installation signal
VANDERBILT UNIVERSITY,58.4,Funding received,2026-09-21,2026-09-21T22:25:57+00:00,90,Later public procurement or installation signal
National Research Council Canada,58.2,Research activity,2026-09-21,2026-09-21T22:25:57+00:00,90,Later public procurement or installation signal
CEDARS-SINAI MEDICAL CENTER,58.1,Funding received,2026-09-21,2026-09-21T22:25:57+00:00,90,Later public procurement or installation signal
KU Leuven,58.1,Research activity,2026-09-21,2026-09-21T22:25:57+00:00,90,Later public procurement or installation signal
University of Birmingham,58.1,Research activity,2026-09-21,2026-09-21T22:25:57+00:00,90,Later public procurement or installation signal
Concordia University,58.0,Research activity,2026-09-21,2026-09-21T22:25:57+00:00,90,Later public procurement or installation signal
"TU Wien, Institute of Chemical Technologies and Analytics, Getreidemarkt 9/164, 1060 Vienna, Austria",58.0,Research activity,2026-09-21,2026-09-21T22:25:57+00:00,90,Later public procurement or installation signal
Northwestern Polytechnical University,57.9,Research activity,2026-09-21,2026-09-21T22:25:57+00:00,90,Later public procurement or installation signal
VIRGINIA COMMONWEALTH UNIVERSITY,57.7,Funding received,2026-09-21,2026-09-21T22:25:57+00:00,90,Later public procurement or installation signal
COLUMBIA UNIVERSITY HEALTH SCIENCES,57.4,Funding received,2026-09-21,2026-09-21T22:25:57+00:00,90,Later public procurement or installation signal
École Polytechnique Fédérale de Lausanne,57.2,Research activity,2026-09-21,2026-09-21T22:25:57+00:00,90,Later public procurement or installation signal
TU Wien,57.2,Research activity,2026-09-21,2026-09-21T22:25:57+00:00,90,Later public procurement or installation signal
Capital Medical University,57.1,Research activity,2026-09-21,2026-09-21T22:25:57+00:00,90,Later public procurement or installation signal
Chiba University,56.9,Research activity,2026-09-21,2026-09-21T22:25:57+00:00,90,Later public procurement or installation signal
Southern University of Science and Technology,56.7,Research activity,2026-09-21,2026-09-21T22:25:57+00:00,90,Later public procurement or installation signal
"School of Gemology, China University of Geosciences Beijing, 29 Xue Yuan Road, Beijing 100083, China",56.7,Research activity,2026-09-21,2026-09-21T22:25:57+00:00,90,Later public procurement or installation signal
Ghent University,56.6,Research activity,2026-09-21,2026-09-21T22:25:57+00:00,90,Later public procurement or installation signal
UNIVERSITY OF NEW MEXICO HEALTH SCIS CTR,56.1,Funding received,2026-09-21,2026-09-21T22:25:57+00:00,90,Later public procurement or installation signal
British Geological Survey,54.2,Research activity,2026-09-21,2026-09-21T22:25:57+00:00,90,Later public procurement or installation signal
University College Dublin,54.0,Research activity,2026-09-21,2026-09-21T22:25:57+00:00,90,Later public procurement or installation signal
SINTEF,53.4,Research activity,2026-09-21,2026-09-21T22:25:57+00:00,90,Later public procurement or installation signal
Helmholtz Institute Erlangen-Nürnberg,52.1,Research activity,2026-09-21,2026-09-21T22:25:57+00:00,90,Later public procurement or installation signal
Chengdu University of Technology,51.8,Research activity,2026-09-21,2026-09-21T22:25:57+00:00,90,Later public procurement or installation signal
China University of Mining and Technology,51.7,Research activity,2026-09-21,2026-09-21T22:25:57+00:00,90,Later public procurement or installation signal
Bangladesh Council of Scientific and Industrial Research,51.6,Research activity,2026-09-21,2026-09-21T22:25:57+00:00,90,Later public procurement or installation signal
Al-Farabi Kazakh National University,51.5,Research activity,2026-09-21,2026-09-21T22:25:57+00:00,90,Later public procurement or installation signal
University of Toronto,51.4,Research activity,2026-09-21,2026-09-21T22:25:57+00:00,90,Later public procurement or installation signal
Van Yüzüncü Yıl Üniversitesi,51.4,Research activity,2026-09-21,2026-09-21T22:25:57+00:00,90,Later public procurement or installation signal
INSTITUTUL NATIONAL DE CERCETARE-DEZVOLTARE PENTRU GEOLOGIE SI GEOECOLOGIE MARINA GEOECOMAR,51.4,Active tender,2026-09-21,2026-09-21T22:25:57+00:00,90,Later public procurement or installation signal
Universiti Putra Malaysia,51.0,Research activity,2026-09-21,2026-09-21T22:25:57+00:00,90,Later public procurement or installation signal
Yunnan University,50.7,Research activity,2026-09-21,2026-09-21T22:25:57+00:00,90,Later public procurement or installation signal
Hefei University of Technology,50.5,Research activity,2026-09-21,2026-09-21T22:25:57+00:00,90,Later public procurement or installation signal
University of Tasmania,50.1,Research activity,2026-09-21,2026-09-21T22:25:57+00:00,90,Later public procurement or installation signal
University of Oxford,49.9,Research activity,2026-09-21,2026-09-21T22:25:57+00:00,90,Later public procurement or installation signal
Central European Institute of Technology,49.8,Research activity,2026-09-21,2026-09-21T22:25:57+00:00,90,Later public procurement or installation signal
Valahia University of Targoviste,49.7,Research activity,2026-09-21,2026-09-21T22:25:57+00:00,90,Later public procurement or installation signal
Guangdong University of Technology,47.0,Research activity,2026-09-21,2026-09-21T22:25:57+00:00,90,Later public procurement or installation signal
Université du Québec à Chicoutimi,46.7,Research activity,2026-09-21,2026-09-21T22:25:57+00:00,90,Later public procurement or installation signal
Beijing Institute of Technology,45.7,Research activity,2026-09-21,2026-09-21T22:25:57+00:00,90,Later public procurement or installation signal
MEDICAL UNIVERSITY OF SOUTH CAROLINA,45.6,Funding received,2026-09-21,2026-09-21T22:25:57+00:00,90,Later public procurement or installation signal
NEW YORK UNIVERSITY,45.5,Funding received,2026-09-21,2026-09-21T22:25:57+00:00,90,Later public procurement or installation signal
H. LEE MOFFITT CANCER CTR & RES INST,45.4,Funding received,2026-09-21,2026-09-21T22:25:57+00:00,90,Later public procurement or installation signal
MASSACHUSETTS GENERAL HOSPITAL,45.4,Funding received,2026-09-21,2026-09-21T22:25:57+00:00,90,Later public procurement or installation signal
STATE UNIVERSITY OF NEW YORK AT BUFFALO,45.4,Funding received,2026-09-21,2026-09-21T22:25:57+00:00,90,Later public procurement or installation signal
Kyushu University,45.0,Research activity,2026-09-21,2026-09-21T22:25:57+00:00,90,Later public procurement or installation signal
National Geophysical Research Institute,44.7,Research activity,2026-09-21,2026-09-21T22:25:57+00:00,90,Later public procurement or installation signal
Ministry of Education,44.6,Research activity,2026-09-21,2026-09-21T22:25:57+00:00,90,Later public procurement or installation signal
UNIVERSITY OF KENTUCKY,44.2,Funding received,2026-09-21,2026-09-21T22:25:57+00:00,90,Later public procurement or installation signal
Zhejiang University of Technology,44.0,Research activity,2026-09-21,2026-09-21T22:25:57+00:00,90,Later public procurement or installation signal
Korea Advanced Institute of Science and Technology,43.7,Research activity,2026-09-21,2026-09-21T22:25:57+00:00,90,Later public procurement or installation signal
Pohang University of Science and Technology,43.6,Research activity,2026-09-21,2026-09-21T22:25:57+00:00,90,Later public procurement or installation signal
Sun Yat-sen University,43.5,Research activity,2026-09-21,2026-09-21T22:25:57+00:00,90,Later public procurement or installation signal
Argonne National Laboratory,43.2,Research activity,2026-09-21,2026-09-21T22:25:57+00:00,90,Later public procurement or installation signal
Hong Kong Polytechnic University,42.7,Research activity,2026-09-21,2026-09-21T22:25:57+00:00,90,Later public procurement or installation signal
Nankai University,42.7,Research activity,2026-09-21,2026-09-21T22:25:57+00:00,90,Later public procurement or installation signal
Jiangsu University,42.3,Research activity,2026-09-21,2026-09-21T22:25:57+00:00,90,Later public procurement or installation signal
Qatar University,42.3,Research activity,2026-09-21,2026-09-21T22:25:57+00:00,90,Later public procurement or installation signal
MICHIGAN STATE UNIVERSITY,40.8,Funding received,2026-09-21,2026-09-21T22:25:57+00:00,90,Later public procurement or installation signal
UNIVERSITY OF WASHINGTON,40.0,Funding received,2026-09-21,2026-09-21T22:25:57+00:00,90,Later public procurement or installation signal
HENRY FORD HEALTH + MICHIGAN STATE UNIVERSITY HEALTH SCIENCES,39.9,Funding received,2026-09-21,2026-09-21T22:25:57+00:00,90,Later public procurement or installation signal
"State Key Laboratory of Palaeobiology and Stratigraphy, Nanjing Institute of Geology and Palaeontology Chinese Academy of Sciences Nanjing China",39.7,Research activity,2026-09-21,2026-09-21T22:25:57+00:00,90,Later public procurement or installation signal
Johnson Matthey (United Kingdom),39.5,Research activity,2026-09-21,2026-09-21T22:25:57+00:00,90,Later public procurement or installation signal
La Trobe University,39.5,Research activity,2026-09-21,2026-09-21T22:25:57+00:00,90,Later public procurement or installation signal
South Dakota School of Mines and Technology,39.5,Research activity,2026-09-21,2026-09-21T22:25:57+00:00,90,Later public procurement or installation signal
"TESLA-Analytical Chemistry, Institute of Chemistry",39.5,Research activity,2026-09-21,2026-09-21T22:25:57+00:00,90,Later public procurement or installation signal
DARTMOUTH COLLEGE,39.4,Funding received,2026-09-21,2026-09-21T22:25:57+00:00,90,Later public procurement or installation signal
Curtin University,39.3,Research activity,2026-09-21,2026-09-21T22:25:57+00:00,90,Later public procurement or installation signal
Yıldız Technical University,39.3,Research activity,2026-09-21,2026-09-21T22:25:57+00:00,90,Later public procurement or installation signal
"Department of Earth Sciences, Durham University, Durham DH1 3LE, UK",39.2,Research activity,2026-09-21,2026-09-21T22:25:57+00:00,90,Later public procurement or installation signal
"Institute of Nuclear Physics, Polish Academy of Sciences",39.1,Research activity,2026-09-21,2026-09-21T22:25:57+00:00,90,Later public procurement or installation signal
Utkal University,39.1,Research activity,2026-09-21,2026-09-21T22:25:57+00:00,90,Later public procurement or installation signal
UNIVERSITY OF CALIFORNIA AT DAVIS,39.0,Funding received,2026-09-21,2026-09-21T22:25:57+00:00,90,Later public procurement or installation signal
Graz University of Technology,38.9,Research activity,2026-09-21,2026-09-21T22:25:57+00:00,90,Later public procurement or installation signal
Khadicha Sulaymonova Republican Center of Forensic Expertise,38.9,Research activity,2026-09-21,2026-09-21T22:25:57+00:00,90,Later public procurement or installation signal
Centers for Disease Control and Prevention,38.8,Research activity,2026-09-21,2026-09-21T22:25:57+00:00,90,Later public procurement or installation signal
Forest Research Institute,38.8,Research activity,2026-09-21,2026-09-21T22:25:57+00:00,90,Later public procurement or installation signal
Kennesaw State University,38.8,Research activity,2026-09-21,2026-09-21T22:25:57+00:00,90,Later public procurement or installation signal
"Medical–Scientific Department , LifeLabs Medical Laboratory Services , Toronto , ON , Canada",38.7,Research activity,2026-09-21,2026-09-21T22:25:57+00:00,90,Later public procurement or installation signal
"Université Laval , , 1045, avenue de la Médecine, Pavillon Alexandre-Vachon",38.7,Research activity,2026-09-21,2026-09-21T22:25:57+00:00,90,Later public procurement or installation signal
National Institute of Advanced Industrial Science and Technology,38.6,Research activity,2026-09-21,2026-09-21T22:25:57+00:00,90,Later public procurement or installation signal
"Faculty of Chemistry, Adam Mickiewicz University, Uniwersytetu Poznańskiego 8, 61-614 Poznan, Poland",38.5,Research activity,2026-09-21,2026-09-21T22:25:57+00:00,90,Later public procurement or installation signal
"Department of Physics, Debre Markos University, Debre Markos, Ethiopia",38.4,Research activity,2026-09-21,2026-09-21T22:25:57+00:00,90,Later public procurement or installation signal
Indian Institute of Technology Ropar,38.3,Research activity,2026-09-21,2026-09-21T22:25:57+00:00,90,Later public procurement or installation signal
"Laboratoire de radioécologie, Département de chimie, Faculté des sciences et de génie, Université Laval, 1045, avenue de la Médecine, Pavillon Alexandre-Vachon, Québec G1V 0A6, Canada",38.3,Research activity,2026-09-21,2026-09-21T22:25:57+00:00,90,Later public procurement or installation signal
United States Geological Survey,38.3,Research activity,2026-09-21,2026-09-21T22:25:57+00:00,90,Later public procurement or installation signal
ChronusCamp Research – Isotope Geology Laboratory - Itapira,38.2,Research activity,2026-09-21,2026-09-21T22:25:57+00:00,90,Later public procurement or installation signal
De Montfort University,38.2,Research activity,2026-09-21,2026-09-21T22:25:57+00:00,90,Later public procurement or installation signal
"Department of Chemistry, Faculty of Science, Gakushuin University",38.2,Research activity,2026-09-21,2026-09-21T22:25:57+00:00,90,Later public procurement or installation signal
"EcotoQ, INRS-Eau Terre Environnement, 490 de la Couronne, Québec, Québec G1K 9A9, Canada",38.0,Research activity,2026-09-21,2026-09-21T22:25:57+00:00,90,Later public procurement or installation signal
Clemson University,37.8,Research activity,2026-09-21,2026-09-21T22:25:57+00:00,90,Later public procurement or installation signal
Universidade Estadual de Campinas (UNICAMP),37.8,Research activity,2026-09-21,2026-09-21T22:25:57+00:00,90,Later public procurement or installation signal
University of British Columbia,37.8,Research activity,2026-09-21,2026-09-21T22:25:57+00:00,90,Later public procurement or installation signal
"Department of Chemistry & Biochemistry, Rowan University, Glassboro, New Jersey, United States",37.7,Research activity,2026-09-21,2026-09-21T22:25:57+00:00,90,Later public procurement or installation signal
Directorate of Medicinal and Aromatic Plants Research,37.7,Research activity,2026-09-21,2026-09-21T22:25:57+00:00,90,Later public procurement or installation signal
Ahsanullah University of Science and Technology,37.6,Research activity,2026-09-21,2026-09-21T22:25:57+00:00,90,Later public procurement or installation signal
"College of Earth and Planetary Sciences, Chengdu University of Technology, Chengdu 610059, China",37.6,Research activity,2026-09-21,2026-09-21T22:25:57+00:00,90,Later public procurement or installation signal
"Moscow University ""Synergy""; 80 B, building 3 Leningradsky Prospekt, Moscow, 125315, Russian Federation",37.6,Research activity,2026-09-21,2026-09-21T22:25:57+00:00,90,Later public procurement or installation signal
Hospital Virgen de los Lirios,37.5,Research activity,2026-09-21,2026-09-21T22:25:57+00:00,90,Later public procurement or installation signal
Japan Agency for Marine-Earth Science and Technology,37.4,Research activity,2026-09-21,2026-09-21T22:25:57+00:00,90,Later public procurement or installation signal
"Air Liquide Balazs, 46409 Landing Pkwy,Fremont,CA,USA,94538",37.3,Research activity,2026-09-21,2026-09-21T22:25:57+00:00,90,Later public procurement or installation signal
"Institute of Environmental Engineering, The Faculty of Environmental Engineering and Geodesy, Wrocław University of Environmental and Life Sciences, Grunwaldzki Square 24, 50-363 Wrocław, Poland",37.3,Research activity,2026-09-21,2026-09-21T22:25:57+00:00,90,Later public procurement or installation signal
University of Trieste,37.3,Research activity,2026-09-21,2026-09-21T22:25:57+00:00,90,Later public procurement or installation signal
"Department of Chemistry, Andhra University, Visakhapatnam, 530003, Andhra Pradesh, India. 1Dr Reddy’s Labs, Hyderabad, Telangana, India",37.2,Research activity,2026-09-21,2026-09-21T22:25:57+00:00,90,Later public procurement or installation signal
"Czech Academy of Sciences, Institute of Inorganic Chemistry",37.1,Research activity,2026-09-21,2026-09-21T22:25:57+00:00,90,Later public procurement or installation signal
Erzincan Binali Yıldırım University,37.1,Research activity,2026-09-21,2026-09-21T22:25:57+00:00,90,Later public procurement or installation signal
Indian Institute of Technology Kharagpur,37.1,Research activity,2026-09-21,2026-09-21T22:25:57+00:00,90,Later public procurement or installation signal
Savannah River National Laboratory,37.1,Research activity,2026-09-21,2026-09-21T22:25:57+00:00,90,Later public procurement or installation signal
Tsinghua University,37.1,Research activity,2026-09-21,2026-09-21T22:25:57+00:00,90,Later public procurement or installation signal
Universidad Nacional de Córdoba,37.0,Research activity,2026-09-21,2026-09-21T22:25:57+00:00,90,Later public procurement or installation signal
"Geochemical Research Center, The University of Tokyo",36.8,Research activity,2026-09-21,2026-09-21T22:25:57+00:00,90,Later public procurement or installation signal
University of Kashan,36.7,Research activity,2026-09-21,2026-09-21T22:25:57+00:00,90,Later public procurement or installation signal
Fraunhofer Institute for Photonic Microsystems,36.5,Research activity,2026-09-21,2026-09-21T22:25:57+00:00,90,Later public procurement or installation signal
Medical University of Lublin,36.5,Research activity,2026-09-21,2026-09-21T22:25:57+00:00,90,Later public procurement or installation signal
Michigan State University,36.5,Research activity,2026-09-21,2026-09-21T22:25:57+00:00,90,Later public procurement or installation signal
Northern (Arctic) Federal University,36.5,Research activity,2026-09-21,2026-09-21T22:25:57+00:00,90,Later public procurement or installation signal
University of Tokyo,36.5,Research activity,2026-09-21,2026-09-21T22:25:57+00:00,90,Later public procurement or installation signal
Wilson College,36.5,Research activity,2026-09-21,2026-09-21T22:25:57+00:00,90,Later public procurement or installation signal
"HARRAN ÜNİVERSİTESİ, ECZACILIK FAKÜLTESİ",36.4,Research activity,2026-09-21,2026-09-21T22:25:57+00:00,90,Later public procurement or installation signal
Hanyang University,36.4,Research activity,2026-09-21,2026-09-21T22:25:57+00:00,90,Later public procurement or installation signal
Kazakh National Agrarian Research University,36.4,Research activity,2026-09-21,2026-09-21T22:25:57+00:00,90,Later public procurement or installation signal
King Fahd University of Petroleum and Minerals,36.4,Research activity,2026-09-21,2026-09-21T22:25:57+00:00,90,Later public procurement or installation signal
Mindanao State University – Iligan Institute of Technology,36.3,Research activity,2026-09-21,2026-09-21T22:25:57+00:00,90,Later public procurement or installation signal
"Department of Chemistry, Faculty of Science and Literature Bingöl University Bingöl Türkiye",36.2,Research activity,2026-09-21,2026-09-21T22:25:57+00:00,90,Later public procurement or installation signal
Ministry of Natural Resources,36.2,Research activity,2026-09-21,2026-09-21T22:25:57+00:00,90,Later public procurement or installation signal
Moss Landing Marine Laboratories,36.2,Research activity,2026-09-21,2026-09-21T22:25:57+00:00,90,Later public procurement or installation signal
Anhui Agricultural University,36.1,Research activity,2026-09-21,2026-09-21T22:25:57+00:00,90,Later public procurement or installation signal
National University College,36.1,Research activity,2026-09-21,2026-09-21T22:25:57+00:00,90,Later public procurement or installation signal
Prokhorov General Physics Institute,36.1,Research activity,2026-09-21,2026-09-21T22:25:57+00:00,90,Later public procurement or installation signal
"Department of Physical and Analytical Chemistry, Faculty of Chemistry, University of Oviedo, c/Julián Clavería 8, Oviedo 33006, Spain",36.0,Research activity,2026-09-21,2026-09-21T22:25:57+00:00,90,Later public procurement or installation signal
Institute of Geochemistry,36.0,Research activity,2026-09-21,2026-09-21T22:25:57+00:00,90,Later public procurement or installation signal
Japan Radioisotope Association,36.0,Research activity,2026-09-21,2026-09-21T22:25:57+00:00,90,Later public procurement or installation signal
Jawaharlal Nehru Tropical Botanic Garden and Research Institute,36.0,Research activity,2026-09-21,2026-09-21T22:25:57+00:00,90,Later public procurement or installation signal
Nanjing Institute of Agricultural Mechanization,36.0,Research activity,2026-09-21,2026-09-21T22:25:57+00:00,90,Later public procurement or installation signal
UNIVERSITY OF CALIFORNIA LOS ANGELES,36.0,Funding received,2026-09-21,2026-09-21T22:25:57+00:00,90,Later public procurement or installation signal
UNIVERSITY OF COLORADO DENVER,36.0,Funding received,2026-09-21,2026-09-21T22:25:57+00:00,90,Later public procurement or installation signal
"VESTO THERAPEUTICS,",36.0,Funding received,2026-09-21,2026-09-21T22:25:57+00:00,90,Later public procurement or installation signal
Amgen (United States),35.9,Research activity,2026-09-21,2026-09-21T22:25:57+00:00,90,Later public procurement or installation signal
Environmental and Occupational Health Sciences Institute,35.9,Research activity,2026-09-21,2026-09-21T22:25:57+00:00,90,Later public procurement or installation signal
"Faculty of Science, The University of Hongkong, Pokfulam, Hong Kong",35.9,Research activity,2026-09-21,2026-09-21T22:25:57+00:00,90,Later public procurement or installation signal
Iran University of Science and Technology,35.9,Research activity,2026-09-21,2026-09-21T22:25:57+00:00,90,Later public procurement or installation signal
Linköping University,35.9,Research activity,2026-09-21,2026-09-21T22:25:57+00:00,90,Later public procurement or installation signal
"MABSWITCH,",35.9,Funding received,2026-09-21,2026-09-21T22:25:57+00:00,90,Later public procurement or installation signal
UNIVERSITY OF MICHIGAN AT ANN ARBOR,35.9,Funding received,2026-09-21,2026-09-21T22:25:57+00:00,90,Later public procurement or installation signal
UNIVERSITY OF MINNESOTA,35.9,Funding received,2026-09-21,2026-09-21T22:25:57+00:00,90,Later public procurement or installation signal
Universidade Federal de São Paulo,35.9,Research activity,2026-09-21,2026-09-21T22:25:57+00:00,90,Later public procurement or installation signal
BETH ISRAEL DEACONESS MEDICAL CENTER,35.8,Funding received,2026-09-21,2026-09-21T22:25:57+00:00,90,Later public procurement or installation signal
EDI THERAPEUTICS,35.8,Funding received,2026-09-21,2026-09-21T22:25:57+00:00,90,Later public procurement or installation signal
Instytut Chemii i Techniki Jądrowej,35.8,Research activity,2026-09-21,2026-09-21T22:25:57+00:00,90,Later public procurement or installation signal
M.Auezov South Kazakhstan State University,35.8,Research activity,2026-09-21,2026-09-21T22:25:57+00:00,90,Later public procurement or installation signal
NORTH CAROLINA STATE UNIVERSITY RALEIGH,35.8,Funding received,2026-09-21,2026-09-21T22:25:57+00:00,90,Later public procurement or installation signal
RESEARCH INST NATIONWIDE CHILDREN'S HOSP,35.8,Funding received,2026-09-21,2026-09-21T22:25:57+00:00,90,Later public procurement or installation signal
ROSWELL PARK CANCER INSTITUTE,35.8,Funding received,2026-09-21,2026-09-21T22:25:57+00:00,90,Later public procurement or installation signal
STANFORD UNIVERSITY,35.8,Funding received,2026-09-21,2026-09-21T22:25:57+00:00,90,Later public procurement or installation signal
TIBURON BIO,35.8,Funding received,2026-09-21,2026-09-21T22:25:57+00:00,90,Later public procurement or installation signal
UNIVERSITY OF PENNSYLVANIA,35.8,Funding received,2026-09-21,2026-09-21T22:25:57+00:00,90,Later public procurement or installation signal
UNIVERSITY OF WISCONSIN-MADISON,35.8,Funding received,2026-09-21,2026-09-21T22:25:57+00:00,90,Later public procurement or installation signal
YALE UNIVERSITY,35.8,Funding received,2026-09-21,2026-09-21T22:25:57+00:00,90,Later public procurement or installation signal
COLORADO STATE UNIVERSITY,35.7,Funding received,2026-09-21,2026-09-21T22:25:57+00:00,90,Later public procurement or installation signal
Kumasi Technical University,35.7,Research activity,2026-09-21,2026-09-21T22:25:57+00:00,90,Later public procurement or installation signal
"Lawrence Livermore National Laboratory (LLNL), Livermore, CA (United States)",35.7,Research activity,2026-09-21,2026-09-21T22:25:57+00:00,90,Later public procurement or installation signal
University of Belgrade,35.7,Research activity,2026-09-21,2026-09-21T22:25:57+00:00,90,Later public procurement or installation signal
Bharathidasan University,35.6,Research activity,2026-09-21,2026-09-21T22:25:57+00:00,90,Later public procurement or installation signal
China Geological Survey,35.6,Research activity,2026-09-21,2026-09-21T22:25:57+00:00,90,Later public procurement or installation signal
Geological Survey of India,35.6,Research activity,2026-09-21,2026-09-21T22:25:57+00:00,90,Later public procurement or installation signal
Hebei University of Technology,35.6,Research activity,2026-09-21,2026-09-21T22:25:57+00:00,90,Later public procurement or installation signal
National Institute of Health Sciences,35.6,Research activity,2026-09-21,2026-09-21T22:25:57+00:00,90,Later public procurement or installation signal
Chinese Academy of Geological Sciences,35.5,Research activity,2026-09-21,2026-09-21T22:25:57+00:00,90,Later public procurement or installation signal
National Nuclear Energy Agency of Indonesia,35.5,Instrument installation,2026-09-21,2026-09-21T22:25:57+00:00,90,Later public procurement or installation signal
"University of California, Irvine",35.5,Research activity,2026-09-21,2026-09-21T22:25:57+00:00,90,Later public procurement or installation signal
Australian Resources Research Centre,35.4,Research activity,2026-09-21,2026-09-21T22:25:57+00:00,90,Later public procurement or installation signal
Center for Food Safety and Applied Nutrition,35.4,Research activity,2026-09-21,2026-09-21T22:25:57+00:00,90,Later public procurement or installation signal
Charotar University of Science and Technology,35.4,Research activity,2026-09-21,2026-09-21T22:25:57+00:00,90,Later public procurement or installation signal
Czech Geological Survey,35.4,Research activity,2026-09-21,2026-09-21T22:25:57+00:00,90,Later public procurement or installation signal
Giresun University,35.4,Research activity,2026-09-21,2026-09-21T22:25:57+00:00,90,Later public procurement or installation signal
Griffith University,35.4,Research activity,2026-09-21,2026-09-21T22:25:57+00:00,90,Later public procurement or installation signal
Universidad Privada San Juan Bautista,35.4,Research activity,2026-09-21,2026-09-21T22:25:57+00:00,90,Later public procurement or installation signal
Universiti Sains Malaysia,35.4,Research activity,2026-09-21,2026-09-21T22:25:57+00:00,90,Later public procurement or installation signal
Universität Hamburg,35.4,Research activity,2026-09-21,2026-09-21T22:25:57+00:00,90,Later public procurement or installation signal
Zhejiang University,35.4,Research activity,2026-09-21,2026-09-21T22:25:57+00:00,90,Later public procurement or installation signal
Imperial College London,35.3,Research activity,2026-09-21,2026-09-21T22:25:57+00:00,90,Later public procurement or installation signal
Indian Institute of Toxicology Research,35.3,Research activity,2026-09-21,2026-09-21T22:25:57+00:00,90,Later public procurement or installation signal
Kuban State University,35.3,Research activity,2026-09-21,2026-09-21T22:25:57+00:00,90,Later public procurement or installation signal
South Carolina Department of Natural Resources,35.3,Research activity,2026-09-21,2026-09-21T22:25:57+00:00,90,Later public procurement or installation signal
State Key Laboratory of Pollution Control and Resource Reuse,35.3,Research activity,2026-09-21,2026-09-21T22:25:57+00:00,90,Later public procurement or installation signal
Arizona State University,35.2,Research activity,2026-09-21,2026-09-21T22:25:57+00:00,90,Later public procurement or installation signal
Auburn University,35.2,Research activity,2026-09-21,2026-09-21T22:25:57+00:00,90,Later public procurement or installation signal
Bhabha Atomic Research Centre,35.2,Research activity,2026-09-21,2026-09-21T22:25:57+00:00,90,Later public procurement or installation signal
"Chinese Academy of Geological Sciences, National Research Center for Geoanalysis, Beijing 100037, China",35.2,Research activity,2026-09-21,2026-09-21T22:25:57+00:00,90,Later public procurement or installation signal
"Department of Chemistry, Loughborough University, Epinal Way, Loughborough, Leicestershire, LE11 3TU, UK",35.2,Research activity,2026-09-21,2026-09-21T22:25:57+00:00,90,Later public procurement or installation signal
Department of Geology University of Tartu Tartu Estonia,35.2,Research activity,2026-09-21,2026-09-21T22:25:57+00:00,90,Later public procurement or installation signal
"Department of Geoscience, Institute of Geotechnology and Mineral Resources, Clausthal University of Technology, Adolph-Roemer-Str. 2A, 38678 Clausthal-Zellerfeld, Germany",35.2,Research activity,2026-09-21,2026-09-21T22:25:57+00:00,90,Later public procurement or installation signal
"Division for Chronological Research, Institute for Space-Earth Environmental Research, Nagoya University, Furo-cho, Chikusa-ku, Nagoya 464-8601, Japan",35.2,Research activity,2026-09-21,2026-09-21T22:25:57+00:00,90,Later public procurement or installation signal
Friends United,35.2,Research activity,2026-09-21,2026-09-21T22:25:57+00:00,90,Later public procurement or installation signal
"Graduate School of Pharmaceutical Sciences, Chiba University, 1-8-1 Inohana, Chuo, Chiba 260-8675, Japan",35.2,Research activity,2026-09-21,2026-09-21T22:25:57+00:00,90,Later public procurement or installation signal
"Guizhou University, China",35.2,Research activity,2026-09-21,2026-09-21T22:25:57+00:00,90,Later public procurement or installation signal
"Indiana University School of Medicine , Indianapolis, Indiana",35.2,Research activity,2026-09-21,2026-09-21T22:25:57+00:00,90,Later public procurement or installation signal
"Institute of Geosciences, Goethe University Frankfurt, Frankfurt am Main, Germany",35.2,Research activity,2026-09-21,2026-09-21T22:25:57+00:00,90,Later public procurement or installation signal
"Merck & Co., Inc., Rahway, NJ, USA (United States)",35.2,Research activity,2026-09-21,2026-09-21T22:25:57+00:00,90,Later public procurement or installation signal
"Oak Ridge National Laboratory, Oak Ridge, Tennessee, USA",35.2,Research activity,2026-09-21,2026-09-21T22:25:57+00:00,90,Later public procurement or installation signal
"School of Ocean & Earth Sciences, University of Southampton, National Oceanography Centre, European Way, Southampton, SO14 3ZH, UK",35.2,Research activity,2026-09-21,2026-09-21T22:25:57+00:00,90,Later public procurement or installation signal
"Scientific Instrument Center, Shanxi University, 92 Wucheng Road, Taiyuan, Shanxi, 030006, People's Republic of China",35.2,Research activity,2026-09-21,2026-09-21T22:25:57+00:00,90,Later public procurement or installation signal
"State Key Laboratory of Geological Processes and Mineral Resources, China University of Geosciences, Wuhan, 430074, PR China",35.2,Research activity,2026-09-21,2026-09-21T22:25:57+00:00,90,Later public procurement or installation signal
"State Key Laboratory of Lithospheric Evolution and Environmental Coevolution, School of Earth and Space Sciences, University of Science and Technology of China, Hefei, Anhui, China",35.2,Research activity,2026-09-21,2026-09-21T22:25:57+00:00,90,Later public procurement or installation signal
"State Key Laboratory of Lithospheric and Environmental Coevolution, Institute of Geology and Geophysics, Chinese Academy of Sciences, Beijing, 100029, P.R. China",35.2,Research activity,2026-09-21,2026-09-21T22:25:57+00:00,90,Later public procurement or installation signal
"TRACES, UMR 5608, CNRS, Université Toulouse Jean Jaurès, Ministère de la Culture, EHESS, INRAP, Maison de la Recherche, 5 allées Antonio Machado, F 31058 Toulouse Cedex 9, France",35.2,Research activity,2026-09-21,2026-09-21T22:25:57+00:00,90,Later public procurement or installation signal
"U.S. Geological Survey, Denver Federal Center , Denver, CO",35.2,Research activity,2026-09-21,2026-09-21T22:25:57+00:00,90,Later public procurement or installation signal
University of Bern,35.2,Research activity,2026-09-21,2026-09-21T22:25:57+00:00,90,Later public procurement or installation signal
"University of Chemistry and Technology, Prague",35.2,Research activity,2026-09-21,2026-09-21T22:25:57+00:00,90,Later public procurement or installation signal
"Department of Physical and Analytical Chemistry, Faculty of Chemistry, University of Oviedo, Julián Clavería 8, 33006 Oviedo, Spain",35.1,Research activity,2026-09-21,2026-09-21T22:25:57+00:00,90,Later public procurement or installation signal
Manisa Celal Bayar University,35.1,Research activity,2026-09-21,2026-09-21T22:25:57+00:00,90,Later public procurement or installation signal
Peking University,35.1,Research activity,2026-09-21,2026-09-21T22:25:57+00:00,90,Later public procurement or installation signal
Shanghai University of Medicine and Health Sciences,35.1,Research activity,2026-09-21,2026-09-21T22:25:57+00:00,90,Later public procurement or installation signal
Universidad Complutense de Madrid,35.1,Research activity,2026-09-21,2026-09-21T22:25:57+00:00,90,Later public procurement or installation signal
Vellore Institute of Technology University,35.1,Research activity,2026-09-21,2026-09-21T22:25:57+00:00,90,Later public procurement or installation signal
Inonu University,35.0,Research activity,2026-09-21,2026-09-21T22:25:57+00:00,90,Later public procurement or installation signal
Institute of Geographic Sciences and Natural Resources Research,35.0,Research activity,2026-09-21,2026-09-21T22:25:57+00:00,90,Later public procurement or installation signal
Pusan National University,35.0,Research activity,2026-09-21,2026-09-21T22:25:57+00:00,90,Later public procurement or installation signal
Toronto Metropolitan University,35.0,Research activity,2026-09-21,2026-09-21T22:25:57+00:00,90,Later public procurement or installation signal
UNIVERSITY OF CHICAGO,35.0,Funding received,2026-09-21,2026-09-21T22:25:57+00:00,90,Later public procurement or installation signal
UNIVERSITY OF MISSISSIPPI MED CTR,35.0,Funding received,2026-09-21,2026-09-21T22:25:57+00:00,90,Later public procurement or installation signal
Universidade de Santiago de Compostela,35.0,Research activity,2026-09-21,2026-09-21T22:25:57+00:00,90,Later public procurement or installation signal
Universitat Autònoma de Barcelona,35.0,Research activity,2026-09-21,2026-09-21T22:25:57+00:00,90,Later public procurement or installation signal
University of Michigan,35.0,Research activity,2026-09-21,2026-09-21T22:25:57+00:00,90,Later public procurement or installation signal
Xinjiang Institute of Ecology and Geography,35.0,Research activity,2026-09-21,2026-09-21T22:25:57+00:00,90,Later public procurement or installation signal
Air Liquide (United States),34.9,Research activity,2026-09-21,2026-09-21T22:25:57+00:00,90,Later public procurement or installation signal
College of Marine Living Resource Sciences and Management Shanghai Ocean University Shanghai China,34.9,Research activity,2026-09-21,2026-09-21T22:25:57+00:00,90,Later public procurement or installation signal
Federal Institute of Hydrology,34.9,Research activity,2026-09-21,2026-09-21T22:25:57+00:00,90,Later public procurement or installation signal
Hebei University of Engineering,34.9,Research activity,2026-09-21,2026-09-21T22:25:57+00:00,90,Later public procurement or installation signal
Institut polytechnique de Grenoble,34.9,Research activity,2026-09-21,2026-09-21T22:25:57+00:00,90,Later public procurement or installation signal
Jordan University of Science and Technology,34.9,Research activity,2026-09-21,2026-09-21T22:25:57+00:00,90,Later public procurement or installation signal
"Moscow University ""Synergy""; 80 b/3 Leningradsky Prospekt, Moscow, 125315, Russian Federation",34.9,Research activity,2026-09-21,2026-09-21T22:25:57+00:00,90,Later public procurement or installation signal
National Institute of Chemistry,34.9,Research activity,2026-09-21,2026-09-21T22:25:57+00:00,90,Later public procurement or installation signal
University of Chinese Academy of Sciences,34.9,Research activity,2026-09-21,2026-09-21T22:25:57+00:00,90,Later public procurement or installation signal
Flemish Institute for Technological Research,34.8,Research activity,2026-09-21,2026-09-21T22:25:57+00:00,90,Later public procurement or installation signal
Izmir Institute of Technology,34.8,Research activity,2026-09-21,2026-09-21T22:25:57+00:00,90,Later public procurement or installation signal
Kashan University of Medical Sciences,34.8,Research activity,2026-09-21,2026-09-21T22:25:57+00:00,90,Later public procurement or installation signal
Qlab Analytical Laboratory (Greece),34.8,Research activity,2026-09-21,2026-09-21T22:25:57+00:00,90,Later public procurement or installation signal
Universidade do Porto,34.8,Research activity,2026-09-21,2026-09-21T22:25:57+00:00,90,Later public procurement or installation signal
University of Amsterdam,34.8,Research activity,2026-09-21,2026-09-21T22:25:57+00:00,90,Later public procurement or installation signal
University of Szeged,34.8,Research activity,2026-09-21,2026-09-21T22:25:57+00:00,90,Later public procurement or installation signal
Consejo Nacional de Investigaciones Científicas y Técnicas,34.7,Research activity,2026-09-21,2026-09-21T22:25:57+00:00,90,Later public procurement or installation signal
"Istanbul University-Cerrahpasa Institute of Forensic Sciences and Legal Medicine, Department of Science, Buyukcekmece, Istanbul, Turkey",34.7,Research activity,2026-09-21,2026-09-21T22:25:57+00:00,90,Later public procurement or installation signal
N. I. Lobachevsky State University of Nizhny Novgorod,34.7,Research activity,2026-09-21,2026-09-21T22:25:57+00:00,90,Later public procurement or installation signal
National Institute for Bioprocessing Research and Training,34.7,Research activity,2026-09-21,2026-09-21T22:25:57+00:00,90,Later public procurement or installation signal
State Key Laboratory of Oncogene and Related Genes,34.7,Research activity,2026-09-21,2026-09-21T22:25:57+00:00,90,Later public procurement or installation signal
University of Adelaide,34.7,Research activity,2026-09-21,2026-09-21T22:25:57+00:00,90,Later public procurement or installation signal
University of Massachusetts Lowell,34.7,Research activity,2026-09-21,2026-09-21T22:25:57+00:00,90,Later public procurement or installation signal
Uttarakhand Open University,34.7,Research activity,2026-09-21,2026-09-21T22:25:57+00:00,90,Later public procurement or installation signal
Wake Forest University,34.7,Research activity,2026-09-21,2026-09-21T22:25:57+00:00,90,Later public procurement or installation signal
Roma Tre University,34.6,Instrument installation,2026-09-21,2026-09-21T22:25:57+00:00,90,Later public procurement or installation signal
Universitat de Barcelona,34.6,Research activity,2026-09-21,2026-09-21T22:25:57+00:00,90,Later public procurement or installation signal
University of Manchester,34.6,Research activity,2026-09-21,2026-09-21T22:25:57+00:00,90,Later public procurement or installation signal
Anhui University,34.5,Research activity,2026-09-21,2026-09-21T22:25:57+00:00,90,Later public procurement or installation signal
Beijing University of Technology,34.5,Research activity,2026-09-21,2026-09-21T22:25:57+00:00,90,Later public procurement or installation signal
Chang'an University,34.5,Research activity,2026-09-21,2026-09-21T22:25:57+00:00,90,Later public procurement or installation signal
Chongqing Medical University,34.5,Research activity,2026-09-21,2026-09-21T22:25:57+00:00,90,Later public procurement or installation signal
Guangzhou Institute of Geochemistry,34.5,Research activity,2026-09-21,2026-09-21T22:25:57+00:00,90,Later public procurement or installation signal
Istituto per il Sistema Produzione Animale in Ambiente Mediterraneo,34.5,Research activity,2026-09-21,2026-09-21T22:25:57+00:00,90,Later public procurement or installation signal
Planetary Science Institute,34.5,Research activity,2026-09-21,2026-09-21T22:25:57+00:00,90,Later public procurement or installation signal
Tomas Bata University in Zlín,34.5,Research activity,2026-09-21,2026-09-21T22:25:57+00:00,90,Later public procurement or installation signal
Universidad Nacional de Río Cuarto,34.5,Research activity,2026-09-21,2026-09-21T22:25:57+00:00,90,Later public procurement or installation signal
"Zhengzhou Institutes of Multipurpose Utilization of Mineral Resource, China Academy of Geological Sciences, Zhengzhou 450006, China",34.5,Research activity,2026-09-21,2026-09-21T22:25:57+00:00,90,Later public procurement or installation signal
Ca' Foscari University of Venice,34.4,Research activity,2026-09-21,2026-09-21T22:25:57+00:00,90,Later public procurement or installation signal
Centre for Palaeogenetics,34.4,Research activity,2026-09-21,2026-09-21T22:25:57+00:00,90,Later public procurement or installation signal
MONTANA STATE UNIVERSITY - BOZEMAN,34.4,Funding received,2026-09-21,2026-09-21T22:25:57+00:00,90,Later public procurement or installation signal
"Maharishi School of Pharmaceutical Sciences, Maharishi University of Information Technology, Lucknow - 226013, Uttar Pradesh, India",34.4,Research activity,2026-09-21,2026-09-21T22:25:57+00:00,90,Later public procurement or installation signal
"Ordos Institute of Technology, Ordos 017010, China",34.4,Research activity,2026-09-21,2026-09-21T22:25:57+00:00,90,Later public procurement or installation signal
Siberian Research Institute of Agriculture and Peat,34.4,Research activity,2026-09-21,2026-09-21T22:25:57+00:00,90,Later public procurement or installation signal
Tunis El Manar University,34.4,Research activity,2026-09-21,2026-09-21T22:25:57+00:00,90,Later public procurement or installation signal
Universitat Politècnica de Catalunya,34.4,Research activity,2026-09-21,2026-09-21T22:25:57+00:00,90,Later public procurement or installation signal
Agilent Technologies,34.3,Research activity,2026-09-21,2026-09-21T22:25:57+00:00,90,Later public procurement or installation signal
"B.K. Mody Government Pharmacy College, Polytechnic Campus, Near Aji Dam, Rajkot, Gujarat, India, Postal Code: 360003",34.3,Research activity,2026-09-21,2026-09-21T22:25:57+00:00,90,Later public procurement or installation signal
Ben-Gurion University of the Negev,34.3,Research activity,2026-09-21,2026-09-21T22:25:57+00:00,90,Later public procurement or installation signal
Brandon University,34.3,Research activity,2026-09-21,2026-09-21T22:25:57+00:00,90,Later public procurement or installation signal
Central South University,34.3,Research activity,2026-09-21,2026-09-21T22:25:57+00:00,90,Later public procurement or installation signal
Eurofins Nihon Soken K.K,34.3,Research activity,2026-09-21,2026-09-21T22:25:57+00:00,90,Later public procurement or installation signal
"Institute for Space-Earth Environmental Research, Nagoya University",34.3,Research activity,2026-09-21,2026-09-21T22:25:57+00:00,90,Later public procurement or installation signal
Johannes Kepler University of Linz,34.3,Research activity,2026-09-21,2026-09-21T22:25:57+00:00,90,Later public procurement or installation signal
Korea University of Technology and Education,34.3,Research activity,2026-09-21,2026-09-21T22:25:57+00:00,90,Later public procurement or installation signal
National United University,34.3,Research activity,2026-09-21,2026-09-21T22:25:57+00:00,90,Later public procurement or installation signal
RTI International,34.3,Research activity,2026-09-21,2026-09-21T22:25:57+00:00,90,Later public procurement or installation signal
Universidade do Estado do Rio de Janeiro,34.3,Research activity,2026-09-21,2026-09-21T22:25:57+00:00,90,Later public procurement or installation signal
University of Jiroft,34.3,Research activity,2026-09-21,2026-09-21T22:25:57+00:00,90,Later public procurement or installation signal
Brown University,34.2,Research activity,2026-09-21,2026-09-21T22:25:57+00:00,90,Later public procurement or installation signal
"Graduate School of Pharmaceutical Sciences, Chiba University, 1-8-1 Inohana, Chuo, Chiba, Chiba 260-8675, Japan",34.2,Research activity,2026-09-21,2026-09-21T22:25:57+00:00,90,Later public procurement or installation signal
Institute of Geology and Geophysics,34.2,Research activity,2026-09-21,2026-09-21T22:25:57+00:00,90,Later public procurement or installation signal
Istituto Zooprofilattico Sperimentale delle Regioni Lazio e Toscana,34.2,Research activity,2026-09-21,2026-09-21T22:25:57+00:00,90,Later public procurement or installation signal
Lebanese American University,34.2,Research activity,2026-09-21,2026-09-21T22:25:57+00:00,90,Later public procurement or installation signal
Maastricht University,34.2,Research activity,2026-09-21,2026-09-21T22:25:57+00:00,90,Later public procurement or installation signal
University of Bayreuth,34.2,Research activity,2026-09-21,2026-09-21T22:25:57+00:00,90,Later public procurement or installation signal
University of L'Aquila,34.2,Research activity,2026-09-21,2026-09-21T22:25:57+00:00,90,Later public procurement or installation signal
Wadia Institute of Himalayan Geology Dehradun India,34.2,Research activity,2026-09-21,2026-09-21T22:25:57+00:00,90,Later public procurement or installation signal
BHP (Australia),34.1,Research activity,2026-09-21,2026-09-21T22:25:57+00:00,90,Later public procurement or installation signal
Sechenov University,34.1,Research activity,2026-09-21,2026-09-21T22:25:57+00:00,90,Later public procurement or installation signal
Texas Tech University,34.1,Research activity,2026-09-21,2026-09-21T22:25:57+00:00,90,Later public procurement or installation signal
United States Food and Drug Administration,34.1,Research activity,2026-09-21,2026-09-21T22:25:57+00:00,90,Later public procurement or installation signal
"V.S. Sobolev Institute of Geology and Mineralogy, Siberian Branch of the Russian Academy of Sciences, 3 Acad. Koptyug Avenue, 630090 Novosibirsk, Russia",34.1,Research activity,2026-09-21,2026-09-21T22:25:57+00:00,90,Later public procurement or installation signal
AGH University of Krakow,34.0,Research activity,2026-09-21,2026-09-21T22:25:57+00:00,90,Later public procurement or installation signal
American University in Cairo,34.0,Research activity,2026-09-21,2026-09-21T22:25:57+00:00,90,Later public procurement or installation signal
Communication University of China,34.0,Research activity,2026-09-21,2026-09-21T22:25:57+00:00,90,Later public procurement or installation signal
"Faculty of Chemistry, University of Warsaw, ul. Pasteura 1, 02-093 Warsaw, Poland",34.0,Research activity,2026-09-21,2026-09-21T22:25:57+00:00,90,Later public procurement or installation signal
Forschungszentrum Jülich,34.0,Research activity,2026-09-21,2026-09-21T22:25:57+00:00,90,Later public procurement or installation signal
Harbin Medical University,34.0,Research activity,2026-09-21,2026-09-21T22:25:57+00:00,90,Later public procurement or installation signal
Istituto Zooprofilattico Sperimentale Della Sicilia,34.0,Research activity,2026-09-21,2026-09-21T22:25:57+00:00,90,Later public procurement or installation signal
Jorge Basadre Grohmann National University,34.0,Research activity,2026-09-21,2026-09-21T22:25:57+00:00,90,Later public procurement or installation signal
Jožef Stefan Institute,34.0,Research activity,2026-09-21,2026-09-21T22:25:57+00:00,90,Later public procurement or installation signal
King's College London,34.0,Research activity,2026-09-21,2026-09-21T22:25:57+00:00,90,Later public procurement or installation signal
MEET Battery Research Center at the University of Münster,34.0,Research activity,2026-09-21,2026-09-21T22:25:57+00:00,90,Later public procurement or installation signal
Mongolian National University,34.0,Research activity,2026-09-21,2026-09-21T22:25:57+00:00,90,Later public procurement or installation signal
Nanchang Center for Disease Control and Prevention,34.0,Research activity,2026-09-21,2026-09-21T22:25:57+00:00,90,Later public procurement or installation signal
Nanjing Agricultural University,34.0,Research activity,2026-09-21,2026-09-21T22:25:57+00:00,90,Later public procurement or installation signal
National Institute of Metrology,34.0,Research activity,2026-09-21,2026-09-21T22:25:57+00:00,90,Later public procurement or installation signal
National Security Agency,34.0,Research activity,2026-09-21,2026-09-21T22:25:57+00:00,90,Later public procurement or installation signal
Orion Corporation (United Kingdom),34.0,Research activity,2026-09-21,2026-09-21T22:25:57+00:00,90,Later public procurement or installation signal
Semmelweis University,34.0,Research activity,2026-09-21,2026-09-21T22:25:57+00:00,90,Later public procurement or installation signal
Special Health Resources for Texas,34.0,Research activity,2026-09-21,2026-09-21T22:25:57+00:00,90,Later public procurement or installation signal
University of Bamenda,34.0,Research activity,2026-09-21,2026-09-21T22:25:57+00:00,90,Later public procurement or installation signal
University of Central Florida,34.0,Research activity,2026-09-21,2026-09-21T22:25:57+00:00,90,Later public procurement or installation signal
University of Münster,34.0,Research activity,2026-09-21,2026-09-21T22:25:57+00:00,90,Later public procurement or installation signal
University of Veterinary Medicine,34.0,Research activity,2026-09-21,2026-09-21T22:25:57+00:00,90,Later public procurement or installation signal
Wrocław University of Science and Technology,34.0,Research activity,2026-09-21,2026-09-21T22:25:57+00:00,90,Later public procurement or installation signal
Chongqing Jiaotong University,33.9,Research activity,2026-09-21,2026-09-21T22:25:57+00:00,90,Later public procurement or installation signal
"Department of Earth Resources Engineering, Faculty of Engineering, Kyushu University",33.9,Research activity,2026-09-21,2026-09-21T22:25:57+00:00,90,Later public procurement or installation signal
"Department of Physical and Chemical Sciences, University of L’Aquila, Via Vetoio snc, 67100 L’Aquila, Italy",33.9,Research activity,2026-09-21,2026-09-21T22:25:57+00:00,90,Later public procurement or installation signal
"Institute for Chemistry and Biology of the Marine Environment (ICBM), School of Mathematics and Science Carl von Ossietzky Universität Oldenburg Oldenburg Germany",33.9,Research activity,2026-09-21,2026-09-21T22:25:57+00:00,90,Later public procurement or installation signal
Luxembourg Institute of Science and Technology,33.9,Research activity,2026-09-21,2026-09-21T22:25:57+00:00,90,Later public procurement or installation signal
Massachusetts General Hospital,33.9,Research activity,2026-09-21,2026-09-21T22:25:57+00:00,90,Later public procurement or installation signal
Queensland University of Technology,33.9,Research activity,2026-09-21,2026-09-21T22:25:57+00:00,90,Later public procurement or installation signal
"School of Earth Sciences and Resources, China University of Geosciences Beijing, Beijing 100083, China",33.9,Research activity,2026-09-21,2026-09-21T22:25:57+00:00,90,Later public procurement or installation signal
School of Pedagogical and Technological Education,33.9,Research activity,2026-09-21,2026-09-21T22:25:57+00:00,90,Later public procurement or installation signal
Selçuk University,33.9,Research activity,2026-09-21,2026-09-21T22:25:57+00:00,90,Later public procurement or installation signal
"Ufa Federal Research Center, Institute of Geology, Russian Academy of Sciences, 16/2, Karl Marx Street, Ufa 450077, Russia",33.9,Research activity,2026-09-21,2026-09-21T22:25:57+00:00,90,Later public procurement or installation signal
University of Tsukuba,33.9,Research activity,2026-09-21,2026-09-21T22:25:57+00:00,90,Later public procurement or installation signal
Agricultural Research Service,33.8,Research activity,2026-09-21,2026-09-21T22:25:57+00:00,90,Later public procurement or installation signal
Boston University,33.8,Research activity,2026-09-21,2026-09-21T22:25:57+00:00,90,Later public procurement or installation signal
Chinese Academy of Tropical Agricultural Sciences,33.8,Research activity,2026-09-21,2026-09-21T22:25:57+00:00,90,Later public procurement or installation signal
Medizinische Hochschule Hannover,33.8,Research activity,2026-09-21,2026-09-21T22:25:57+00:00,90,Later public procurement or installation signal
NS Kurnakova Institute of General and Inorganic Chemistry,33.8,Research activity,2026-09-21,2026-09-21T22:25:57+00:00,90,Later public procurement or installation signal
Netaji Subhas University of Technology,33.8,Research activity,2026-09-21,2026-09-21T22:25:57+00:00,90,Later public procurement or installation signal
Shakarim University,33.8,Research activity,2026-09-21,2026-09-21T22:25:57+00:00,90,Later public procurement or installation signal
Tehran University of Medical Sciences,33.8,Research activity,2026-09-21,2026-09-21T22:25:57+00:00,90,Later public procurement or installation signal
University of Ilorin,33.8,Research activity,2026-09-21,2026-09-21T22:25:57+00:00,90,Later public procurement or installation signal
University of New Mexico,33.8,Research activity,2026-09-21,2026-09-21T22:25:57+00:00,90,Later public procurement or installation signal
University of Saskatchewan,33.8,Research activity,2026-09-21,2026-09-21T22:25:57+00:00,90,Later public procurement or installation signal
"Bee and Natural Products R&D and P&D Application and Research Center, Bingöl University, 12000 Bingöl, Türkiye",33.7,Research activity,2026-09-21,2026-09-21T22:25:57+00:00,90,Later public procurement or installation signal
Beijing Institute of Geology for Mineral Resources,33.7,Research activity,2026-09-21,2026-09-21T22:25:57+00:00,90,Later public procurement or installation signal
Chinese Academy of Medical Sciences & Peking Union Medical College,33.7,Research activity,2026-09-21,2026-09-21T22:25:57+00:00,90,Later public procurement or installation signal
German Cancer Research Center,33.7,Research activity,2026-09-21,2026-09-21T22:25:57+00:00,90,Later public procurement or installation signal
Hemwati Nandan Bahuguna Garhwal University,33.7,Research activity,2026-09-21,2026-09-21T22:25:57+00:00,90,Later public procurement or installation signal
"Institute of Mineral Resources, Chinese Academy of Geological Sciences, Beijing 100037, China",33.7,Research activity,2026-09-21,2026-09-21T22:25:57+00:00,90,Later public procurement or installation signal
Institute of Spectroscopy,33.7,Research activity,2026-09-21,2026-09-21T22:25:57+00:00,90,Later public procurement or installation signal
Karlsruhe Institute of Technology,33.7,Research activity,2026-09-21,2026-09-21T22:25:57+00:00,90,Later public procurement or installation signal
MEDICAL COLLEGE OF WISCONSIN,33.7,Funding received,2026-09-21,2026-09-21T22:25:57+00:00,90,Later public procurement or installation signal
Military University of Technology in Warsaw,33.7,Research activity,2026-09-21,2026-09-21T22:25:57+00:00,90,Later public procurement or installation signal
Mount Allison University,33.7,Research activity,2026-09-21,2026-09-21T22:25:57+00:00,90,Later public procurement or installation signal
Museum of London Archaeology,33.7,Research activity,2026-09-21,2026-09-21T22:25:57+00:00,90,Later public procurement or installation signal
National Cheng Kung University,33.7,Research activity,2026-09-21,2026-09-21T22:25:57+00:00,90,Later public procurement or installation signal
National Institute of Technology Calicut,33.7,Research activity,2026-09-21,2026-09-21T22:25:57+00:00,90,Later public procurement or installation signal
TUFTS UNIVERSITY BOSTON,33.7,Funding received,2026-09-21,2026-09-21T22:25:57+00:00,90,Later public procurement or installation signal
University of Aveiro,33.7,Research activity,2026-09-21,2026-09-21T22:25:57+00:00,90,Later public procurement or installation signal
University of Surrey,33.7,Research activity,2026-09-21,2026-09-21T22:25:57+00:00,90,Later public procurement or installation signal
University of Tehran,33.7,Research activity,2026-09-21,2026-09-21T22:25:57+00:00,90,Later public procurement or installation signal
University of Utah,33.7,Research activity,2026-09-21,2026-09-21T22:25:57+00:00,90,Later public procurement or installation signal
Colorado State University,33.6,Research activity,2026-09-21,2026-09-21T22:25:57+00:00,90,Later public procurement or installation signal
National Centre for Compositional Characterisation of Materials,33.6,Research activity,2026-09-21,2026-09-21T22:25:57+00:00,90,Later public procurement or installation signal
National Institute for Research and Development of Isotopic and Molecular Technologies,33.6,Research activity,2026-09-21,2026-09-21T22:25:57+00:00,90,Later public procurement or installation signal
"National Metrology Institute of Japan (NMIJ), National Institute of Advanced Industrial Science and Technology (AIST)",33.6,Research activity,2026-09-21,2026-09-21T22:25:57+00:00,90,Later public procurement or installation signal
PerkinElmer (United States),33.6,Research activity,2026-09-21,2026-09-21T22:25:57+00:00,90,Later public procurement or installation signal
Research Center of Applied Geology of China Geological Survey,33.6,Research activity,2026-09-21,2026-09-21T22:25:57+00:00,90,Later public procurement or installation signal
Scientific Solutions and University of North Dakota,33.6,Research activity,2026-09-21,2026-09-21T22:25:57+00:00,90,Later public procurement or installation signal
Tongji University,33.6,Research activity,2026-09-21,2026-09-21T22:25:57+00:00,90,Later public procurement or installation signal
University of Azad Jammu and Kashmir,33.6,Research activity,2026-09-21,2026-09-21T22:25:57+00:00,90,Later public procurement or installation signal
Geoscience Australia,32.6,Research activity,2026-09-21,2026-09-21T22:25:57+00:00,90,Later public procurement or installation signal
Uppsala University,31.9,Research activity,2026-09-21,2026-09-21T22:25:57+00:00,90,Later public procurement or installation signal
Institute of Precambrian Geology and Geochronology,31.8,Research activity,2026-09-21,2026-09-21T22:25:57+00:00,90,Later public procurement or installation signal
"LSRE-LCM, ALiCE, Faculty of Engineering, University of Porto, Rua Dr. Roberto Frias, 4200-465 Porto, Portugal",31.7,Research activity,2026-09-21,2026-09-21T22:25:57+00:00,90,Later public procurement or installation signal
Saveetha University,31.7,Research activity,2026-09-21,2026-09-21T22:25:57+00:00,90,Later public procurement or installation signal
"FERRIC CONTRAST,",31.6,Funding received,2026-09-21,2026-09-21T22:25:57+00:00,90,Later public procurement or installation signal
TEXAS STATE UNIVERSITY,31.6,Instrument installation,2026-09-21,2026-09-21T22:25:57+00:00,90,Later public procurement or installation signal
UNIVERSITY OF DELAWARE,31.6,Funding received,2026-09-21,2026-09-21T22:25:57+00:00,90,Later public procurement or installation signal
Shanxi Normal University,31.4,Research activity,2026-09-21,2026-09-21T22:25:57+00:00,90,Later public procurement or installation signal
Helmholtz-Zentrum Berlin für Materialien und Energie,30.4,Research activity,2026-09-21,2026-09-21T22:25:57+00:00,90,Later public procurement or installation signal
University of Rostock,30.0,Research activity,2026-09-21,2026-09-21T22:25:57+00:00,90,Later public procurement or installation signal
Walker (United States),29.9,Research activity,2026-09-21,2026-09-21T22:25:57+00:00,90,Later public procurement or installation signal
National Nuclear Center of the Republic of Kazakhstan,29.0,Research activity,2026-09-21,2026-09-21T22:25:57+00:00,90,Later public procurement or installation signal
Case Western Reserve University,28.9,Research activity,2026-09-21,2026-09-21T22:25:57+00:00,90,Later public procurement or installation signal
UCL Australia,28.5,Research activity,2026-09-21,2026-09-21T22:25:57+00:00,90,Later public procurement or installation signal
School of Geography Nanjing Normal University Nanjing 210023 China,28.2,Research activity,2026-09-21,2026-09-21T22:25:57+00:00,90,Later public procurement or installation signal
University of Urbino,28.2,Research activity,2026-09-21,2026-09-21T22:25:57+00:00,90,Later public procurement or installation signal
Florida Gulf Coast University,27.9,Research activity,2026-09-21,2026-09-21T22:25:57+00:00,90,Later public procurement or installation signal
"Former Professor, Department of Mining Engineering, Indian Institute of Kharagpur, Kharagpur - 721302, West Bengal",27.8,Research activity,2026-09-21,2026-09-21T22:25:57+00:00,90,Later public procurement or installation signal
South Valley University,27.7,Research activity,2026-09-21,2026-09-21T22:25:57+00:00,90,Later public procurement or installation signal
University of Macau,27.7,Research activity,2026-09-21,2026-09-21T22:25:57+00:00,90,Later public procurement or installation signal
"Instituto de Óptica ""Daza de Valdés""",27.2,Research activity,2026-09-21,2026-09-21T22:25:57+00:00,90,Later public procurement or installation signal
Xi'an University of Architecture and Technology,27.2,Research activity,2026-09-21,2026-09-21T22:25:57+00:00,90,Later public procurement or installation signal
"Public Health Authority of the Slovak Republic, National Reference Center for Pesticide Residues, Trnavská Street 52, 826 45 Bratislava, Slovakia",27.1,Research activity,2026-09-21,2026-09-21T22:25:57+00:00,90,Later public procurement or installation signal
ASA College,27.0,Research activity,2026-09-21,2026-09-21T22:25:57+00:00,90,Later public procurement or installation signal
Ewha Womans University,27.0,Research activity,2026-09-21,2026-09-21T22:25:57+00:00,90,Later public procurement or installation signal
Gopalganj Science and Technology University,27.0,Research activity,2026-09-21,2026-09-21T22:25:57+00:00,90,Later public procurement or installation signal
Banasthali University,26.9,Research activity,2026-09-21,2026-09-21T22:25:57+00:00,90,Later public procurement or installation signal
Imam Mohammad ibn Saud Islamic University,26.9,Research activity,2026-09-21,2026-09-21T22:25:57+00:00,90,Later public procurement or installation signal
Shenzhen Institutes of Advanced Technology,26.9,Research activity,2026-09-21,2026-09-21T22:25:57+00:00,90,Later public procurement or installation signal
Nanjing University of Aeronautics and Astronautics,26.8,Research activity,2026-09-21,2026-09-21T22:25:57+00:00,90,Later public procurement or installation signal
China Jiliang University,26.7,Research activity,2026-09-21,2026-09-21T22:25:57+00:00,90,Later public procurement or installation signal
Gaziantep University,26.7,Research activity,2026-09-21,2026-09-21T22:25:57+00:00,90,Later public procurement or installation signal
Manipal Academy of Higher Education,26.6,Research activity,2026-09-21,2026-09-21T22:25:57+00:00,90,Later public procurement or installation signal
Université d'Orléans,26.6,Research activity,2026-09-21,2026-09-21T22:25:57+00:00,90,Later public procurement or installation signal
Changzhou Vocational Institute of Light Industry,26.5,Research activity,2026-09-21,2026-09-21T22:25:57+00:00,90,Later public procurement or installation signal
NeoPhotonics (United States),26.5,Research activity,2026-09-21,2026-09-21T22:25:57+00:00,90,Later public procurement or installation signal
Universidade Federal do Rio Grande do Sul,26.5,Research activity,2026-09-21,2026-09-21T22:25:57+00:00,90,Later public procurement or installation signal
Université de Montréal,26.5,Research activity,2026-09-21,2026-09-21T22:25:57+00:00,90,Later public procurement or installation signal
Rice University,26.4,Research activity,2026-09-21,2026-09-21T22:25:57+00:00,90,Later public procurement or installation signal
Gwangju Institute of Science and Technology,26.3,Research activity,2026-09-21,2026-09-21T22:25:57+00:00,90,Later public procurement or installation signal
Jingdezhen Ceramic Institute,26.3,Research activity,2026-09-21,2026-09-21T22:25:57+00:00,90,Later public procurement or installation signal
Korea Institute of Geoscience and Mineral Resources,26.3,Research activity,2026-09-21,2026-09-21T22:25:57+00:00,90,Later public procurement or installation signal
James Cook University,26.2,Research activity,2026-09-21,2026-09-21T22:25:57+00:00,90,Later public procurement or installation signal
Tohoku University,26.2,Research activity,2026-09-21,2026-09-21T22:25:57+00:00,90,Later public procurement or installation signal
Khulna University of Engineering and Technology,26.1,Research activity,2026-09-21,2026-09-21T22:25:57+00:00,90,Later public procurement or installation signal
Universidade Federal de Ouro Preto,26.1,Research activity,2026-09-21,2026-09-21T22:25:57+00:00,90,Later public procurement or installation signal
Sri Sathya Sai Institute of Higher Learning,26.0,Research activity,2026-09-21,2026-09-21T22:25:57+00:00,90,Later public procurement or installation signal
Beijing Jiaotong University,25.9,Research activity,2026-09-21,2026-09-21T22:25:57+00:00,90,Later public procurement or installation signal
Turgut Özal University,25.8,Research activity,2026-09-21,2026-09-21T22:25:57+00:00,90,Later public procurement or installation signal
Centre de Recherches Pétrographiques et Géochimiques,25.7,Research activity,2026-09-21,2026-09-21T22:25:57+00:00,90,Later public procurement or installation signal
Guangxi University,25.7,Research activity,2026-09-21,2026-09-21T22:25:57+00:00,90,Later public procurement or installation signal
Queen's University Belfast,25.7,Research activity,2026-09-21,2026-09-21T22:25:57+00:00,90,Later public procurement or installation signal
Seoul National University of Education,25.7,Research activity,2026-09-21,2026-09-21T22:25:57+00:00,90,Later public procurement or installation signal
University of North Dakota,25.7,Research activity,2026-09-21,2026-09-21T22:25:57+00:00,90,Later public procurement or installation signal
Ain Shams University,25.6,Research activity,2026-09-21,2026-09-21T22:25:57+00:00,90,Later public procurement or installation signal
Bilkent University,25.6,Research activity,2026-09-21,2026-09-21T22:25:57+00:00,90,Later public procurement or installation signal
"Department of Regulatory Affairs, Parul Institute of Pharmacy, Parul University, Vadodara, Gujarat, India",25.6,Research activity,2026-09-21,2026-09-21T22:25:57+00:00,90,Later public procurement or installation signal
GEOMAR Helmholtz Centre for Ocean Research Kiel Kiel Germany,25.6,Research activity,2026-09-21,2026-09-21T22:25:57+00:00,90,Later public procurement or installation signal
"Institute of Physical and Chemical Testing, Shaanxi Provincial Center for Disease Control and Prevention, Xi'an, 710054, P.R. China",25.6,Research activity,2026-09-21,2026-09-21T22:25:57+00:00,90,Later public procurement or installation signal
"Laboratory of Inorganic Chemistry, Department of Chemistry and Applied Biosciences, ETH Zürich, Vladimir-Prelog-Weg 1, 8093 Zurich, Switzerland",25.6,Research activity,2026-09-21,2026-09-21T22:25:57+00:00,90,Later public procurement or installation signal
"Public Health School, Fujian Medical University, Fuzhou, China",25.6,Research activity,2026-09-21,2026-09-21T22:25:57+00:00,90,Later public procurement or installation signal
Utrecht University,25.6,Research activity,2026-09-21,2026-09-21T22:25:57+00:00,90,Later public procurement or installation signal
Delft University of Technology,25.5,Research activity,2026-09-21,2026-09-21T22:25:57+00:00,90,Later public procurement or installation signal
Hong Kong University of Science and Technology,25.5,Research activity,2026-09-21,2026-09-21T22:25:57+00:00,90,Later public procurement or installation signal
Korea University,25.5,Research activity,2026-09-21,2026-09-21T22:25:57+00:00,90,Later public procurement or installation signal
Schott (Germany),25.5,Research activity,2026-09-21,2026-09-21T22:25:57+00:00,90,Later public procurement or installation signal
University of Rochester,25.5,Research activity,2026-09-21,2026-09-21T22:25:57+00:00,90,Later public procurement or installation signal
Wuhan University of Technology,25.5,Research activity,2026-09-21,2026-09-21T22:25:57+00:00,90,Later public procurement or installation signal
First Affiliated Hospital of Xi'an Jiaotong University,25.4,Research activity,2026-09-21,2026-09-21T22:25:57+00:00,90,Later public procurement or installation signal
Fudan University,25.4,Research activity,2026-09-21,2026-09-21T22:25:57+00:00,90,Later public procurement or installation signal
Hefei National Center for Physical Sciences at Nanoscale,25.4,Research activity,2026-09-21,2026-09-21T22:25:57+00:00,90,Later public procurement or installation signal
Korea Energy Economics Institute,25.4,Research activity,2026-09-21,2026-09-21T22:25:57+00:00,90,Later public procurement or installation signal
Mahidol University,25.4,Research activity,2026-09-21,2026-09-21T22:25:57+00:00,90,Later public procurement or installation signal
Suzhou University of Science and Technology,25.4,Research activity,2026-09-21,2026-09-21T22:25:57+00:00,90,Later public procurement or installation signal
Tarim University,25.4,Research activity,2026-09-21,2026-09-21T22:25:57+00:00,90,Later public procurement or installation signal
"University of California, Davis",25.4,Research activity,2026-09-21,2026-09-21T22:25:57+00:00,90,Later public procurement or installation signal
University of Teramo,25.4,Research activity,2026-09-21,2026-09-21T22:25:57+00:00,90,Later public procurement or installation signal
Wichita State University,25.3,Research activity,2026-09-21,2026-09-21T22:25:57+00:00,90,Later public procurement or installation signal
Institute of Science and Technology Austria,25.2,Research activity,2026-09-21,2026-09-21T22:25:57+00:00,90,Later public procurement or installation signal
Nanjing University of Chinese Medicine,25.2,Research activity,2026-09-21,2026-09-21T22:25:57+00:00,90,Later public procurement or installation signal
National University of Singapore,25.2,Research activity,2026-09-21,2026-09-21T22:25:57+00:00,90,Later public procurement or installation signal
Korea Institute of Ceramic Engineering and Technology,25.1,Research activity,2026-09-21,2026-09-21T22:25:57+00:00,90,Later public procurement or installation signal
Mansoura University,25.1,Research activity,2026-09-21,2026-09-21T22:25:57+00:00,90,Later public procurement or installation signal
Nanyang Technological University,25.1,Research activity,2026-09-21,2026-09-21T22:25:57+00:00,90,Later public procurement or installation signal
Universiti Teknologi Petronas,25.1,Research activity,2026-09-21,2026-09-21T22:25:57+00:00,90,Later public procurement or installation signal
Fujian Medical University,25.0,Research activity,2026-09-21,2026-09-21T22:25:57+00:00,90,Later public procurement or installation signal
Institute for Energy Technology,25.0,Research activity,2026-09-21,2026-09-21T22:25:57+00:00,90,Later public procurement or installation signal
Naval University of Engineering,25.0,Research activity,2026-09-21,2026-09-21T22:25:57+00:00,90,Later public procurement or installation signal
Northwestern University,25.0,Research activity,2026-09-21,2026-09-21T22:25:57+00:00,90,Later public procurement or installation signal
Panjab University,25.0,Research activity,2026-09-21,2026-09-21T22:25:57+00:00,90,Later public procurement or installation signal
University of Calgary,25.0,Research activity,2026-09-21,2026-09-21T22:25:57+00:00,90,Later public procurement or installation signal
University of Delhi,25.0,Research activity,2026-09-21,2026-09-21T22:25:57+00:00,90,Later public procurement or installation signal
Anhui Water Conservancy and Hydropower Survey and Design Institute,24.9,Research activity,2026-09-21,2026-09-21T22:25:57+00:00,90,Later public procurement or installation signal
Evides (Netherlands),24.9,Instrument installation,2026-09-21,2026-09-21T22:25:57+00:00,90,Later public procurement or installation signal
"G H Raisoni College of Engineering and Technology, Nagpur, India",24.9,Research activity,2026-09-21,2026-09-21T22:25:57+00:00,90,Later public procurement or installation signal
Micron (United States),24.9,Research activity,2026-09-21,2026-09-21T22:25:57+00:00,90,Later public procurement or installation signal
Nevşehir Hacı Bektaş Veli University,24.9,Research activity,2026-09-21,2026-09-21T22:25:57+00:00,90,Later public procurement or installation signal
Northeastern University,24.9,Research activity,2026-09-21,2026-09-21T22:25:57+00:00,90,Later public procurement or installation signal
Tianjin University,24.9,Research activity,2026-09-21,2026-09-21T22:25:57+00:00,90,Later public procurement or installation signal
University of Texas MD Anderson Cancer Center,24.9,Research activity,2026-09-21,2026-09-21T22:25:57+00:00,90,Later public procurement or installation signal
Anhui Medical University,24.6,Research activity,2026-09-21,2026-09-21T22:25:57+00:00,90,Later public procurement or installation signal
Department of Earth and Environmental Sciences Syracuse University Syracuse New York USA,24.6,Research activity,2026-09-21,2026-09-21T22:25:57+00:00,90,Later public procurement or installation signal
Guangdong University Of Finances and Economics,24.6,Research activity,2026-09-21,2026-09-21T22:25:57+00:00,90,Later public procurement or installation signal
Indian Institute of Technology Kanpur,24.6,Research activity,2026-09-21,2026-09-21T22:25:57+00:00,90,Later public procurement or installation signal
Johns Hopkins University,24.6,Research activity,2026-09-21,2026-09-21T22:25:57+00:00,90,Later public procurement or installation signal
Mehran University of Engineering and Technology,24.6,Research activity,2026-09-21,2026-09-21T22:25:57+00:00,90,Later public procurement or installation signal
Ministry of Education of the People's Republic of China,24.6,Research activity,2026-09-21,2026-09-21T22:25:57+00:00,90,Later public procurement or installation signal
University of Johannesburg,24.6,Research activity,2026-09-21,2026-09-21T22:25:57+00:00,90,Later public procurement or installation signal
Beijing Normal University,24.5,Research activity,2026-09-21,2026-09-21T22:25:57+00:00,90,Later public procurement or installation signal
Georgia Institute of Technology,24.5,Research activity,2026-09-21,2026-09-21T22:25:57+00:00,90,Later public procurement or installation signal
Institute of Oceanology,24.5,Research activity,2026-09-21,2026-09-21T22:25:57+00:00,90,Later public procurement or installation signal
Lawrence Berkeley National Laboratory,24.5,Research activity,2026-09-21,2026-09-21T22:25:57+00:00,90,Later public procurement or installation signal
Shandong University,24.5,Research activity,2026-09-21,2026-09-21T22:25:57+00:00,90,Later public procurement or installation signal
South China Agricultural University,24.5,Research activity,2026-09-21,2026-09-21T22:25:57+00:00,90,Later public procurement or installation signal
University of Shahrood,24.5,Research activity,2026-09-21,2026-09-21T22:25:57+00:00,90,Later public procurement or installation signal
Central Salt and Marine Chemicals Research Institute,24.4,Research activity,2026-09-21,2026-09-21T22:25:57+00:00,90,Later public procurement or installation signal
City University of Hong Kong,24.4,Research activity,2026-09-21,2026-09-21T22:25:57+00:00,90,Later public procurement or installation signal
Helwan University,24.4,Research activity,2026-09-21,2026-09-21T22:25:57+00:00,90,Later public procurement or installation signal
Jinan University,24.4,Research activity,2026-09-21,2026-09-21T22:25:57+00:00,90,Later public procurement or installation signal
Monash University,24.4,Research activity,2026-09-21,2026-09-21T22:25:57+00:00,90,Later public procurement or installation signal
North-West University,24.4,Research activity,2026-09-21,2026-09-21T22:25:57+00:00,90,Later public procurement or installation signal
South China University of Technology,24.4,Research activity,2026-09-21,2026-09-21T22:25:57+00:00,90,Later public procurement or installation signal
Swiss Federal Institute of Aquatic Science and Technology,24.4,Research activity,2026-09-21,2026-09-21T22:25:57+00:00,90,Later public procurement or installation signal
University of California San Diego,24.4,Research activity,2026-09-21,2026-09-21T22:25:57+00:00,90,Later public procurement or installation signal
University of Cambridge,24.4,Research activity,2026-09-21,2026-09-21T22:25:57+00:00,90,Later public procurement or installation signal
University of Nottingham,24.4,Research activity,2026-09-21,2026-09-21T22:25:57+00:00,90,Later public procurement or installation signal
University of Science and Technology Beijing,24.4,Research activity,2026-09-21,2026-09-21T22:25:57+00:00,90,Later public procurement or installation signal
University of Venda,24.4,Research activity,2026-09-21,2026-09-21T22:25:57+00:00,90,Later public procurement or installation signal
Università Cattolica del Sacro Cuore,24.4,Research activity,2026-09-21,2026-09-21T22:25:57+00:00,90,Later public procurement or installation signal
Wenzhou University,24.4,Research activity,2026-09-21,2026-09-21T22:25:57+00:00,90,Later public procurement or installation signal
Wolaita Sodo University,24.4,Research activity,2026-09-21,2026-09-21T22:25:57+00:00,90,Later public procurement or installation signal
Ariel University,24.3,Research activity,2026-09-21,2026-09-21T22:25:57+00:00,90,Later public procurement or installation signal
Hebrew University of Jerusalem,24.3,Research activity,2026-09-21,2026-09-21T22:25:57+00:00,90,Later public procurement or installation signal
Indian Institute of Technology Madras,24.3,Research activity,2026-09-21,2026-09-21T22:25:57+00:00,90,Later public procurement or installation signal
Institut de Recerca en Energia de Catalunya,24.3,Research activity,2026-09-21,2026-09-21T22:25:57+00:00,90,Later public procurement or installation signal
Institute of Physics,24.3,Research activity,2026-09-21,2026-09-21T22:25:57+00:00,90,Later public procurement or installation signal
Chinese Academy of Agricultural Sciences,24.2,Research activity,2026-09-21,2026-09-21T22:25:57+00:00,90,Later public procurement or installation signal
Jilin University,24.2,Research activity,2026-09-21,2026-09-21T22:25:57+00:00,90,Later public procurement or installation signal
Qingdao University of Science and Technology,24.2,Research activity,2026-09-21,2026-09-21T22:25:57+00:00,90,Later public procurement or installation signal
University of Pittsburgh,24.2,Instrument installation,2026-09-21,2026-09-21T22:25:57+00:00,90,Later public procurement or installation signal
Wuhan National Laboratory for Optoelectronics,24.2,Research activity,2026-09-21,2026-09-21T22:25:57+00:00,90,Later public procurement or installation signal
Banaras Hindu University,24.1,Research activity,2026-09-21,2026-09-21T22:25:57+00:00,90,Later public procurement or installation signal
Cardinal Health (United States),24.1,Research activity,2026-09-21,2026-09-21T22:25:57+00:00,90,Later public procurement or installation signal
Hunan University,24.1,Research activity,2026-09-21,2026-09-21T22:25:57+00:00,90,Later public procurement or installation signal
Leibniz Institute for Catalysis,24.1,Research activity,2026-09-21,2026-09-21T22:25:57+00:00,90,Later public procurement or installation signal
Mansfield University,24.1,Research activity,2026-09-21,2026-09-21T22:25:57+00:00,90,Later public procurement or installation signal
North Carolina State University,24.1,Research activity,2026-09-21,2026-09-21T22:25:57+00:00,90,Later public procurement or installation signal
Tallinn University of Technology,24.1,Research activity,2026-09-21,2026-09-21T22:25:57+00:00,90,Later public procurement or installation signal
University of Florida,24.1,Research activity,2026-09-21,2026-09-21T22:25:57+00:00,90,Later public procurement or installation signal
University of Southern California,24.1,Research activity,2026-09-21,2026-09-21T22:25:57+00:00,90,Later public procurement or installation signal
University of Sri Jayewardenepura,24.1,Research activity,2026-09-21,2026-09-21T22:25:57+00:00,90,Later public procurement or installation signal
Wichita Falls Independent School District,24.1,Research activity,2026-09-21,2026-09-21T22:25:57+00:00,90,Later public procurement or installation signal
Bar-Ilan University,24.0,Research activity,2026-09-21,2026-09-21T22:25:57+00:00,90,Later public procurement or installation signal
"Chinese University of Hong Kong, Shenzhen",24.0,Research activity,2026-09-21,2026-09-21T22:25:57+00:00,90,Later public procurement or installation signal
Jahrom University of Medical Sciences,24.0,Research activity,2026-09-21,2026-09-21T22:25:57+00:00,90,Later public procurement or installation signal
National Taipei University of Technology,24.0,Research activity,2026-09-21,2026-09-21T22:25:57+00:00,90,Later public procurement or installation signal
Shanghai Ninth People's Hospital,24.0,Research activity,2026-09-21,2026-09-21T22:25:57+00:00,90,Later public procurement or installation signal
Stanford University,24.0,Research activity,2026-09-21,2026-09-21T22:25:57+00:00,90,Later public procurement or installation signal
Universidade Nova de Lisboa,24.0,Research activity,2026-09-21,2026-09-21T22:25:57+00:00,90,Later public procurement or installation signal
University of Louisville,24.0,Research activity,2026-09-21,2026-09-21T22:25:57+00:00,90,Later public procurement or installation signal
Accadis Hochschule Bad Homburg,23.9,Research activity,2026-09-21,2026-09-21T22:25:57+00:00,90,Later public procurement or installation signal
Chengdu University,23.9,Research activity,2026-09-21,2026-09-21T22:25:57+00:00,90,Later public procurement or installation signal
China Architecture Design & Research Group (China),23.9,Research activity,2026-09-21,2026-09-21T22:25:57+00:00,90,Later public procurement or installation signal
Indian Institute of Science Bangalore,23.9,Research activity,2026-09-21,2026-09-21T22:25:57+00:00,90,Later public procurement or installation signal
Nanjing Hydraulic Research Institute,23.9,Research activity,2026-09-21,2026-09-21T22:25:57+00:00,90,Later public procurement or installation signal
Punjab Engineering College,23.9,Research activity,2026-09-21,2026-09-21T22:25:57+00:00,90,Later public procurement or installation signal
Ruhr University Bochum,23.9,Research activity,2026-09-21,2026-09-21T22:25:57+00:00,90,Later public procurement or installation signal
Tianjin University of Technology,23.9,Research activity,2026-09-21,2026-09-21T22:25:57+00:00,90,Later public procurement or installation signal
University of Alberta,23.9,Research activity,2026-09-21,2026-09-21T22:25:57+00:00,90,Later public procurement or installation signal
University of Massachusetts Amherst,23.9,Research activity,2026-09-21,2026-09-21T22:25:57+00:00,90,Later public procurement or installation signal
Federal Institute For Materials Research and Testing,93.1,Research activity,2026-09-22,2026-09-22T21:46:51+00:00,90,Later public procurement or installation signal
Centre National de la Recherche Scientifique,92.8,Research activity,2026-09-22,2026-09-22T21:46:51+00:00,90,Later public procurement or installation signal
China University of Geosciences,91.8,Research activity,2026-09-22,2026-09-22T21:46:51+00:00,90,Later public procurement or installation signal
China University of Geosciences (Beijing),90.8,Research activity,2026-09-22,2026-09-22T21:46:51+00:00,90,Later public procurement or installation signal
Charles University,90.1,Research activity,2026-09-22,2026-09-22T21:46:51+00:00,90,Later public procurement or installation signal
Chinese Academy of Sciences,88.9,Research activity,2026-09-22,2026-09-22T21:46:51+00:00,90,Later public procurement or installation signal
Montanuniversität Leoben,85.1,Instrument installation,2026-09-22,2026-09-22T21:46:51+00:00,90,Later public procurement or installation signal
Sichuan University,84.4,Research activity,2026-09-22,2026-09-22T21:46:51+00:00,90,Later public procurement or installation signal
ETH Zurich,84.0,Research activity,2026-09-22,2026-09-22T21:46:51+00:00,90,Later public procurement or installation signal
Universidad de Oviedo,83.6,Research activity,2026-09-22,2026-09-22T21:46:51+00:00,90,Later public procurement or installation signal
Universidad de Zaragoza,81.1,Research activity,2026-09-22,2026-09-22T21:46:51+00:00,90,Later public procurement or installation signal
University of Insubria,80.3,Research activity,2026-09-22,2026-09-22T21:46:51+00:00,90,Later public procurement or installation signal
Seoul National University,80.0,Research activity,2026-09-22,2026-09-22T21:46:51+00:00,90,Later public procurement or installation signal
Kunming University of Science and Technology,78.8,Research activity,2026-09-22,2026-09-22T21:46:51+00:00,90,Later public procurement or installation signal
UNIVERSITY OF PITTSBURGH AT PITTSBURGH,77.7,Funding received,2026-09-22,2026-09-22T21:46:51+00:00,90,Later public procurement or installation signal
University of Geneva,75.4,Research activity,2026-09-22,2026-09-22T21:46:51+00:00,90,Later public procurement or installation signal
RUTGERS BIOMEDICAL AND HEALTH SCIENCES,74.9,Funding received,2026-09-22,2026-09-22T21:46:51+00:00,90,Later public procurement or installation signal
Northwest University,74.3,Research activity,2026-09-22,2026-09-22T21:46:51+00:00,90,Later public procurement or installation signal
Paul Scherrer Institute,73.5,Research activity,2026-09-22,2026-09-22T21:46:51+00:00,90,Later public procurement or installation signal
JOHNS HOPKINS UNIVERSITY,73.4,Funding received,2026-09-22,2026-09-22T21:46:51+00:00,90,Later public procurement or installation signal
UNIVERSITY OF VIRGINIA,73.0,Funding received,2026-09-22,2026-09-22T21:46:51+00:00,90,Later public procurement or installation signal
Goethe University Frankfurt,72.2,Research activity,2026-09-22,2026-09-22T21:46:51+00:00,90,Later public procurement or installation signal
Universidade Federal de Santa Maria,71.7,Research activity,2026-09-22,2026-09-22T21:46:51+00:00,90,Later public procurement or installation signal
"UNIVERSITY OF CALIFORNIA, SAN FRANCISCO",69.6,Funding received,2026-09-22,2026-09-22T21:46:51+00:00,90,Later public procurement or installation signal
University of North Carolina at Chapel Hill,68.4,Research activity,2026-09-22,2026-09-22T21:46:51+00:00,90,Later public procurement or installation signal
Jagiellonian University,67.9,Research activity,2026-09-22,2026-09-22T21:46:51+00:00,90,Later public procurement or installation signal
University of Queensland,67.6,Research activity,2026-09-22,2026-09-22T21:46:51+00:00,90,Later public procurement or installation signal
IMEC,66.1,Research activity,2026-09-22,2026-09-22T21:46:51+00:00,90,Later public procurement or installation signal
BOSTON UNIVERSITY MEDICAL CAMPUS,65.6,Funding received,2026-09-22,2026-09-22T21:46:51+00:00,90,Later public procurement or installation signal
BAYLOR COLLEGE OF MEDICINE,65.0,Funding received,2026-09-22,2026-09-22T21:46:51+00:00,90,Later public procurement or installation signal
Yonsei University,63.9,Research activity,2026-09-22,2026-09-22T21:46:51+00:00,90,Later public procurement or installation signal
Pacific Northwest National Laboratory,63.6,Research activity,2026-09-22,2026-09-22T21:46:51+00:00,90,Later public procurement or installation signal
University of Ljubljana,62.7,Research activity,2026-09-22,2026-09-22T21:46:51+00:00,90,Later public procurement or installation signal
"University of Toronto (Toronto, Canada)",62.7,Research activity,2026-09-22,2026-09-22T21:46:51+00:00,90,Later public procurement or installation signal
University of Science and Technology of China,61.9,Research activity,2026-09-22,2026-09-22T21:46:51+00:00,90,Later public procurement or installation signal
"Adelaide University (Adelaide, Australia)",61.8,Research activity,2026-09-22,2026-09-22T21:46:51+00:00,90,Later public procurement or installation signal
Zhengzhou University,61.7,Research activity,2026-09-22,2026-09-22T21:46:51+00:00,90,Later public procurement or installation signal
UNIVERSITY OF MASSACHUSETTS AMHERST,61.2,Funding received,2026-09-22,2026-09-22T21:46:51+00:00,90,Later public procurement or installation signal
Bayerisches Landesamt für Umwelt,60.9,Research activity,2026-09-22,2026-09-22T21:46:51+00:00,90,Later public procurement or installation signal
DUKE UNIVERSITY,60.3,Funding received,2026-09-22,2026-09-22T21:46:51+00:00,90,Later public procurement or installation signal
Koneru Lakshmaiah Education Foundation,59.6,Research activity,2026-09-22,2026-09-22T21:46:51+00:00,90,Later public procurement or installation signal
Shanghai Jiao Tong University,59.3,Research activity,2026-09-22,2026-09-22T21:46:51+00:00,90,Later public procurement or installation signal
State Key Laboratory of Geological Processes and Mineral Resources,59.3,Research activity,2026-09-22,2026-09-22T21:46:51+00:00,90,Later public procurement or installation signal
University of St Andrews,59.2,Research activity,2026-09-22,2026-09-22T21:46:51+00:00,90,Later public procurement or installation signal
"Department of Petroleum Geosciences, Science Faculty, Soran University, Erbil 4400, Iraq",59.1,Research activity,2026-09-22,2026-09-22T21:46:51+00:00,90,Later public procurement or installation signal
NORTHWESTERN UNIVERSITY,59.0,Funding received,2026-09-22,2026-09-22T21:46:51+00:00,90,Later public procurement or installation signal
Masaryk University,58.8,Research activity,2026-09-22,2026-09-22T21:46:51+00:00,90,Later public procurement or installation signal
University of Graz,58.8,Research activity,2026-09-22,2026-09-22T21:46:51+00:00,90,Later public procurement or installation signal
WASHINGTON UNIVERSITY,58.8,Funding received,2026-09-22,2026-09-22T21:46:51+00:00,90,Later public procurement or installation signal
WEILL MEDICAL COLL OF CORNELL UNIV,58.7,Funding received,2026-09-22,2026-09-22T21:46:51+00:00,90,Later public procurement or installation signal
UNIV OF ARKANSAS FOR MED SCIS,58.6,Funding received,2026-09-22,2026-09-22T21:46:51+00:00,90,Later public procurement or installation signal
Palacký University Olomouc,58.4,Research activity,2026-09-22,2026-09-22T21:46:51+00:00,90,Later public procurement or installation signal
University of Technology Sydney,58.4,Research activity,2026-09-22,2026-09-22T21:46:51+00:00,90,Later public procurement or installation signal
VANDERBILT UNIVERSITY,58.4,Funding received,2026-09-22,2026-09-22T21:46:51+00:00,90,Later public procurement or installation signal
National Research Council Canada,58.2,Research activity,2026-09-22,2026-09-22T21:46:51+00:00,90,Later public procurement or installation signal
CEDARS-SINAI MEDICAL CENTER,58.1,Funding received,2026-09-22,2026-09-22T21:46:51+00:00,90,Later public procurement or installation signal
KU Leuven,58.1,Research activity,2026-09-22,2026-09-22T21:46:51+00:00,90,Later public procurement or installation signal
University of Birmingham,58.1,Research activity,2026-09-22,2026-09-22T21:46:51+00:00,90,Later public procurement or installation signal
Concordia University,58.0,Research activity,2026-09-22,2026-09-22T21:46:51+00:00,90,Later public procurement or installation signal
"TU Wien, Institute of Chemical Technologies and Analytics, Getreidemarkt 9/164, 1060 Vienna, Austria",58.0,Research activity,2026-09-22,2026-09-22T21:46:51+00:00,90,Later public procurement or installation signal
Northwestern Polytechnical University,57.9,Research activity,2026-09-22,2026-09-22T21:46:51+00:00,90,Later public procurement or installation signal
VIRGINIA COMMONWEALTH UNIVERSITY,57.7,Funding received,2026-09-22,2026-09-22T21:46:51+00:00,90,Later public procurement or installation signal
COLUMBIA UNIVERSITY HEALTH SCIENCES,57.4,Funding received,2026-09-22,2026-09-22T21:46:51+00:00,90,Later public procurement or installation signal
École Polytechnique Fédérale de Lausanne,57.2,Research activity,2026-09-22,2026-09-22T21:46:51+00:00,90,Later public procurement or installation signal
TU Wien,57.2,Research activity,2026-09-22,2026-09-22T21:46:51+00:00,90,Later public procurement or installation signal
Capital Medical University,57.1,Research activity,2026-09-22,2026-09-22T21:46:51+00:00,90,Later public procurement or installation signal
Chiba University,56.9,Research activity,2026-09-22,2026-09-22T21:46:51+00:00,90,Later public procurement or installation signal
Southern University of Science and Technology,56.7,Research activity,2026-09-22,2026-09-22T21:46:51+00:00,90,Later public procurement or installation signal
"School of Gemology, China University of Geosciences Beijing, 29 Xue Yuan Road, Beijing 100083, China",56.7,Research activity,2026-09-22,2026-09-22T21:46:51+00:00,90,Later public procurement or installation signal
Ghent University,56.6,Research activity,2026-09-22,2026-09-22T21:46:51+00:00,90,Later public procurement or installation signal
UNIVERSITY OF NEW MEXICO HEALTH SCIS CTR,56.1,Funding received,2026-09-22,2026-09-22T21:46:51+00:00,90,Later public procurement or installation signal
British Geological Survey,54.1,Research activity,2026-09-22,2026-09-22T21:46:51+00:00,90,Later public procurement or installation signal
University College Dublin,53.9,Research activity,2026-09-22,2026-09-22T21:46:51+00:00,90,Later public procurement or installation signal
SINTEF,53.4,Research activity,2026-09-22,2026-09-22T21:46:51+00:00,90,Later public procurement or installation signal
Helmholtz Institute Erlangen-Nürnberg,52.1,Research activity,2026-09-22,2026-09-22T21:46:51+00:00,90,Later public procurement or installation signal
Chengdu University of Technology,51.8,Research activity,2026-09-22,2026-09-22T21:46:51+00:00,90,Later public procurement or installation signal
China University of Mining and Technology,51.7,Research activity,2026-09-22,2026-09-22T21:46:51+00:00,90,Later public procurement or installation signal
Bangladesh Council of Scientific and Industrial Research,51.6,Research activity,2026-09-22,2026-09-22T21:46:51+00:00,90,Later public procurement or installation signal
Al-Farabi Kazakh National University,51.5,Research activity,2026-09-22,2026-09-22T21:46:51+00:00,90,Later public procurement or installation signal
University of Toronto,51.4,Research activity,2026-09-22,2026-09-22T21:46:51+00:00,90,Later public procurement or installation signal
INSTITUTUL NATIONAL DE CERCETARE-DEZVOLTARE PENTRU GEOLOGIE SI GEOECOLOGIE MARINA GEOECOMAR,51.4,Active tender,2026-09-22,2026-09-22T21:46:51+00:00,90,Later public procurement or installation signal
Van Yüzüncü Yıl Üniversitesi,51.3,Research activity,2026-09-22,2026-09-22T21:46:51+00:00,90,Later public procurement or installation signal
Universiti Putra Malaysia,51.0,Research activity,2026-09-22,2026-09-22T21:46:51+00:00,90,Later public procurement or installation signal
Yunnan University,50.7,Research activity,2026-09-22,2026-09-22T21:46:51+00:00,90,Later public procurement or installation signal
Hefei University of Technology,50.5,Research activity,2026-09-22,2026-09-22T21:46:51+00:00,90,Later public procurement or installation signal
University of Tasmania,50.0,Research activity,2026-09-22,2026-09-22T21:46:51+00:00,90,Later public procurement or installation signal
University of Oxford,49.9,Research activity,2026-09-22,2026-09-22T21:46:51+00:00,90,Later public procurement or installation signal
Central European Institute of Technology,49.8,Research activity,2026-09-22,2026-09-22T21:46:51+00:00,90,Later public procurement or installation signal
Valahia University of Targoviste,49.7,Research activity,2026-09-22,2026-09-22T21:46:51+00:00,90,Later public procurement or installation signal
Guangdong University of Technology,47.0,Research activity,2026-09-22,2026-09-22T21:46:51+00:00,90,Later public procurement or installation signal
Université du Québec à Chicoutimi,46.7,Research activity,2026-09-22,2026-09-22T21:46:51+00:00,90,Later public procurement or installation signal
Beijing Institute of Technology,45.7,Research activity,2026-09-22,2026-09-22T21:46:51+00:00,90,Later public procurement or installation signal
MEDICAL UNIVERSITY OF SOUTH CAROLINA,45.6,Funding received,2026-09-22,2026-09-22T21:46:51+00:00,90,Later public procurement or installation signal
NEW YORK UNIVERSITY,45.5,Funding received,2026-09-22,2026-09-22T21:46:51+00:00,90,Later public procurement or installation signal
H. LEE MOFFITT CANCER CTR & RES INST,45.4,Funding received,2026-09-22,2026-09-22T21:46:51+00:00,90,Later public procurement or installation signal
MASSACHUSETTS GENERAL HOSPITAL,45.4,Funding received,2026-09-22,2026-09-22T21:46:51+00:00,90,Later public procurement or installation signal
STATE UNIVERSITY OF NEW YORK AT BUFFALO,45.4,Funding received,2026-09-22,2026-09-22T21:46:51+00:00,90,Later public procurement or installation signal
Kyushu University,45.0,Research activity,2026-09-22,2026-09-22T21:46:51+00:00,90,Later public procurement or installation signal
National Geophysical Research Institute,44.7,Research activity,2026-09-22,2026-09-22T21:46:51+00:00,90,Later public procurement or installation signal
Ministry of Education,44.6,Research activity,2026-09-22,2026-09-22T21:46:51+00:00,90,Later public procurement or installation signal
UNIVERSITY OF KENTUCKY,44.2,Funding received,2026-09-22,2026-09-22T21:46:51+00:00,90,Later public procurement or installation signal
Zhejiang University of Technology,44.0,Research activity,2026-09-22,2026-09-22T21:46:51+00:00,90,Later public procurement or installation signal
Korea Advanced Institute of Science and Technology,43.7,Research activity,2026-09-22,2026-09-22T21:46:51+00:00,90,Later public procurement or installation signal
Pohang University of Science and Technology,43.6,Research activity,2026-09-22,2026-09-22T21:46:51+00:00,90,Later public procurement or installation signal
Sun Yat-sen University,43.5,Research activity,2026-09-22,2026-09-22T21:46:51+00:00,90,Later public procurement or installation signal
Argonne National Laboratory,43.2,Research activity,2026-09-22,2026-09-22T21:46:51+00:00,90,Later public procurement or installation signal
Hong Kong Polytechnic University,42.7,Research activity,2026-09-22,2026-09-22T21:46:51+00:00,90,Later public procurement or installation signal
Nankai University,42.7,Research activity,2026-09-22,2026-09-22T21:46:51+00:00,90,Later public procurement or installation signal
Jiangsu University,42.3,Research activity,2026-09-22,2026-09-22T21:46:51+00:00,90,Later public procurement or installation signal
Qatar University,42.3,Research activity,2026-09-22,2026-09-22T21:46:51+00:00,90,Later public procurement or installation signal
MICHIGAN STATE UNIVERSITY,40.8,Funding received,2026-09-22,2026-09-22T21:46:51+00:00,90,Later public procurement or installation signal
UNIVERSITY OF WASHINGTON,40.0,Funding received,2026-09-22,2026-09-22T21:46:51+00:00,90,Later public procurement or installation signal
HENRY FORD HEALTH + MICHIGAN STATE UNIVERSITY HEALTH SCIENCES,39.9,Funding received,2026-09-22,2026-09-22T21:46:51+00:00,90,Later public procurement or installation signal
"State Key Laboratory of Palaeobiology and Stratigraphy, Nanjing Institute of Geology and Palaeontology Chinese Academy of Sciences Nanjing China",39.7,Research activity,2026-09-22,2026-09-22T21:46:51+00:00,90,Later public procurement or installation signal
Johnson Matthey (United Kingdom),39.5,Research activity,2026-09-22,2026-09-22T21:46:51+00:00,90,Later public procurement or installation signal
La Trobe University,39.5,Research activity,2026-09-22,2026-09-22T21:46:51+00:00,90,Later public procurement or installation signal
South Dakota School of Mines and Technology,39.5,Research activity,2026-09-22,2026-09-22T21:46:51+00:00,90,Later public procurement or installation signal
"TESLA-Analytical Chemistry, Institute of Chemistry",39.5,Research activity,2026-09-22,2026-09-22T21:46:51+00:00,90,Later public procurement or installation signal
DARTMOUTH COLLEGE,39.4,Funding received,2026-09-22,2026-09-22T21:46:51+00:00,90,Later public procurement or installation signal
Curtin University,39.3,Research activity,2026-09-22,2026-09-22T21:46:51+00:00,90,Later public procurement or installation signal
Yıldız Technical University,39.3,Research activity,2026-09-22,2026-09-22T21:46:51+00:00,90,Later public procurement or installation signal
"Department of Earth Sciences, Durham University, Durham DH1 3LE, UK",39.2,Research activity,2026-09-22,2026-09-22T21:46:51+00:00,90,Later public procurement or installation signal
"Institute of Nuclear Physics, Polish Academy of Sciences",39.1,Research activity,2026-09-22,2026-09-22T21:46:51+00:00,90,Later public procurement or installation signal
Utkal University,39.1,Research activity,2026-09-22,2026-09-22T21:46:51+00:00,90,Later public procurement or installation signal
UNIVERSITY OF CALIFORNIA AT DAVIS,39.0,Funding received,2026-09-22,2026-09-22T21:46:51+00:00,90,Later public procurement or installation signal
Graz University of Technology,38.9,Research activity,2026-09-22,2026-09-22T21:46:51+00:00,90,Later public procurement or installation signal
Centers for Disease Control and Prevention,38.8,Research activity,2026-09-22,2026-09-22T21:46:51+00:00,90,Later public procurement or installation signal
Forest Research Institute,38.8,Research activity,2026-09-22,2026-09-22T21:46:51+00:00,90,Later public procurement or installation signal
Kennesaw State University,38.8,Research activity,2026-09-22,2026-09-22T21:46:51+00:00,90,Later public procurement or installation signal
Khadicha Sulaymonova Republican Center of Forensic Expertise,38.8,Research activity,2026-09-22,2026-09-22T21:46:51+00:00,90,Later public procurement or installation signal
"Medical–Scientific Department , LifeLabs Medical Laboratory Services , Toronto , ON , Canada",38.7,Research activity,2026-09-22,2026-09-22T21:46:51+00:00,90,Later public procurement or installation signal
"Université Laval , , 1045, avenue de la Médecine, Pavillon Alexandre-Vachon",38.7,Research activity,2026-09-22,2026-09-22T21:46:51+00:00,90,Later public procurement or installation signal
National Institute of Advanced Industrial Science and Technology,38.6,Research activity,2026-09-22,2026-09-22T21:46:51+00:00,90,Later public procurement or installation signal
"Faculty of Chemistry, Adam Mickiewicz University, Uniwersytetu Poznańskiego 8, 61-614 Poznan, Poland",38.5,Research activity,2026-09-22,2026-09-22T21:46:51+00:00,90,Later public procurement or installation signal
"Department of Physics, Debre Markos University, Debre Markos, Ethiopia",38.4,Research activity,2026-09-22,2026-09-22T21:46:51+00:00,90,Later public procurement or installation signal
Indian Institute of Technology Ropar,38.3,Research activity,2026-09-22,2026-09-22T21:46:51+00:00,90,Later public procurement or installation signal
United States Geological Survey,38.3,Research activity,2026-09-22,2026-09-22T21:46:51+00:00,90,Later public procurement or installation signal
ChronusCamp Research – Isotope Geology Laboratory - Itapira,38.2,Research activity,2026-09-22,2026-09-22T21:46:51+00:00,90,Later public procurement or installation signal
De Montfort University,38.2,Research activity,2026-09-22,2026-09-22T21:46:51+00:00,90,Later public procurement or installation signal
"Department of Chemistry, Faculty of Science, Gakushuin University",38.2,Research activity,2026-09-22,2026-09-22T21:46:51+00:00,90,Later public procurement or installation signal
"Laboratoire de radioécologie, Département de chimie, Faculté des sciences et de génie, Université Laval, 1045, avenue de la Médecine, Pavillon Alexandre-Vachon, Québec G1V 0A6, Canada",38.2,Research activity,2026-09-22,2026-09-22T21:46:51+00:00,90,Later public procurement or installation signal
"EcotoQ, INRS-Eau Terre Environnement, 490 de la Couronne, Québec, Québec G1K 9A9, Canada",38.0,Research activity,2026-09-22,2026-09-22T21:46:51+00:00,90,Later public procurement or installation signal
Clemson University,37.8,Research activity,2026-09-22,2026-09-22T21:46:51+00:00,90,Later public procurement or installation signal
University of British Columbia,37.8,Research activity,2026-09-22,2026-09-22T21:46:51+00:00,90,Later public procurement or installation signal
"Department of Chemistry & Biochemistry, Rowan University, Glassboro, New Jersey, United States",37.7,Research activity,2026-09-22,2026-09-22T21:46:51+00:00,90,Later public procurement or installation signal
Directorate of Medicinal and Aromatic Plants Research,37.7,Research activity,2026-09-22,2026-09-22T21:46:51+00:00,90,Later public procurement or installation signal
Universidade Estadual de Campinas (UNICAMP),37.7,Research activity,2026-09-22,2026-09-22T21:46:51+00:00,90,Later public procurement or installation signal
Ahsanullah University of Science and Technology,37.6,Research activity,2026-09-22,2026-09-22T21:46:51+00:00,90,Later public procurement or installation signal
"College of Earth and Planetary Sciences, Chengdu University of Technology, Chengdu 610059, China",37.6,Research activity,2026-09-22,2026-09-22T21:46:51+00:00,90,Later public procurement or installation signal
"Moscow University ""Synergy""; 80 B, building 3 Leningradsky Prospekt, Moscow, 125315, Russian Federation",37.6,Research activity,2026-09-22,2026-09-22T21:46:51+00:00,90,Later public procurement or installation signal
Hospital Virgen de los Lirios,37.5,Research activity,2026-09-22,2026-09-22T21:46:51+00:00,90,Later public procurement or installation signal
Japan Agency for Marine-Earth Science and Technology,37.4,Research activity,2026-09-22,2026-09-22T21:46:51+00:00,90,Later public procurement or installation signal
"Air Liquide Balazs, 46409 Landing Pkwy,Fremont,CA,USA,94538",37.3,Research activity,2026-09-22,2026-09-22T21:46:51+00:00,90,Later public procurement or installation signal
"Institute of Environmental Engineering, The Faculty of Environmental Engineering and Geodesy, Wrocław University of Environmental and Life Sciences, Grunwaldzki Square 24, 50-363 Wrocław, Poland",37.3,Research activity,2026-09-22,2026-09-22T21:46:51+00:00,90,Later public procurement or installation signal
University of Trieste,37.3,Research activity,2026-09-22,2026-09-22T21:46:51+00:00,90,Later public procurement or installation signal
"Department of Chemistry, Andhra University, Visakhapatnam, 530003, Andhra Pradesh, India. 1Dr Reddy’s Labs, Hyderabad, Telangana, India",37.2,Research activity,2026-09-22,2026-09-22T21:46:51+00:00,90,Later public procurement or installation signal
"Czech Academy of Sciences, Institute of Inorganic Chemistry",37.1,Research activity,2026-09-22,2026-09-22T21:46:51+00:00,90,Later public procurement or installation signal
Erzincan Binali Yıldırım University,37.1,Research activity,2026-09-22,2026-09-22T21:46:51+00:00,90,Later public procurement or installation signal
Indian Institute of Technology Kharagpur,37.1,Research activity,2026-09-22,2026-09-22T21:46:51+00:00,90,Later public procurement or installation signal
Savannah River National Laboratory,37.1,Research activity,2026-09-22,2026-09-22T21:46:51+00:00,90,Later public procurement or installation signal
Tsinghua University,37.1,Research activity,2026-09-22,2026-09-22T21:46:51+00:00,90,Later public procurement or installation signal
Universidad Nacional de Córdoba,37.0,Research activity,2026-09-22,2026-09-22T21:46:51+00:00,90,Later public procurement or installation signal
"Geochemical Research Center, The University of Tokyo",36.8,Research activity,2026-09-22,2026-09-22T21:46:51+00:00,90,Later public procurement or installation signal
University of Kashan,36.7,Research activity,2026-09-22,2026-09-22T21:46:51+00:00,90,Later public procurement or installation signal
Fraunhofer Institute for Photonic Microsystems,36.5,Research activity,2026-09-22,2026-09-22T21:46:51+00:00,90,Later public procurement or installation signal
Medical University of Lublin,36.5,Research activity,2026-09-22,2026-09-22T21:46:51+00:00,90,Later public procurement or installation signal
Michigan State University,36.5,Research activity,2026-09-22,2026-09-22T21:46:51+00:00,90,Later public procurement or installation signal
Northern (Arctic) Federal University,36.5,Research activity,2026-09-22,2026-09-22T21:46:51+00:00,90,Later public procurement or installation signal
University of Tokyo,36.5,Research activity,2026-09-22,2026-09-22T21:46:51+00:00,90,Later public procurement or installation signal
Wilson College,36.5,Research activity,2026-09-22,2026-09-22T21:46:51+00:00,90,Later public procurement or installation signal
Christ University,36.4,Research activity,2026-09-22,2026-09-22T21:46:51+00:00,90,Later public procurement or installation signal
"HARRAN ÜNİVERSİTESİ, ECZACILIK FAKÜLTESİ",36.4,Research activity,2026-09-22,2026-09-22T21:46:51+00:00,90,Later public procurement or installation signal
Hanyang University,36.4,Research activity,2026-09-22,2026-09-22T21:46:51+00:00,90,Later public procurement or installation signal
Kazakh National Agrarian Research University,36.4,Research activity,2026-09-22,2026-09-22T21:46:51+00:00,90,Later public procurement or installation signal
King Fahd University of Petroleum and Minerals,36.4,Research activity,2026-09-22,2026-09-22T21:46:51+00:00,90,Later public procurement or installation signal
Mindanao State University – Iligan Institute of Technology,36.3,Research activity,2026-09-22,2026-09-22T21:46:51+00:00,90,Later public procurement or installation signal
"Department of Chemistry, Faculty of Science and Literature Bingöl University Bingöl Türkiye",36.2,Research activity,2026-09-22,2026-09-22T21:46:51+00:00,90,Later public procurement or installation signal
Ministry of Natural Resources,36.2,Research activity,2026-09-22,2026-09-22T21:46:51+00:00,90,Later public procurement or installation signal
Anhui Agricultural University,36.1,Research activity,2026-09-22,2026-09-22T21:46:51+00:00,90,Later public procurement or installation signal
Moss Landing Marine Laboratories,36.1,Research activity,2026-09-22,2026-09-22T21:46:51+00:00,90,Later public procurement or installation signal
National University College,36.1,Research activity,2026-09-22,2026-09-22T21:46:51+00:00,90,Later public procurement or installation signal
"Department of Physical and Analytical Chemistry, Faculty of Chemistry, University of Oviedo, c/Julián Clavería 8, Oviedo 33006, Spain",36.0,Research activity,2026-09-22,2026-09-22T21:46:51+00:00,90,Later public procurement or installation signal
Japan Radioisotope Association,36.0,Research activity,2026-09-22,2026-09-22T21:46:51+00:00,90,Later public procurement or installation signal
Jawaharlal Nehru Tropical Botanic Garden and Research Institute,36.0,Research activity,2026-09-22,2026-09-22T21:46:51+00:00,90,Later public procurement or installation signal
Nanjing Institute of Agricultural Mechanization,36.0,Research activity,2026-09-22,2026-09-22T21:46:51+00:00,90,Later public procurement or installation signal
Prokhorov General Physics Institute,36.0,Research activity,2026-09-22,2026-09-22T21:46:51+00:00,90,Later public procurement or installation signal
UNIVERSITY OF CALIFORNIA LOS ANGELES,36.0,Funding received,2026-09-22,2026-09-22T21:46:51+00:00,90,Later public procurement or installation signal
UNIVERSITY OF COLORADO DENVER,36.0,Funding received,2026-09-22,2026-09-22T21:46:51+00:00,90,Later public procurement or installation signal
"VESTO THERAPEUTICS,",36.0,Funding received,2026-09-22,2026-09-22T21:46:51+00:00,90,Later public procurement or installation signal
Amgen (United States),35.9,Research activity,2026-09-22,2026-09-22T21:46:51+00:00,90,Later public procurement or installation signal
Environmental and Occupational Health Sciences Institute,35.9,Research activity,2026-09-22,2026-09-22T21:46:51+00:00,90,Later public procurement or installation signal
"Faculty of Science, The University of Hongkong, Pokfulam, Hong Kong",35.9,Research activity,2026-09-22,2026-09-22T21:46:51+00:00,90,Later public procurement or installation signal
Institute of Geochemistry,35.9,Research activity,2026-09-22,2026-09-22T21:46:51+00:00,90,Later public procurement or installation signal
Iran University of Science and Technology,35.9,Research activity,2026-09-22,2026-09-22T21:46:51+00:00,90,Later public procurement or installation signal
Linköping University,35.9,Research activity,2026-09-22,2026-09-22T21:46:51+00:00,90,Later public procurement or installation signal
"MABSWITCH,",35.9,Funding received,2026-09-22,2026-09-22T21:46:51+00:00,90,Later public procurement or installation signal
UNIVERSITY OF MICHIGAN AT ANN ARBOR,35.9,Funding received,2026-09-22,2026-09-22T21:46:51+00:00,90,Later public procurement or installation signal
UNIVERSITY OF MINNESOTA,35.9,Funding received,2026-09-22,2026-09-22T21:46:51+00:00,90,Later public procurement or installation signal
Universidade Federal de São Paulo,35.9,Research activity,2026-09-22,2026-09-22T21:46:51+00:00,90,Later public procurement or installation signal
BETH ISRAEL DEACONESS MEDICAL CENTER,35.8,Funding received,2026-09-22,2026-09-22T21:46:51+00:00,90,Later public procurement or installation signal
EDI THERAPEUTICS,35.8,Funding received,2026-09-22,2026-09-22T21:46:51+00:00,90,Later public procurement or installation signal
Instytut Chemii i Techniki Jądrowej,35.8,Research activity,2026-09-22,2026-09-22T21:46:51+00:00,90,Later public procurement or installation signal
M.Auezov South Kazakhstan State University,35.8,Research activity,2026-09-22,2026-09-22T21:46:51+00:00,90,Later public procurement or installation signal
NORTH CAROLINA STATE UNIVERSITY RALEIGH,35.8,Funding received,2026-09-22,2026-09-22T21:46:51+00:00,90,Later public procurement or installation signal
RESEARCH INST NATIONWIDE CHILDREN'S HOSP,35.8,Funding received,2026-09-22,2026-09-22T21:46:51+00:00,90,Later public procurement or installation signal
ROSWELL PARK CANCER INSTITUTE,35.8,Funding received,2026-09-22,2026-09-22T21:46:51+00:00,90,Later public procurement or installation signal
STANFORD UNIVERSITY,35.8,Funding received,2026-09-22,2026-09-22T21:46:51+00:00,90,Later public procurement or installation signal
TIBURON BIO,35.8,Funding received,2026-09-22,2026-09-22T21:46:51+00:00,90,Later public procurement or installation signal
UNIVERSITY OF PENNSYLVANIA,35.8,Funding received,2026-09-22,2026-09-22T21:46:51+00:00,90,Later public procurement or installation signal
UNIVERSITY OF WISCONSIN-MADISON,35.8,Funding received,2026-09-22,2026-09-22T21:46:51+00:00,90,Later public procurement or installation signal
YALE UNIVERSITY,35.8,Funding received,2026-09-22,2026-09-22T21:46:51+00:00,90,Later public procurement or installation signal
Kumasi Technical University,35.7,Research activity,2026-09-22,2026-09-22T21:46:51+00:00,90,Later public procurement or installation signal
"Lawrence Livermore National Laboratory (LLNL), Livermore, CA (United States)",35.7,Research activity,2026-09-22,2026-09-22T21:46:51+00:00,90,Later public procurement or installation signal
University of Belgrade,35.7,Research activity,2026-09-22,2026-09-22T21:46:51+00:00,90,Later public procurement or installation signal
Bharathidasan University,35.6,Research activity,2026-09-22,2026-09-22T21:46:51+00:00,90,Later public procurement or installation signal
COLORADO STATE UNIVERSITY,35.6,Funding received,2026-09-22,2026-09-22T21:46:51+00:00,90,Later public procurement or installation signal
China Geological Survey,35.6,Research activity,2026-09-22,2026-09-22T21:46:51+00:00,90,Later public procurement or installation signal
Geological Survey of India,35.6,Research activity,2026-09-22,2026-09-22T21:46:51+00:00,90,Later public procurement or installation signal
Hebei University of Technology,35.6,Research activity,2026-09-22,2026-09-22T21:46:51+00:00,90,Later public procurement or installation signal
National Institute of Health Sciences,35.6,Research activity,2026-09-22,2026-09-22T21:46:51+00:00,90,Later public procurement or installation signal
Chinese Academy of Geological Sciences,35.5,Research activity,2026-09-22,2026-09-22T21:46:51+00:00,90,Later public procurement or installation signal
National Nuclear Energy Agency of Indonesia,35.5,Instrument installation,2026-09-22,2026-09-22T21:46:51+00:00,90,Later public procurement or installation signal
"University of California, Irvine",35.5,Research activity,2026-09-22,2026-09-22T21:46:51+00:00,90,Later public procurement or installation signal
Australian Resources Research Centre,35.4,Research activity,2026-09-22,2026-09-22T21:46:51+00:00,90,Later public procurement or installation signal
Center for Food Safety and Applied Nutrition,35.4,Research activity,2026-09-22,2026-09-22T21:46:51+00:00,90,Later public procurement or installation signal
Charotar University of Science and Technology,35.4,Research activity,2026-09-22,2026-09-22T21:46:51+00:00,90,Later public procurement or installation signal
Czech Geological Survey,35.4,Research activity,2026-09-22,2026-09-22T21:46:51+00:00,90,Later public procurement or installation signal
Federal State Budgetary Institution ‘Scientific Centre for Expert Evaluation of Medicinal Products’ of the Ministry of Health of the Russian Federation (SCEEMP),35.4,Research activity,2026-09-22,2026-09-22T21:46:51+00:00,90,Later public procurement or installation signal
Giresun University,35.4,Research activity,2026-09-22,2026-09-22T21:46:51+00:00,90,Later public procurement or installation signal
Griffith University,35.4,Research activity,2026-09-22,2026-09-22T21:46:51+00:00,90,Later public procurement or installation signal
Universidad Privada San Juan Bautista,35.4,Research activity,2026-09-22,2026-09-22T21:46:51+00:00,90,Later public procurement or installation signal
Universiti Sains Malaysia,35.4,Research activity,2026-09-22,2026-09-22T21:46:51+00:00,90,Later public procurement or installation signal
Universität Hamburg,35.4,Research activity,2026-09-22,2026-09-22T21:46:51+00:00,90,Later public procurement or installation signal
Zhejiang University,35.4,Research activity,2026-09-22,2026-09-22T21:46:51+00:00,90,Later public procurement or installation signal
Indian Institute of Toxicology Research,35.3,Research activity,2026-09-22,2026-09-22T21:46:51+00:00,90,Later public procurement or installation signal
South Carolina Department of Natural Resources,35.3,Research activity,2026-09-22,2026-09-22T21:46:51+00:00,90,Later public procurement or installation signal
Arizona State University,35.2,Research activity,2026-09-22,2026-09-22T21:46:51+00:00,90,Later public procurement or installation signal
Auburn University,35.2,Research activity,2026-09-22,2026-09-22T21:46:51+00:00,90,Later public procurement or installation signal
Bhabha Atomic Research Centre,35.2,Research activity,2026-09-22,2026-09-22T21:46:51+00:00,90,Later public procurement or installation signal
"Chinese Academy of Geological Sciences, National Research Center for Geoanalysis, Beijing 100037, China",35.2,Research activity,2026-09-22,2026-09-22T21:46:51+00:00,90,Later public procurement or installation signal
"Department of Chemistry, Loughborough University, Epinal Way, Loughborough, Leicestershire, LE11 3TU, UK",35.2,Research activity,2026-09-22,2026-09-22T21:46:51+00:00,90,Later public procurement or installation signal
Department of Geology University of Tartu Tartu Estonia,35.2,Research activity,2026-09-22,2026-09-22T21:46:51+00:00,90,Later public procurement or installation signal
"Department of Geoscience, Institute of Geotechnology and Mineral Resources, Clausthal University of Technology, Adolph-Roemer-Str. 2A, 38678 Clausthal-Zellerfeld, Germany",35.2,Research activity,2026-09-22,2026-09-22T21:46:51+00:00,90,Later public procurement or installation signal
"Division for Chronological Research, Institute for Space-Earth Environmental Research, Nagoya University, Furo-cho, Chikusa-ku, Nagoya 464-8601, Japan",35.2,Research activity,2026-09-22,2026-09-22T21:46:51+00:00,90,Later public procurement or installation signal
Friends United,35.2,Research activity,2026-09-22,2026-09-22T21:46:51+00:00,90,Later public procurement or installation signal
"Graduate School of Pharmaceutical Sciences, Chiba University, 1-8-1 Inohana, Chuo, Chiba 260-8675, Japan",35.2,Research activity,2026-09-22,2026-09-22T21:46:51+00:00,90,Later public procurement or installation signal
"Guizhou University, China",35.2,Research activity,2026-09-22,2026-09-22T21:46:51+00:00,90,Later public procurement or installation signal
Imperial College London,35.2,Research activity,2026-09-22,2026-09-22T21:46:51+00:00,90,Later public procurement or installation signal
"Indiana University School of Medicine , Indianapolis, Indiana",35.2,Research activity,2026-09-22,2026-09-22T21:46:51+00:00,90,Later public procurement or installation signal
"Institute of Geosciences, Goethe University Frankfurt, Frankfurt am Main, Germany",35.2,Research activity,2026-09-22,2026-09-22T21:46:51+00:00,90,Later public procurement or installation signal
Kuban State University,35.2,Research activity,2026-09-22,2026-09-22T21:46:51+00:00,90,Later public procurement or installation signal
"Merck & Co., Inc., Rahway, NJ, USA (United States)",35.2,Research activity,2026-09-22,2026-09-22T21:46:51+00:00,90,Later public procurement or installation signal
"Oak Ridge National Laboratory, Oak Ridge, Tennessee, USA",35.2,Research activity,2026-09-22,2026-09-22T21:46:51+00:00,90,Later public procurement or installation signal
"School of Ocean & Earth Sciences, University of Southampton, National Oceanography Centre, European Way, Southampton, SO14 3ZH, UK",35.2,Research activity,2026-09-22,2026-09-22T21:46:51+00:00,90,Later public procurement or installation signal
"Scientific Instrument Center, Shanxi University, 92 Wucheng Road, Taiyuan, Shanxi, 030006, People's Republic of China",35.2,Research activity,2026-09-22,2026-09-22T21:46:51+00:00,90,Later public procurement or installation signal
"State Key Laboratory of Geological Processes and Mineral Resources, China University of Geosciences, Wuhan, 430074, PR China",35.2,Research activity,2026-09-22,2026-09-22T21:46:51+00:00,90,Later public procurement or installation signal
"State Key Laboratory of Lithospheric Evolution and Environmental Coevolution, School of Earth and Space Sciences, University of Science and Technology of China, Hefei, Anhui, China",35.2,Research activity,2026-09-22,2026-09-22T21:46:51+00:00,90,Later public procurement or installation signal
"State Key Laboratory of Lithospheric and Environmental Coevolution, Institute of Geology and Geophysics, Chinese Academy of Sciences, Beijing, 100029, P.R. China",35.2,Research activity,2026-09-22,2026-09-22T21:46:51+00:00,90,Later public procurement or installation signal
State Key Laboratory of Pollution Control and Resource Reuse,35.2,Research activity,2026-09-22,2026-09-22T21:46:51+00:00,90,Later public procurement or installation signal
"TRACES, UMR 5608, CNRS, Université Toulouse Jean Jaurès, Ministère de la Culture, EHESS, INRAP, Maison de la Recherche, 5 allées Antonio Machado, F 31058 Toulouse Cedex 9, France",35.2,Research activity,2026-09-22,2026-09-22T21:46:51+00:00,90,Later public procurement or installation signal
"U.S. Geological Survey, Denver Federal Center , Denver, CO",35.2,Research activity,2026-09-22,2026-09-22T21:46:51+00:00,90,Later public procurement or installation signal
University of Bern,35.2,Research activity,2026-09-22,2026-09-22T21:46:51+00:00,90,Later public procurement or installation signal
"University of Chemistry and Technology, Prague",35.2,Research activity,2026-09-22,2026-09-22T21:46:51+00:00,90,Later public procurement or installation signal
"Department of Physical and Analytical Chemistry, Faculty of Chemistry, University of Oviedo, Julián Clavería 8, 33006 Oviedo, Spain",35.1,Research activity,2026-09-22,2026-09-22T21:46:51+00:00,90,Later public procurement or installation signal
Manisa Celal Bayar University,35.1,Research activity,2026-09-22,2026-09-22T21:46:51+00:00,90,Later public procurement or installation signal
Peking University,35.1,Research activity,2026-09-22,2026-09-22T21:46:51+00:00,90,Later public procurement or installation signal
Shanghai University of Medicine and Health Sciences,35.1,Research activity,2026-09-22,2026-09-22T21:46:51+00:00,90,Later public procurement or installation signal
Universidad Complutense de Madrid,35.1,Research activity,2026-09-22,2026-09-22T21:46:51+00:00,90,Later public procurement or installation signal
Inonu University,35.0,Research activity,2026-09-22,2026-09-22T21:46:51+00:00,90,Later public procurement or installation signal
Institute of Geographic Sciences and Natural Resources Research,35.0,Research activity,2026-09-22,2026-09-22T21:46:51+00:00,90,Later public procurement or installation signal
Pusan National University,35.0,Research activity,2026-09-22,2026-09-22T21:46:51+00:00,90,Later public procurement or installation signal
Toronto Metropolitan University,35.0,Research activity,2026-09-22,2026-09-22T21:46:51+00:00,90,Later public procurement or installation signal
UNIVERSITY OF CHICAGO,35.0,Funding received,2026-09-22,2026-09-22T21:46:51+00:00,90,Later public procurement or installation signal
UNIVERSITY OF MISSISSIPPI MED CTR,35.0,Funding received,2026-09-22,2026-09-22T21:46:51+00:00,90,Later public procurement or installation signal
Universidade de Santiago de Compostela,35.0,Research activity,2026-09-22,2026-09-22T21:46:51+00:00,90,Later public procurement or installation signal
Universitat Autònoma de Barcelona,35.0,Research activity,2026-09-22,2026-09-22T21:46:51+00:00,90,Later public procurement or installation signal
University of Michigan,35.0,Research activity,2026-09-22,2026-09-22T21:46:51+00:00,90,Later public procurement or installation signal
Vellore Institute of Technology University,35.0,Research activity,2026-09-22,2026-09-22T21:46:51+00:00,90,Later public procurement or installation signal
Xinjiang Institute of Ecology and Geography,35.0,Research activity,2026-09-22,2026-09-22T21:46:51+00:00,90,Later public procurement or installation signal
Air Liquide (United States),34.9,Research activity,2026-09-22,2026-09-22T21:46:51+00:00,90,Later public procurement or installation signal
College of Marine Living Resource Sciences and Management Shanghai Ocean University Shanghai China,34.9,Research activity,2026-09-22,2026-09-22T21:46:51+00:00,90,Later public procurement or installation signal
Federal Institute of Hydrology,34.9,Research activity,2026-09-22,2026-09-22T21:46:51+00:00,90,Later public procurement or installation signal
Hebei University of Engineering,34.9,Research activity,2026-09-22,2026-09-22T21:46:51+00:00,90,Later public procurement or installation signal
Institut polytechnique de Grenoble,34.9,Research activity,2026-09-22,2026-09-22T21:46:51+00:00,90,Later public procurement or installation signal
Jordan University of Science and Technology,34.9,Research activity,2026-09-22,2026-09-22T21:46:51+00:00,90,Later public procurement or installation signal
"Moscow University ""Synergy""; 80 b/3 Leningradsky Prospekt, Moscow, 125315, Russian Federation",34.9,Research activity,2026-09-22,2026-09-22T21:46:51+00:00,90,Later public procurement or installation signal
University of Chinese Academy of Sciences,34.9,Research activity,2026-09-22,2026-09-22T21:46:51+00:00,90,Later public procurement or installation signal
Flemish Institute for Technological Research,34.8,Research activity,2026-09-22,2026-09-22T21:46:51+00:00,90,Later public procurement or installation signal
Izmir Institute of Technology,34.8,Research activity,2026-09-22,2026-09-22T21:46:51+00:00,90,Later public procurement or installation signal
Kashan University of Medical Sciences,34.8,Research activity,2026-09-22,2026-09-22T21:46:51+00:00,90,Later public procurement or installation signal
National Institute of Chemistry,34.8,Research activity,2026-09-22,2026-09-22T21:46:51+00:00,90,Later public procurement or installation signal
Qlab Analytical Laboratory (Greece),34.8,Research activity,2026-09-22,2026-09-22T21:46:51+00:00,90,Later public procurement or installation signal
Universidade do Porto,34.8,Research activity,2026-09-22,2026-09-22T21:46:51+00:00,90,Later public procurement or installation signal
University of Szeged,34.8,Research activity,2026-09-22,2026-09-22T21:46:51+00:00,90,Later public procurement or installation signal
Consejo Nacional de Investigaciones Científicas y Técnicas,34.7,Research activity,2026-09-22,2026-09-22T21:46:51+00:00,90,Later public procurement or installation signal
"Istanbul University-Cerrahpasa Institute of Forensic Sciences and Legal Medicine, Department of Science, Buyukcekmece, Istanbul, Turkey",34.7,Research activity,2026-09-22,2026-09-22T21:46:51+00:00,90,Later public procurement or installation signal
N. I. Lobachevsky State University of Nizhny Novgorod,34.7,Research activity,2026-09-22,2026-09-22T21:46:51+00:00,90,Later public procurement or installation signal
National Institute for Bioprocessing Research and Training,34.7,Research activity,2026-09-22,2026-09-22T21:46:51+00:00,90,Later public procurement or installation signal
State Key Laboratory of Oncogene and Related Genes,34.7,Research activity,2026-09-22,2026-09-22T21:46:51+00:00,90,Later public procurement or installation signal
University of Adelaide,34.7,Research activity,2026-09-22,2026-09-22T21:46:51+00:00,90,Later public procurement or installation signal
University of Amsterdam,34.7,Research activity,2026-09-22,2026-09-22T21:46:51+00:00,90,Later public procurement or installation signal
University of Massachusetts Lowell,34.7,Research activity,2026-09-22,2026-09-22T21:46:51+00:00,90,Later public procurement or installation signal
Uttarakhand Open University,34.7,Research activity,2026-09-22,2026-09-22T21:46:51+00:00,90,Later public procurement or installation signal
Wake Forest University,34.7,Research activity,2026-09-22,2026-09-22T21:46:51+00:00,90,Later public procurement or installation signal
Roma Tre University,34.6,Instrument installation,2026-09-22,2026-09-22T21:46:51+00:00,90,Later public procurement or installation signal
Universitat de Barcelona,34.6,Research activity,2026-09-22,2026-09-22T21:46:51+00:00,90,Later public procurement or installation signal
University of Manchester,34.6,Research activity,2026-09-22,2026-09-22T21:46:51+00:00,90,Later public procurement or installation signal
Anhui University,34.5,Research activity,2026-09-22,2026-09-22T21:46:51+00:00,90,Later public procurement or installation signal
Beijing University of Technology,34.5,Research activity,2026-09-22,2026-09-22T21:46:51+00:00,90,Later public procurement or installation signal
Chang'an University,34.5,Research activity,2026-09-22,2026-09-22T21:46:51+00:00,90,Later public procurement or installation signal
Chongqing Medical University,34.5,Research activity,2026-09-22,2026-09-22T21:46:51+00:00,90,Later public procurement or installation signal
Guangzhou Institute of Geochemistry,34.5,Research activity,2026-09-22,2026-09-22T21:46:51+00:00,90,Later public procurement or installation signal
Istituto per il Sistema Produzione Animale in Ambiente Mediterraneo,34.5,Research activity,2026-09-22,2026-09-22T21:46:51+00:00,90,Later public procurement or installation signal
Planetary Science Institute,34.5,Research activity,2026-09-22,2026-09-22T21:46:51+00:00,90,Later public procurement or installation signal
Tomas Bata University in Zlín,34.5,Research activity,2026-09-22,2026-09-22T21:46:51+00:00,90,Later public procurement or installation signal
Universidad Nacional de Río Cuarto,34.5,Research activity,2026-09-22,2026-09-22T21:46:51+00:00,90,Later public procurement or installation signal
"Zhengzhou Institutes of Multipurpose Utilization of Mineral Resource, China Academy of Geological Sciences, Zhengzhou 450006, China",34.5,Research activity,2026-09-22,2026-09-22T21:46:51+00:00,90,Later public procurement or installation signal
Ca' Foscari University of Venice,34.4,Research activity,2026-09-22,2026-09-22T21:46:51+00:00,90,Later public procurement or installation signal
Centre for Palaeogenetics,34.4,Research activity,2026-09-22,2026-09-22T21:46:51+00:00,90,Later public procurement or installation signal
MONTANA STATE UNIVERSITY - BOZEMAN,34.4,Funding received,2026-09-22,2026-09-22T21:46:51+00:00,90,Later public procurement or installation signal
"Maharishi School of Pharmaceutical Sciences, Maharishi University of Information Technology, Lucknow - 226013, Uttar Pradesh, India",34.4,Research activity,2026-09-22,2026-09-22T21:46:51+00:00,90,Later public procurement or installation signal
"Ordos Institute of Technology, Ordos 017010, China",34.4,Research activity,2026-09-22,2026-09-22T21:46:51+00:00,90,Later public procurement or installation signal
Siberian Research Institute of Agriculture and Peat,34.4,Research activity,2026-09-22,2026-09-22T21:46:51+00:00,90,Later public procurement or installation signal
Tunis El Manar University,34.4,Research activity,2026-09-22,2026-09-22T21:46:51+00:00,90,Later public procurement or installation signal
Universitat Politècnica de Catalunya,34.4,Research activity,2026-09-22,2026-09-22T21:46:51+00:00,90,Later public procurement or installation signal
Agilent Technologies,34.3,Research activity,2026-09-22,2026-09-22T21:46:51+00:00,90,Later public procurement or installation signal
"B.K. Mody Government Pharmacy College, Polytechnic Campus, Near Aji Dam, Rajkot, Gujarat, India, Postal Code: 360003",34.3,Research activity,2026-09-22,2026-09-22T21:46:51+00:00,90,Later public procurement or installation signal
Ben-Gurion University of the Negev,34.3,Research activity,2026-09-22,2026-09-22T21:46:51+00:00,90,Later public procurement or installation signal
Brandon University,34.3,Research activity,2026-09-22,2026-09-22T21:46:51+00:00,90,Later public procurement or installation signal
Central South University,34.3,Research activity,2026-09-22,2026-09-22T21:46:51+00:00,90,Later public procurement or installation signal
Eurofins Nihon Soken K.K,34.3,Research activity,2026-09-22,2026-09-22T21:46:51+00:00,90,Later public procurement or installation signal
"Institute for Space-Earth Environmental Research, Nagoya University",34.3,Research activity,2026-09-22,2026-09-22T21:46:51+00:00,90,Later public procurement or installation signal
Johannes Kepler University of Linz,34.3,Research activity,2026-09-22,2026-09-22T21:46:51+00:00,90,Later public procurement or installation signal
Korea University of Technology and Education,34.3,Research activity,2026-09-22,2026-09-22T21:46:51+00:00,90,Later public procurement or installation signal
National United University,34.3,Research activity,2026-09-22,2026-09-22T21:46:51+00:00,90,Later public procurement or installation signal
RTI International,34.3,Research activity,2026-09-22,2026-09-22T21:46:51+00:00,90,Later public procurement or installation signal
Universidade do Estado do Rio de Janeiro,34.3,Research activity,2026-09-22,2026-09-22T21:46:51+00:00,90,Later public procurement or installation signal
University of Jiroft,34.3,Research activity,2026-09-22,2026-09-22T21:46:51+00:00,90,Later public procurement or installation signal
Brown University,34.2,Research activity,2026-09-22,2026-09-22T21:46:51+00:00,90,Later public procurement or installation signal
"Graduate School of Pharmaceutical Sciences, Chiba University, 1-8-1 Inohana, Chuo, Chiba, Chiba 260-8675, Japan",34.2,Research activity,2026-09-22,2026-09-22T21:46:51+00:00,90,Later public procurement or installation signal
Institute of Geology and Geophysics,34.2,Research activity,2026-09-22,2026-09-22T21:46:51+00:00,90,Later public procurement or installation signal
Istituto Zooprofilattico Sperimentale delle Regioni Lazio e Toscana,34.2,Research activity,2026-09-22,2026-09-22T21:46:51+00:00,90,Later public procurement or installation signal
Lebanese American University,34.2,Research activity,2026-09-22,2026-09-22T21:46:51+00:00,90,Later public procurement or installation signal
Maastricht University,34.2,Research activity,2026-09-22,2026-09-22T21:46:51+00:00,90,Later public procurement or installation signal
University of Bayreuth,34.2,Research activity,2026-09-22,2026-09-22T21:46:51+00:00,90,Later public procurement or installation signal
University of L'Aquila,34.2,Research activity,2026-09-22,2026-09-22T21:46:51+00:00,90,Later public procurement or installation signal
Wadia Institute of Himalayan Geology Dehradun India,34.2,Research activity,2026-09-22,2026-09-22T21:46:51+00:00,90,Later public procurement or installation signal
BHP (Australia),34.1,Research activity,2026-09-22,2026-09-22T21:46:51+00:00,90,Later public procurement or installation signal
Natural Resources Canada,34.1,Research activity,2026-09-22,2026-09-22T21:46:51+00:00,90,Later public procurement or installation signal
Texas Tech University,34.1,Research activity,2026-09-22,2026-09-22T21:46:51+00:00,90,Later public procurement or installation signal
United States Food and Drug Administration,34.1,Research activity,2026-09-22,2026-09-22T21:46:51+00:00,90,Later public procurement or installation signal
"V.S. Sobolev Institute of Geology and Mineralogy, Siberian Branch of the Russian Academy of Sciences, 3 Acad. Koptyug Avenue, 630090 Novosibirsk, Russia",34.1,Research activity,2026-09-22,2026-09-22T21:46:51+00:00,90,Later public procurement or installation signal
AGH University of Krakow,34.0,Research activity,2026-09-22,2026-09-22T21:46:51+00:00,90,Later public procurement or installation signal
American University in Cairo,34.0,Research activity,2026-09-22,2026-09-22T21:46:51+00:00,90,Later public procurement or installation signal
Communication University of China,34.0,Research activity,2026-09-22,2026-09-22T21:46:51+00:00,90,Later public procurement or installation signal
"Faculty of Chemistry, University of Warsaw, ul. Pasteura 1, 02-093 Warsaw, Poland",34.0,Research activity,2026-09-22,2026-09-22T21:46:51+00:00,90,Later public procurement or installation signal
Forschungszentrum Jülich,34.0,Research activity,2026-09-22,2026-09-22T21:46:51+00:00,90,Later public procurement or installation signal
Harbin Medical University,34.0,Research activity,2026-09-22,2026-09-22T21:46:51+00:00,90,Later public procurement or installation signal
Istituto Zooprofilattico Sperimentale Della Sicilia,34.0,Research activity,2026-09-22,2026-09-22T21:46:51+00:00,90,Later public procurement or installation signal
Jorge Basadre Grohmann National University,34.0,Research activity,2026-09-22,2026-09-22T21:46:51+00:00,90,Later public procurement or installation signal
Jožef Stefan Institute,34.0,Research activity,2026-09-22,2026-09-22T21:46:51+00:00,90,Later public procurement or installation signal
King's College London,34.0,Research activity,2026-09-22,2026-09-22T21:46:51+00:00,90,Later public procurement or installation signal
MEET Battery Research Center at the University of Münster,34.0,Research activity,2026-09-22,2026-09-22T21:46:51+00:00,90,Later public procurement or installation signal
Mongolian National University,34.0,Research activity,2026-09-22,2026-09-22T21:46:51+00:00,90,Later public procurement or installation signal
Nanchang Center for Disease Control and Prevention,34.0,Research activity,2026-09-22,2026-09-22T21:46:51+00:00,90,Later public procurement or installation signal
Nanjing Agricultural University,34.0,Research activity,2026-09-22,2026-09-22T21:46:51+00:00,90,Later public procurement or installation signal
National Institute of Metrology,34.0,Research activity,2026-09-22,2026-09-22T21:46:51+00:00,90,Later public procurement or installation signal
National Security Agency,34.0,Research activity,2026-09-22,2026-09-22T21:46:51+00:00,90,Later public procurement or installation signal
Orion Corporation (United Kingdom),34.0,Research activity,2026-09-22,2026-09-22T21:46:51+00:00,90,Later public procurement or installation signal
Sechenov University,34.0,Research activity,2026-09-22,2026-09-22T21:46:51+00:00,90,Later public procurement or installation signal
Semmelweis University,34.0,Research activity,2026-09-22,2026-09-22T21:46:51+00:00,90,Later public procurement or installation signal
Special Health Resources for Texas,34.0,Research activity,2026-09-22,2026-09-22T21:46:51+00:00,90,Later public procurement or installation signal
University of Bamenda,34.0,Research activity,2026-09-22,2026-09-22T21:46:51+00:00,90,Later public procurement or installation signal
University of Central Florida,34.0,Research activity,2026-09-22,2026-09-22T21:46:51+00:00,90,Later public procurement or installation signal
University of Münster,34.0,Research activity,2026-09-22,2026-09-22T21:46:51+00:00,90,Later public procurement or installation signal
University of Veterinary Medicine,34.0,Research activity,2026-09-22,2026-09-22T21:46:51+00:00,90,Later public procurement or installation signal
Wrocław University of Science and Technology,34.0,Research activity,2026-09-22,2026-09-22T21:46:51+00:00,90,Later public procurement or installation signal
Chongqing Jiaotong University,33.9,Research activity,2026-09-22,2026-09-22T21:46:51+00:00,90,Later public procurement or installation signal
"Department of Earth Resources Engineering, Faculty of Engineering, Kyushu University",33.9,Research activity,2026-09-22,2026-09-22T21:46:51+00:00,90,Later public procurement or installation signal
"Department of Physical and Chemical Sciences, University of L’Aquila, Via Vetoio snc, 67100 L’Aquila, Italy",33.9,Research activity,2026-09-22,2026-09-22T21:46:51+00:00,90,Later public procurement or installation signal
"Institute for Chemistry and Biology of the Marine Environment (ICBM), School of Mathematics and Science Carl von Ossietzky Universität Oldenburg Oldenburg Germany",33.9,Research activity,2026-09-22,2026-09-22T21:46:51+00:00,90,Later public procurement or installation signal
Massachusetts General Hospital,33.9,Research activity,2026-09-22,2026-09-22T21:46:51+00:00,90,Later public procurement or installation signal
Queensland University of Technology,33.9,Research activity,2026-09-22,2026-09-22T21:46:51+00:00,90,Later public procurement or installation signal
"School of Earth Sciences and Resources, China University of Geosciences Beijing, Beijing 100083, China",33.9,Research activity,2026-09-22,2026-09-22T21:46:51+00:00,90,Later public procurement or installation signal
School of Pedagogical and Technological Education,33.9,Research activity,2026-09-22,2026-09-22T21:46:51+00:00,90,Later public procurement or installation signal
Selçuk University,33.9,Research activity,2026-09-22,2026-09-22T21:46:51+00:00,90,Later public procurement or installation signal
"Ufa Federal Research Center, Institute of Geology, Russian Academy of Sciences, 16/2, Karl Marx Street, Ufa 450077, Russia",33.9,Research activity,2026-09-22,2026-09-22T21:46:51+00:00,90,Later public procurement or installation signal
University of Tsukuba,33.9,Research activity,2026-09-22,2026-09-22T21:46:51+00:00,90,Later public procurement or installation signal
Agricultural Research Service,33.8,Research activity,2026-09-22,2026-09-22T21:46:51+00:00,90,Later public procurement or installation signal
Boston University,33.8,Research activity,2026-09-22,2026-09-22T21:46:51+00:00,90,Later public procurement or installation signal
Chinese Academy of Tropical Agricultural Sciences,33.8,Research activity,2026-09-22,2026-09-22T21:46:51+00:00,90,Later public procurement or installation signal
Luxembourg Institute of Science and Technology,33.8,Research activity,2026-09-22,2026-09-22T21:46:51+00:00,90,Later public procurement or installation signal
Medizinische Hochschule Hannover,33.8,Research activity,2026-09-22,2026-09-22T21:46:51+00:00,90,Later public procurement or installation signal
NS Kurnakova Institute of General and Inorganic Chemistry,33.8,Research activity,2026-09-22,2026-09-22T21:46:51+00:00,90,Later public procurement or installation signal
Netaji Subhas University of Technology,33.8,Research activity,2026-09-22,2026-09-22T21:46:51+00:00,90,Later public procurement or installation signal
Shakarim University,33.8,Research activity,2026-09-22,2026-09-22T21:46:51+00:00,90,Later public procurement or installation signal
Tehran University of Medical Sciences,33.8,Research activity,2026-09-22,2026-09-22T21:46:51+00:00,90,Later public procurement or installation signal
University of Ilorin,33.8,Research activity,2026-09-22,2026-09-22T21:46:51+00:00,90,Later public procurement or installation signal
University of New Mexico,33.8,Research activity,2026-09-22,2026-09-22T21:46:51+00:00,90,Later public procurement or installation signal
University of Saskatchewan,33.8,Research activity,2026-09-22,2026-09-22T21:46:51+00:00,90,Later public procurement or installation signal
"Bee and Natural Products R&D and P&D Application and Research Center, Bingöl University, 12000 Bingöl, Türkiye",33.7,Research activity,2026-09-22,2026-09-22T21:46:51+00:00,90,Later public procurement or installation signal
Beijing Institute of Geology for Mineral Resources,33.7,Research activity,2026-09-22,2026-09-22T21:46:51+00:00,90,Later public procurement or installation signal
Chinese Academy of Medical Sciences & Peking Union Medical College,33.7,Research activity,2026-09-22,2026-09-22T21:46:51+00:00,90,Later public procurement or installation signal
German Cancer Research Center,33.7,Research activity,2026-09-22,2026-09-22T21:46:51+00:00,90,Later public procurement or installation signal
Hemwati Nandan Bahuguna Garhwal University,33.7,Research activity,2026-09-22,2026-09-22T21:46:51+00:00,90,Later public procurement or installation signal
"Institute of Mineral Resources, Chinese Academy of Geological Sciences, Beijing 100037, China",33.7,Research activity,2026-09-22,2026-09-22T21:46:51+00:00,90,Later public procurement or installation signal
Institute of Spectroscopy,33.7,Research activity,2026-09-22,2026-09-22T21:46:51+00:00,90,Later public procurement or installation signal
Karlsruhe Institute of Technology,33.7,Research activity,2026-09-22,2026-09-22T21:46:51+00:00,90,Later public procurement or installation signal
MEDICAL COLLEGE OF WISCONSIN,33.7,Funding received,2026-09-22,2026-09-22T21:46:51+00:00,90,Later public procurement or installation signal
Military University of Technology in Warsaw,33.7,Research activity,2026-09-22,2026-09-22T21:46:51+00:00,90,Later public procurement or installation signal
Mount Allison University,33.7,Research activity,2026-09-22,2026-09-22T21:46:51+00:00,90,Later public procurement or installation signal
Museum of London Archaeology,33.7,Research activity,2026-09-22,2026-09-22T21:46:51+00:00,90,Later public procurement or installation signal
National Cheng Kung University,33.7,Research activity,2026-09-22,2026-09-22T21:46:51+00:00,90,Later public procurement or installation signal
National Institute of Technology Calicut,33.7,Research activity,2026-09-22,2026-09-22T21:46:51+00:00,90,Later public procurement or installation signal
TUFTS UNIVERSITY BOSTON,33.7,Funding received,2026-09-22,2026-09-22T21:46:51+00:00,90,Later public procurement or installation signal
University of Aveiro,33.7,Research activity,2026-09-22,2026-09-22T21:46:51+00:00,90,Later public procurement or installation signal
University of Surrey,33.7,Research activity,2026-09-22,2026-09-22T21:46:51+00:00,90,Later public procurement or installation signal
University of Tehran,33.7,Research activity,2026-09-22,2026-09-22T21:46:51+00:00,90,Later public procurement or installation signal
University of Utah,33.7,Research activity,2026-09-22,2026-09-22T21:46:51+00:00,90,Later public procurement or installation signal
Colorado State University,33.6,Research activity,2026-09-22,2026-09-22T21:46:51+00:00,90,Later public procurement or installation signal
National Centre for Compositional Characterisation of Materials,33.6,Research activity,2026-09-22,2026-09-22T21:46:51+00:00,90,Later public procurement or installation signal
National Institute for Research and Development of Isotopic and Molecular Technologies,33.6,Research activity,2026-09-22,2026-09-22T21:46:51+00:00,90,Later public procurement or installation signal
"National Metrology Institute of Japan (NMIJ), National Institute of Advanced Industrial Science and Technology (AIST)",33.6,Research activity,2026-09-22,2026-09-22T21:46:51+00:00,90,Later public procurement or installation signal
PerkinElmer (United States),33.6,Research activity,2026-09-22,2026-09-22T21:46:51+00:00,90,Later public procurement or installation signal
Research Center of Applied Geology of China Geological Survey,33.6,Research activity,2026-09-22,2026-09-22T21:46:51+00:00,90,Later public procurement or installation signal
Scientific Solutions and University of North Dakota,33.6,Research activity,2026-09-22,2026-09-22T21:46:51+00:00,90,Later public procurement or installation signal
Tongji University,33.6,Research activity,2026-09-22,2026-09-22T21:46:51+00:00,90,Later public procurement or installation signal
University of Azad Jammu and Kashmir,33.6,Research activity,2026-09-22,2026-09-22T21:46:51+00:00,90,Later public procurement or installation signal
Geoscience Australia,32.6,Research activity,2026-09-22,2026-09-22T21:46:51+00:00,90,Later public procurement or installation signal
Uppsala University,31.9,Research activity,2026-09-22,2026-09-22T21:46:51+00:00,90,Later public procurement or installation signal
Institute of Precambrian Geology and Geochronology,31.8,Research activity,2026-09-22,2026-09-22T21:46:51+00:00,90,Later public procurement or installation signal
"LSRE-LCM, ALiCE, Faculty of Engineering, University of Porto, Rua Dr. Roberto Frias, 4200-465 Porto, Portugal",31.7,Research activity,2026-09-22,2026-09-22T21:46:51+00:00,90,Later public procurement or installation signal
Saveetha University,31.7,Research activity,2026-09-22,2026-09-22T21:46:51+00:00,90,Later public procurement or installation signal
UNIVERSITY OF DELAWARE,31.6,Funding received,2026-09-22,2026-09-22T21:46:51+00:00,90,Later public procurement or installation signal
"FERRIC CONTRAST,",31.5,Funding received,2026-09-22,2026-09-22T21:46:51+00:00,90,Later public procurement or installation signal
TEXAS STATE UNIVERSITY,31.5,Instrument installation,2026-09-22,2026-09-22T21:46:51+00:00,90,Later public procurement or installation signal
Shanxi Normal University,31.4,Research activity,2026-09-22,2026-09-22T21:46:51+00:00,90,Later public procurement or installation signal
Helmholtz-Zentrum Berlin für Materialien und Energie,30.4,Research activity,2026-09-22,2026-09-22T21:46:51+00:00,90,Later public procurement or installation signal
University of Rostock,30.0,Research activity,2026-09-22,2026-09-22T21:46:51+00:00,90,Later public procurement or installation signal
Walker (United States),29.9,Research activity,2026-09-22,2026-09-22T21:46:51+00:00,90,Later public procurement or installation signal
National Nuclear Center of the Republic of Kazakhstan,29.0,Research activity,2026-09-22,2026-09-22T21:46:51+00:00,90,Later public procurement or installation signal
Case Western Reserve University,28.9,Research activity,2026-09-22,2026-09-22T21:46:51+00:00,90,Later public procurement or installation signal
UCL Australia,28.5,Research activity,2026-09-22,2026-09-22T21:46:51+00:00,90,Later public procurement or installation signal
School of Geography Nanjing Normal University Nanjing 210023 China,28.2,Research activity,2026-09-22,2026-09-22T21:46:51+00:00,90,Later public procurement or installation signal
University of Urbino,28.2,Research activity,2026-09-22,2026-09-22T21:46:51+00:00,90,Later public procurement or installation signal
Florida Gulf Coast University,27.9,Research activity,2026-09-22,2026-09-22T21:46:51+00:00,90,Later public procurement or installation signal
"Former Professor, Department of Mining Engineering, Indian Institute of Kharagpur, Kharagpur - 721302, West Bengal",27.8,Research activity,2026-09-22,2026-09-22T21:46:51+00:00,90,Later public procurement or installation signal
South Valley University,27.7,Research activity,2026-09-22,2026-09-22T21:46:51+00:00,90,Later public procurement or installation signal
University of Macau,27.7,Research activity,2026-09-22,2026-09-22T21:46:51+00:00,90,Later public procurement or installation signal
"Instituto de Óptica ""Daza de Valdés""",27.2,Research activity,2026-09-22,2026-09-22T21:46:51+00:00,90,Later public procurement or installation signal
Xi'an University of Architecture and Technology,27.2,Research activity,2026-09-22,2026-09-22T21:46:51+00:00,90,Later public procurement or installation signal
"Public Health Authority of the Slovak Republic, National Reference Center for Pesticide Residues, Trnavská Street 52, 826 45 Bratislava, Slovakia",27.1,Research activity,2026-09-22,2026-09-22T21:46:51+00:00,90,Later public procurement or installation signal
ASA College,27.0,Research activity,2026-09-22,2026-09-22T21:46:51+00:00,90,Later public procurement or installation signal
Ewha Womans University,27.0,Research activity,2026-09-22,2026-09-22T21:46:51+00:00,90,Later public procurement or installation signal
Gopalganj Science and Technology University,27.0,Research activity,2026-09-22,2026-09-22T21:46:51+00:00,90,Later public procurement or installation signal
Banasthali University,26.9,Research activity,2026-09-22,2026-09-22T21:46:51+00:00,90,Later public procurement or installation signal
Shenzhen Institutes of Advanced Technology,26.9,Research activity,2026-09-22,2026-09-22T21:46:51+00:00,90,Later public procurement or installation signal
Imam Mohammad ibn Saud Islamic University,26.8,Research activity,2026-09-22,2026-09-22T21:46:51+00:00,90,Later public procurement or installation signal
Nanjing University of Aeronautics and Astronautics,26.8,Research activity,2026-09-22,2026-09-22T21:46:51+00:00,90,Later public procurement or installation signal
China Jiliang University,26.7,Research activity,2026-09-22,2026-09-22T21:46:51+00:00,90,Later public procurement or installation signal
Gaziantep University,26.7,Research activity,2026-09-22,2026-09-22T21:46:51+00:00,90,Later public procurement or installation signal
Changzhou Vocational Institute of Light Industry,26.5,Research activity,2026-09-22,2026-09-22T21:46:51+00:00,90,Later public procurement or installation signal
Manipal Academy of Higher Education,26.5,Research activity,2026-09-22,2026-09-22T21:46:51+00:00,90,Later public procurement or installation signal
NeoPhotonics (United States),26.5,Research activity,2026-09-22,2026-09-22T21:46:51+00:00,90,Later public procurement or installation signal
Université d'Orléans,26.5,Research activity,2026-09-22,2026-09-22T21:46:51+00:00,90,Later public procurement or installation signal
Université de Montréal,26.5,Research activity,2026-09-22,2026-09-22T21:46:51+00:00,90,Later public procurement or installation signal
Rice University,26.4,Research activity,2026-09-22,2026-09-22T21:46:51+00:00,90,Later public procurement or installation signal
Universidade Federal do Rio Grande do Sul,26.4,Research activity,2026-09-22,2026-09-22T21:46:51+00:00,90,Later public procurement or installation signal
Gwangju Institute of Science and Technology,26.3,Research activity,2026-09-22,2026-09-22T21:46:51+00:00,90,Later public procurement or installation signal
Jingdezhen Ceramic Institute,26.3,Research activity,2026-09-22,2026-09-22T21:46:51+00:00,90,Later public procurement or installation signal
Korea Institute of Geoscience and Mineral Resources,26.3,Research activity,2026-09-22,2026-09-22T21:46:51+00:00,90,Later public procurement or installation signal
James Cook University,26.2,Research activity,2026-09-22,2026-09-22T21:46:51+00:00,90,Later public procurement or installation signal
Tohoku University,26.2,Research activity,2026-09-22,2026-09-22T21:46:51+00:00,90,Later public procurement or installation signal
Khulna University of Engineering and Technology,26.1,Research activity,2026-09-22,2026-09-22T21:46:51+00:00,90,Later public procurement or installation signal
Universidade Federal de Ouro Preto,26.1,Research activity,2026-09-22,2026-09-22T21:46:51+00:00,90,Later public procurement or installation signal
Sri Sathya Sai Institute of Higher Learning,26.0,Research activity,2026-09-22,2026-09-22T21:46:51+00:00,90,Later public procurement or installation signal
Beijing Jiaotong University,25.9,Research activity,2026-09-22,2026-09-22T21:46:51+00:00,90,Later public procurement or installation signal
Turgut Özal University,25.8,Research activity,2026-09-22,2026-09-22T21:46:51+00:00,90,Later public procurement or installation signal
Centre de Recherches Pétrographiques et Géochimiques,25.7,Research activity,2026-09-22,2026-09-22T21:46:51+00:00,90,Later public procurement or installation signal
Guangxi University,25.7,Research activity,2026-09-22,2026-09-22T21:46:51+00:00,90,Later public procurement or installation signal
Queen's University Belfast,25.7,Research activity,2026-09-22,2026-09-22T21:46:51+00:00,90,Later public procurement or installation signal
Seoul National University of Education,25.7,Research activity,2026-09-22,2026-09-22T21:46:51+00:00,90,Later public procurement or installation signal
University of North Dakota,25.7,Research activity,2026-09-22,2026-09-22T21:46:51+00:00,90,Later public procurement or installation signal
Ain Shams University,25.6,Research activity,2026-09-22,2026-09-22T21:46:51+00:00,90,Later public procurement or installation signal
Bilkent University,25.6,Research activity,2026-09-22,2026-09-22T21:46:51+00:00,90,Later public procurement or installation signal
"Department of Regulatory Affairs, Parul Institute of Pharmacy, Parul University, Vadodara, Gujarat, India",25.6,Research activity,2026-09-22,2026-09-22T21:46:51+00:00,90,Later public procurement or installation signal
GEOMAR Helmholtz Centre for Ocean Research Kiel Kiel Germany,25.6,Research activity,2026-09-22,2026-09-22T21:46:51+00:00,90,Later public procurement or installation signal
"Institute of Physical and Chemical Testing, Shaanxi Provincial Center for Disease Control and Prevention, Xi'an, 710054, P.R. China",25.6,Research activity,2026-09-22,2026-09-22T21:46:51+00:00,90,Later public procurement or installation signal
"Laboratory of Inorganic Chemistry, Department of Chemistry and Applied Biosciences, ETH Zürich, Vladimir-Prelog-Weg 1, 8093 Zurich, Switzerland",25.6,Research activity,2026-09-22,2026-09-22T21:46:51+00:00,90,Later public procurement or installation signal
"Public Health School, Fujian Medical University, Fuzhou, China",25.6,Research activity,2026-09-22,2026-09-22T21:46:51+00:00,90,Later public procurement or installation signal
Utrecht University,25.6,Research activity,2026-09-22,2026-09-22T21:46:51+00:00,90,Later public procurement or installation signal
Delft University of Technology,25.5,Research activity,2026-09-22,2026-09-22T21:46:51+00:00,90,Later public procurement or installation signal
Hong Kong University of Science and Technology,25.5,Research activity,2026-09-22,2026-09-22T21:46:51+00:00,90,Later public procurement or installation signal
Korea University,25.5,Research activity,2026-09-22,2026-09-22T21:46:51+00:00,90,Later public procurement or installation signal
Schott (Germany),25.5,Research activity,2026-09-22,2026-09-22T21:46:51+00:00,90,Later public procurement or installation signal
University of Rochester,25.5,Research activity,2026-09-22,2026-09-22T21:46:51+00:00,90,Later public procurement or installation signal
Wuhan University of Technology,25.5,Research activity,2026-09-22,2026-09-22T21:46:51+00:00,90,Later public procurement or installation signal
First Affiliated Hospital of Xi'an Jiaotong University,25.4,Research activity,2026-09-22,2026-09-22T21:46:51+00:00,90,Later public procurement or installation signal
Fudan University,25.4,Research activity,2026-09-22,2026-09-22T21:46:51+00:00,90,Later public procurement or installation signal
Hefei National Center for Physical Sciences at Nanoscale,25.4,Research activity,2026-09-22,2026-09-22T21:46:51+00:00,90,Later public procurement or installation signal
Korea Energy Economics Institute,25.4,Research activity,2026-09-22,2026-09-22T21:46:51+00:00,90,Later public procurement or installation signal
Mahidol University,25.4,Research activity,2026-09-22,2026-09-22T21:46:51+00:00,90,Later public procurement or installation signal
Suzhou University of Science and Technology,25.4,Research activity,2026-09-22,2026-09-22T21:46:51+00:00,90,Later public procurement or installation signal
Tarim University,25.4,Research activity,2026-09-22,2026-09-22T21:46:51+00:00,90,Later public procurement or installation signal
"University of California, Davis",25.4,Research activity,2026-09-22,2026-09-22T21:46:51+00:00,90,Later public procurement or installation signal
University of Teramo,25.4,Research activity,2026-09-22,2026-09-22T21:46:51+00:00,90,Later public procurement or installation signal
Wichita State University,25.3,Research activity,2026-09-22,2026-09-22T21:46:51+00:00,90,Later public procurement or installation signal
Institute of Science and Technology Austria,25.2,Research activity,2026-09-22,2026-09-22T21:46:51+00:00,90,Later public procurement or installation signal
Nanjing University of Chinese Medicine,25.2,Research activity,2026-09-22,2026-09-22T21:46:51+00:00,90,Later public procurement or installation signal
National University of Singapore,25.2,Research activity,2026-09-22,2026-09-22T21:46:51+00:00,90,Later public procurement or installation signal
Korea Institute of Ceramic Engineering and Technology,25.1,Research activity,2026-09-22,2026-09-22T21:46:51+00:00,90,Later public procurement or installation signal
Mansoura University,25.1,Research activity,2026-09-22,2026-09-22T21:46:51+00:00,90,Later public procurement or installation signal
Nanyang Technological University,25.1,Research activity,2026-09-22,2026-09-22T21:46:51+00:00,90,Later public procurement or installation signal
Universiti Teknologi Petronas,25.1,Research activity,2026-09-22,2026-09-22T21:46:51+00:00,90,Later public procurement or installation signal
Fujian Medical University,25.0,Research activity,2026-09-22,2026-09-22T21:46:51+00:00,90,Later public procurement or installation signal
Institute for Energy Technology,25.0,Research activity,2026-09-22,2026-09-22T21:46:51+00:00,90,Later public procurement or installation signal
Naval University of Engineering,25.0,Research activity,2026-09-22,2026-09-22T21:46:51+00:00,90,Later public procurement or installation signal
Northwestern University,25.0,Research activity,2026-09-22,2026-09-22T21:46:51+00:00,90,Later public procurement or installation signal
Panjab University,25.0,Research activity,2026-09-22,2026-09-22T21:46:51+00:00,90,Later public procurement or installation signal
University of Calgary,25.0,Research activity,2026-09-22,2026-09-22T21:46:51+00:00,90,Later public procurement or installation signal
University of Delhi,25.0,Research activity,2026-09-22,2026-09-22T21:46:51+00:00,90,Later public procurement or installation signal
Anhui Water Conservancy and Hydropower Survey and Design Institute,24.9,Research activity,2026-09-22,2026-09-22T21:46:51+00:00,90,Later public procurement or installation signal
Evides (Netherlands),24.9,Instrument installation,2026-09-22,2026-09-22T21:46:51+00:00,90,Later public procurement or installation signal
"G H Raisoni College of Engineering and Technology, Nagpur, India",24.9,Research activity,2026-09-22,2026-09-22T21:46:51+00:00,90,Later public procurement or installation signal
Micron (United States),24.9,Research activity,2026-09-22,2026-09-22T21:46:51+00:00,90,Later public procurement or installation signal
Nevşehir Hacı Bektaş Veli University,24.9,Research activity,2026-09-22,2026-09-22T21:46:51+00:00,90,Later public procurement or installation signal
Northeastern University,24.9,Research activity,2026-09-22,2026-09-22T21:46:51+00:00,90,Later public procurement or installation signal
Tianjin University,24.9,Research activity,2026-09-22,2026-09-22T21:46:51+00:00,90,Later public procurement or installation signal
University of Texas MD Anderson Cancer Center,24.9,Research activity,2026-09-22,2026-09-22T21:46:51+00:00,90,Later public procurement or installation signal
Anhui Medical University,24.6,Research activity,2026-09-22,2026-09-22T21:46:51+00:00,90,Later public procurement or installation signal
Guangdong University Of Finances and Economics,24.6,Research activity,2026-09-22,2026-09-22T21:46:51+00:00,90,Later public procurement or installation signal
Indian Institute of Technology Kanpur,24.6,Research activity,2026-09-22,2026-09-22T21:46:51+00:00,90,Later public procurement or installation signal
Johns Hopkins University,24.6,Research activity,2026-09-22,2026-09-22T21:46:51+00:00,90,Later public procurement or installation signal
Mehran University of Engineering and Technology,24.6,Research activity,2026-09-22,2026-09-22T21:46:51+00:00,90,Later public procurement or installation signal
Ministry of Education of the People's Republic of China,24.6,Research activity,2026-09-22,2026-09-22T21:46:51+00:00,90,Later public procurement or installation signal
University of Johannesburg,24.6,Research activity,2026-09-22,2026-09-22T21:46:51+00:00,90,Later public procurement or installation signal
Beijing Normal University,24.5,Research activity,2026-09-22,2026-09-22T21:46:51+00:00,90,Later public procurement or installation signal
Department of Earth and Environmental Sciences Syracuse University Syracuse New York USA,24.5,Research activity,2026-09-22,2026-09-22T21:46:51+00:00,90,Later public procurement or installation signal
Georgia Institute of Technology,24.5,Research activity,2026-09-22,2026-09-22T21:46:51+00:00,90,Later public procurement or installation signal
Institute of Oceanology,24.5,Research activity,2026-09-22,2026-09-22T21:46:51+00:00,90,Later public procurement or installation signal
Lawrence Berkeley National Laboratory,24.5,Research activity,2026-09-22,2026-09-22T21:46:51+00:00,90,Later public procurement or installation signal
Shandong University,24.5,Research activity,2026-09-22,2026-09-22T21:46:51+00:00,90,Later public procurement or installation signal
South China Agricultural University,24.5,Research activity,2026-09-22,2026-09-22T21:46:51+00:00,90,Later public procurement or installation signal
University of Shahrood,24.5,Research activity,2026-09-22,2026-09-22T21:46:51+00:00,90,Later public procurement or installation signal
Central Salt and Marine Chemicals Research Institute,24.4,Research activity,2026-09-22,2026-09-22T21:46:51+00:00,90,Later public procurement or installation signal
City University of Hong Kong,24.4,Research activity,2026-09-22,2026-09-22T21:46:51+00:00,90,Later public procurement or installation signal
Helwan University,24.4,Research activity,2026-09-22,2026-09-22T21:46:51+00:00,90,Later public procurement or installation signal
Jinan University,24.4,Research activity,2026-09-22,2026-09-22T21:46:51+00:00,90,Later public procurement or installation signal
Monash University,24.4,Research activity,2026-09-22,2026-09-22T21:46:51+00:00,90,Later public procurement or installation signal
North-West University,24.4,Research activity,2026-09-22,2026-09-22T21:46:51+00:00,90,Later public procurement or installation signal
South China University of Technology,24.4,Research activity,2026-09-22,2026-09-22T21:46:51+00:00,90,Later public procurement or installation signal
Swiss Federal Institute of Aquatic Science and Technology,24.4,Research activity,2026-09-22,2026-09-22T21:46:51+00:00,90,Later public procurement or installation signal
University of California San Diego,24.4,Research activity,2026-09-22,2026-09-22T21:46:51+00:00,90,Later public procurement or installation signal
University of Cambridge,24.4,Research activity,2026-09-22,2026-09-22T21:46:51+00:00,90,Later public procurement or installation signal
University of Nottingham,24.4,Research activity,2026-09-22,2026-09-22T21:46:51+00:00,90,Later public procurement or installation signal
University of Science and Technology Beijing,24.4,Research activity,2026-09-22,2026-09-22T21:46:51+00:00,90,Later public procurement or installation signal
University of Venda,24.4,Research activity,2026-09-22,2026-09-22T21:46:51+00:00,90,Later public procurement or installation signal
Università Cattolica del Sacro Cuore,24.4,Research activity,2026-09-22,2026-09-22T21:46:51+00:00,90,Later public procurement or installation signal
Wenzhou University,24.4,Research activity,2026-09-22,2026-09-22T21:46:51+00:00,90,Later public procurement or installation signal
Wolaita Sodo University,24.4,Research activity,2026-09-22,2026-09-22T21:46:51+00:00,90,Later public procurement or installation signal
Ariel University,24.3,Research activity,2026-09-22,2026-09-22T21:46:51+00:00,90,Later public procurement or installation signal
Hebrew University of Jerusalem,24.3,Research activity,2026-09-22,2026-09-22T21:46:51+00:00,90,Later public procurement or installation signal
Indian Institute of Technology Madras,24.3,Research activity,2026-09-22,2026-09-22T21:46:51+00:00,90,Later public procurement or installation signal
Institut de Recerca en Energia de Catalunya,24.3,Research activity,2026-09-22,2026-09-22T21:46:51+00:00,90,Later public procurement or installation signal
Institute of Physics,24.3,Research activity,2026-09-22,2026-09-22T21:46:51+00:00,90,Later public procurement or installation signal
Chinese Academy of Agricultural Sciences,24.2,Research activity,2026-09-22,2026-09-22T21:46:51+00:00,90,Later public procurement or installation signal
Jilin University,24.2,Research activity,2026-09-22,2026-09-22T21:46:51+00:00,90,Later public procurement or installation signal
Qingdao University of Science and Technology,24.2,Research activity,2026-09-22,2026-09-22T21:46:51+00:00,90,Later public procurement or installation signal
University of Pittsburgh,24.2,Instrument installation,2026-09-22,2026-09-22T21:46:51+00:00,90,Later public procurement or installation signal
Banaras Hindu University,24.1,Research activity,2026-09-22,2026-09-22T21:46:51+00:00,90,Later public procurement or installation signal
Hunan University,24.1,Research activity,2026-09-22,2026-09-22T21:46:51+00:00,90,Later public procurement or installation signal
Leibniz Institute for Catalysis,24.1,Research activity,2026-09-22,2026-09-22T21:46:51+00:00,90,Later public procurement or installation signal
Mansfield University,24.1,Research activity,2026-09-22,2026-09-22T21:46:51+00:00,90,Later public procurement or installation signal
North Carolina State University,24.1,Research activity,2026-09-22,2026-09-22T21:46:51+00:00,90,Later public procurement or installation signal
Tallinn University of Technology,24.1,Research activity,2026-09-22,2026-09-22T21:46:51+00:00,90,Later public procurement or installation signal
University of Florida,24.1,Research activity,2026-09-22,2026-09-22T21:46:51+00:00,90,Later public procurement or installation signal
University of Southern California,24.1,Research activity,2026-09-22,2026-09-22T21:46:51+00:00,90,Later public procurement or installation signal
University of Sri Jayewardenepura,24.1,Research activity,2026-09-22,2026-09-22T21:46:51+00:00,90,Later public procurement or installation signal
Wichita Falls Independent School District,24.1,Research activity,2026-09-22,2026-09-22T21:46:51+00:00,90,Later public procurement or installation signal
Wuhan National Laboratory for Optoelectronics,24.1,Research activity,2026-09-22,2026-09-22T21:46:51+00:00,90,Later public procurement or installation signal
Bar-Ilan University,24.0,Research activity,2026-09-22,2026-09-22T21:46:51+00:00,90,Later public procurement or installation signal
Cardinal Health (United States),24.0,Research activity,2026-09-22,2026-09-22T21:46:51+00:00,90,Later public procurement or installation signal
"Chinese University of Hong Kong, Shenzhen",24.0,Research activity,2026-09-22,2026-09-22T21:46:51+00:00,90,Later public procurement or installation signal
Jahrom University of Medical Sciences,24.0,Research activity,2026-09-22,2026-09-22T21:46:51+00:00,90,Later public procurement or installation signal
National Taipei University of Technology,24.0,Research activity,2026-09-22,2026-09-22T21:46:51+00:00,90,Later public procurement or installation signal
Shanghai Ninth People's Hospital,24.0,Research activity,2026-09-22,2026-09-22T21:46:51+00:00,90,Later public procurement or installation signal
Stanford University,24.0,Research activity,2026-09-22,2026-09-22T21:46:51+00:00,90,Later public procurement or installation signal
Universidade Nova de Lisboa,24.0,Research activity,2026-09-22,2026-09-22T21:46:51+00:00,90,Later public procurement or installation signal
University of Louisville,24.0,Research activity,2026-09-22,2026-09-22T21:46:51+00:00,90,Later public procurement or installation signal
Accadis Hochschule Bad Homburg,23.9,Research activity,2026-09-22,2026-09-22T21:46:51+00:00,90,Later public procurement or installation signal
Chengdu University,23.9,Research activity,2026-09-22,2026-09-22T21:46:51+00:00,90,Later public procurement or installation signal
China Architecture Design & Research Group (China),23.9,Research activity,2026-09-22,2026-09-22T21:46:51+00:00,90,Later public procurement or installation signal
Indian Institute of Science Bangalore,23.9,Research activity,2026-09-22,2026-09-22T21:46:51+00:00,90,Later public procurement or installation signal
Nanjing Hydraulic Research Institute,23.9,Research activity,2026-09-22,2026-09-22T21:46:51+00:00,90,Later public procurement or installation signal
Punjab Engineering College,23.9,Research activity,2026-09-22,2026-09-22T21:46:51+00:00,90,Later public procurement or installation signal
Ruhr University Bochum,23.9,Research activity,2026-09-22,2026-09-22T21:46:51+00:00,90,Later public procurement or installation signal
Tianjin University of Technology,23.9,Research activity,2026-09-22,2026-09-22T21:46:51+00:00,90,Later public procurement or installation signal
University of Alberta,23.9,Research activity,2026-09-22,2026-09-22T21:46:51+00:00,90,Later public procurement or installation signal
University of Massachusetts Amherst,23.9,Research activity,2026-09-22,2026-09-22T21:46:51+00:00,90,Later public procurement or installation signal
Federal Institute For Materials Research and Testing,93.0,Research activity,2026-09-23,2026-09-23T22:02:20+00:00,90,Later public procurement or installation signal
Centre National de la Recherche Scientifique,92.8,Research activity,2026-09-23,2026-09-23T22:02:20+00:00,90,Later public procurement or installation signal
China University of Geosciences,91.8,Research activity,2026-09-23,2026-09-23T22:02:20+00:00,90,Later public procurement or installation signal
China University of Geosciences (Beijing),90.8,Research activity,2026-09-23,2026-09-23T22:02:20+00:00,90,Later public procurement or installation signal
Charles University,90.1,Research activity,2026-09-23,2026-09-23T22:02:20+00:00,90,Later public procurement or installation signal
Chinese Academy of Sciences,88.9,Research activity,2026-09-23,2026-09-23T22:02:20+00:00,90,Later public procurement or installation signal
Montanuniversität Leoben,85.1,Instrument installation,2026-09-23,2026-09-23T22:02:20+00:00,90,Later public procurement or installation signal
Sichuan University,84.4,Research activity,2026-09-23,2026-09-23T22:02:20+00:00,90,Later public procurement or installation signal
ETH Zurich,84.0,Research activity,2026-09-23,2026-09-23T22:02:20+00:00,90,Later public procurement or installation signal
Universidad de Oviedo,83.6,Research activity,2026-09-23,2026-09-23T22:02:20+00:00,90,Later public procurement or installation signal
Universidad de Zaragoza,81.1,Research activity,2026-09-23,2026-09-23T22:02:20+00:00,90,Later public procurement or installation signal
University of Insubria,80.3,Research activity,2026-09-23,2026-09-23T22:02:20+00:00,90,Later public procurement or installation signal
Seoul National University,80.0,Research activity,2026-09-23,2026-09-23T22:02:20+00:00,90,Later public procurement or installation signal
Kunming University of Science and Technology,78.8,Research activity,2026-09-23,2026-09-23T22:02:20+00:00,90,Later public procurement or installation signal
UNIVERSITY OF PITTSBURGH AT PITTSBURGH,77.7,Funding received,2026-09-23,2026-09-23T22:02:20+00:00,90,Later public procurement or installation signal
University of Geneva,75.3,Research activity,2026-09-23,2026-09-23T22:02:20+00:00,90,Later public procurement or installation signal
RUTGERS BIOMEDICAL AND HEALTH SCIENCES,74.9,Funding received,2026-09-23,2026-09-23T22:02:20+00:00,90,Later public procurement or installation signal
Northwest University,74.2,Research activity,2026-09-23,2026-09-23T22:02:20+00:00,90,Later public procurement or installation signal
Paul Scherrer Institute,73.5,Research activity,2026-09-23,2026-09-23T22:02:20+00:00,90,Later public procurement or installation signal
JOHNS HOPKINS UNIVERSITY,73.4,Funding received,2026-09-23,2026-09-23T22:02:20+00:00,90,Later public procurement or installation signal
UNIVERSITY OF VIRGINIA,73.0,Funding received,2026-09-23,2026-09-23T22:02:20+00:00,90,Later public procurement or installation signal
Chiba University,72.6,Research activity,2026-09-23,2026-09-23T22:02:20+00:00,90,Later public procurement or installation signal
Goethe University Frankfurt,72.2,Research activity,2026-09-23,2026-09-23T22:02:20+00:00,90,Later public procurement or installation signal
Universidade Federal de Santa Maria,71.7,Research activity,2026-09-23,2026-09-23T22:02:20+00:00,90,Later public procurement or installation signal
"UNIVERSITY OF CALIFORNIA, SAN FRANCISCO",69.6,Funding received,2026-09-23,2026-09-23T22:02:20+00:00,90,Later public procurement or installation signal
University of North Carolina at Chapel Hill,68.4,Research activity,2026-09-23,2026-09-23T22:02:20+00:00,90,Later public procurement or installation signal
Jagiellonian University,67.9,Research activity,2026-09-23,2026-09-23T22:02:20+00:00,90,Later public procurement or installation signal
University of Queensland,67.6,Research activity,2026-09-23,2026-09-23T22:02:20+00:00,90,Later public procurement or installation signal
IMEC,66.1,Research activity,2026-09-23,2026-09-23T22:02:20+00:00,90,Later public procurement or installation signal
BOSTON UNIVERSITY MEDICAL CAMPUS,65.6,Funding received,2026-09-23,2026-09-23T22:02:20+00:00,90,Later public procurement or installation signal
BAYLOR COLLEGE OF MEDICINE,64.9,Funding received,2026-09-23,2026-09-23T22:02:20+00:00,90,Later public procurement or installation signal
Yonsei University,63.9,Research activity,2026-09-23,2026-09-23T22:02:20+00:00,90,Later public procurement or installation signal
Pacific Northwest National Laboratory,63.6,Research activity,2026-09-23,2026-09-23T22:02:20+00:00,90,Later public procurement or installation signal
University of Ljubljana,62.7,Research activity,2026-09-23,2026-09-23T22:02:20+00:00,90,Later public procurement or installation signal
"University of Toronto (Toronto, Canada)",62.7,Research activity,2026-09-23,2026-09-23T22:02:20+00:00,90,Later public procurement or installation signal
University of Science and Technology of China,61.9,Research activity,2026-09-23,2026-09-23T22:02:20+00:00,90,Later public procurement or installation signal
"Adelaide University (Adelaide, Australia)",61.8,Research activity,2026-09-23,2026-09-23T22:02:20+00:00,90,Later public procurement or installation signal
Zhengzhou University,61.7,Research activity,2026-09-23,2026-09-23T22:02:20+00:00,90,Later public procurement or installation signal
UNIVERSITY OF MASSACHUSETTS AMHERST,61.1,Funding received,2026-09-23,2026-09-23T22:02:20+00:00,90,Later public procurement or installation signal
Bayerisches Landesamt für Umwelt,60.9,Research activity,2026-09-23,2026-09-23T22:02:20+00:00,90,Later public procurement or installation signal
DUKE UNIVERSITY,60.3,Funding received,2026-09-23,2026-09-23T22:02:20+00:00,90,Later public procurement or installation signal
Koneru Lakshmaiah Education Foundation,59.6,Research activity,2026-09-23,2026-09-23T22:02:20+00:00,90,Later public procurement or installation signal
Shanghai Jiao Tong University,59.3,Research activity,2026-09-23,2026-09-23T22:02:20+00:00,90,Later public procurement or installation signal
State Key Laboratory of Geological Processes and Mineral Resources,59.3,Research activity,2026-09-23,2026-09-23T22:02:20+00:00,90,Later public procurement or installation signal
"Department of Petroleum Geosciences, Science Faculty, Soran University, Erbil 4400, Iraq",59.1,Research activity,2026-09-23,2026-09-23T22:02:20+00:00,90,Later public procurement or installation signal
University of St Andrews,59.1,Research activity,2026-09-23,2026-09-23T22:02:20+00:00,90,Later public procurement or installation signal
NORTHWESTERN UNIVERSITY,59.0,Funding received,2026-09-23,2026-09-23T22:02:20+00:00,90,Later public procurement or installation signal
Masaryk University,58.8,Research activity,2026-09-23,2026-09-23T22:02:20+00:00,90,Later public procurement or installation signal
University of Graz,58.8,Research activity,2026-09-23,2026-09-23T22:02:20+00:00,90,Later public procurement or installation signal
WASHINGTON UNIVERSITY,58.8,Funding received,2026-09-23,2026-09-23T22:02:20+00:00,90,Later public procurement or installation signal
UNIV OF ARKANSAS FOR MED SCIS,58.6,Funding received,2026-09-23,2026-09-23T22:02:20+00:00,90,Later public procurement or installation signal
WEILL MEDICAL COLL OF CORNELL UNIV,58.6,Funding received,2026-09-23,2026-09-23T22:02:20+00:00,90,Later public procurement or installation signal
Palacký University Olomouc,58.4,Research activity,2026-09-23,2026-09-23T22:02:20+00:00,90,Later public procurement or installation signal
University of Technology Sydney,58.4,Research activity,2026-09-23,2026-09-23T22:02:20+00:00,90,Later public procurement or installation signal
VANDERBILT UNIVERSITY,58.4,Funding received,2026-09-23,2026-09-23T22:02:20+00:00,90,Later public procurement or installation signal
National Research Council Canada,58.2,Research activity,2026-09-23,2026-09-23T22:02:20+00:00,90,Later public procurement or installation signal
KU Leuven,58.1,Research activity,2026-09-23,2026-09-23T22:02:20+00:00,90,Later public procurement or installation signal
University of Birmingham,58.1,Research activity,2026-09-23,2026-09-23T22:02:20+00:00,90,Later public procurement or installation signal
CEDARS-SINAI MEDICAL CENTER,58.0,Funding received,2026-09-23,2026-09-23T22:02:20+00:00,90,Later public procurement or installation signal
Concordia University,58.0,Research activity,2026-09-23,2026-09-23T22:02:20+00:00,90,Later public procurement or installation signal
"TU Wien, Institute of Chemical Technologies and Analytics, Getreidemarkt 9/164, 1060 Vienna, Austria",58.0,Research activity,2026-09-23,2026-09-23T22:02:20+00:00,90,Later public procurement or installation signal
Northwestern Polytechnical University,57.9,Research activity,2026-09-23,2026-09-23T22:02:20+00:00,90,Later public procurement or installation signal
VIRGINIA COMMONWEALTH UNIVERSITY,57.7,Funding received,2026-09-23,2026-09-23T22:02:20+00:00,90,Later public procurement or installation signal
COLUMBIA UNIVERSITY HEALTH SCIENCES,57.4,Funding received,2026-09-23,2026-09-23T22:02:20+00:00,90,Later public procurement or installation signal
École Polytechnique Fédérale de Lausanne,57.2,Research activity,2026-09-23,2026-09-23T22:02:20+00:00,90,Later public procurement or installation signal
TU Wien,57.2,Research activity,2026-09-23,2026-09-23T22:02:20+00:00,90,Later public procurement or installation signal
Capital Medical University,57.1,Research activity,2026-09-23,2026-09-23T22:02:20+00:00,90,Later public procurement or installation signal
Southern University of Science and Technology,56.7,Research activity,2026-09-23,2026-09-23T22:02:20+00:00,90,Later public procurement or installation signal
Ghent University,56.6,Research activity,2026-09-23,2026-09-23T22:02:20+00:00,90,Later public procurement or installation signal
"School of Gemology, China University of Geosciences Beijing, 29 Xue Yuan Road, Beijing 100083, China",56.6,Research activity,2026-09-23,2026-09-23T22:02:20+00:00,90,Later public procurement or installation signal
UNIVERSITY OF NEW MEXICO HEALTH SCIS CTR,56.0,Funding received,2026-09-23,2026-09-23T22:02:20+00:00,90,Later public procurement or installation signal
British Geological Survey,54.1,Research activity,2026-09-23,2026-09-23T22:02:20+00:00,90,Later public procurement or installation signal
University College Dublin,53.9,Research activity,2026-09-23,2026-09-23T22:02:20+00:00,90,Later public procurement or installation signal
SINTEF,53.4,Research activity,2026-09-23,2026-09-23T22:02:20+00:00,90,Later public procurement or installation signal
Helmholtz Institute Erlangen-Nürnberg,52.0,Research activity,2026-09-23,2026-09-23T22:02:20+00:00,90,Later public procurement or installation signal
Chengdu University of Technology,51.8,Research activity,2026-09-23,2026-09-23T22:02:20+00:00,90,Later public procurement or installation signal
China University of Mining and Technology,51.7,Research activity,2026-09-23,2026-09-23T22:02:20+00:00,90,Later public procurement or installation signal
Bangladesh Council of Scientific and Industrial Research,51.6,Research activity,2026-09-23,2026-09-23T22:02:20+00:00,90,Later public procurement or installation signal
Al-Farabi Kazakh National University,51.5,Research activity,2026-09-23,2026-09-23T22:02:20+00:00,90,Later public procurement or installation signal
University of Toronto,51.4,Research activity,2026-09-23,2026-09-23T22:02:20+00:00,90,Later public procurement or installation signal
INSTITUTUL NATIONAL DE CERCETARE-DEZVOLTARE PENTRU GEOLOGIE SI GEOECOLOGIE MARINA GEOECOMAR,51.4,Active tender,2026-09-23,2026-09-23T22:02:20+00:00,90,Later public procurement or installation signal
Van Yüzüncü Yıl Üniversitesi,51.3,Research activity,2026-09-23,2026-09-23T22:02:20+00:00,90,Later public procurement or installation signal
Universiti Putra Malaysia,51.0,Research activity,2026-09-23,2026-09-23T22:02:20+00:00,90,Later public procurement or installation signal
Yunnan University,50.7,Research activity,2026-09-23,2026-09-23T22:02:20+00:00,90,Later public procurement or installation signal
Hefei University of Technology,50.5,Research activity,2026-09-23,2026-09-23T22:02:20+00:00,90,Later public procurement or installation signal
University of Tasmania,50.0,Research activity,2026-09-23,2026-09-23T22:02:20+00:00,90,Later public procurement or installation signal
University of Oxford,49.9,Research activity,2026-09-23,2026-09-23T22:02:20+00:00,90,Later public procurement or installation signal
Central European Institute of Technology,49.8,Research activity,2026-09-23,2026-09-23T22:02:20+00:00,90,Later public procurement or installation signal
Valahia University of Targoviste,49.7,Research activity,2026-09-23,2026-09-23T22:02:20+00:00,90,Later public procurement or installation signal
Guangdong University of Technology,46.9,Research activity,2026-09-23,2026-09-23T22:02:20+00:00,90,Later public procurement or installation signal
Université du Québec à Chicoutimi,46.7,Research activity,2026-09-23,2026-09-23T22:02:20+00:00,90,Later public procurement or installation signal
Beijing Institute of Technology,45.7,Research activity,2026-09-23,2026-09-23T22:02:20+00:00,90,Later public procurement or installation signal
MEDICAL UNIVERSITY OF SOUTH CAROLINA,45.5,Funding received,2026-09-23,2026-09-23T22:02:20+00:00,90,Later public procurement or installation signal
NEW YORK UNIVERSITY,45.5,Funding received,2026-09-23,2026-09-23T22:02:20+00:00,90,Later public procurement or installation signal
H. LEE MOFFITT CANCER CTR & RES INST,45.3,Funding received,2026-09-23,2026-09-23T22:02:20+00:00,90,Later public procurement or installation signal
MASSACHUSETTS GENERAL HOSPITAL,45.3,Funding received,2026-09-23,2026-09-23T22:02:20+00:00,90,Later public procurement or installation signal
STATE UNIVERSITY OF NEW YORK AT BUFFALO,45.3,Funding received,2026-09-23,2026-09-23T22:02:20+00:00,90,Later public procurement or installation signal
Kyushu University,45.0,Research activity,2026-09-23,2026-09-23T22:02:20+00:00,90,Later public procurement or installation signal
National Geophysical Research Institute,44.7,Research activity,2026-09-23,2026-09-23T22:02:20+00:00,90,Later public procurement or installation signal
Ministry of Education,44.6,Research activity,2026-09-23,2026-09-23T22:02:20+00:00,90,Later public procurement or installation signal
UNIVERSITY OF KENTUCKY,44.2,Funding received,2026-09-23,2026-09-23T22:02:20+00:00,90,Later public procurement or installation signal
Zhejiang University of Technology,44.0,Research activity,2026-09-23,2026-09-23T22:02:20+00:00,90,Later public procurement or installation signal
Korea Advanced Institute of Science and Technology,43.7,Research activity,2026-09-23,2026-09-23T22:02:20+00:00,90,Later public procurement or installation signal
Pohang University of Science and Technology,43.6,Research activity,2026-09-23,2026-09-23T22:02:20+00:00,90,Later public procurement or installation signal
Sun Yat-sen University,43.5,Research activity,2026-09-23,2026-09-23T22:02:20+00:00,90,Later public procurement or installation signal
Argonne National Laboratory,43.2,Research activity,2026-09-23,2026-09-23T22:02:20+00:00,90,Later public procurement or installation signal
Hong Kong Polytechnic University,42.7,Research activity,2026-09-23,2026-09-23T22:02:20+00:00,90,Later public procurement or installation signal
Nankai University,42.7,Research activity,2026-09-23,2026-09-23T22:02:20+00:00,90,Later public procurement or installation signal
Jiangsu University,42.3,Research activity,2026-09-23,2026-09-23T22:02:20+00:00,90,Later public procurement or installation signal
Qatar University,42.3,Research activity,2026-09-23,2026-09-23T22:02:20+00:00,90,Later public procurement or installation signal
MICHIGAN STATE UNIVERSITY,40.8,Funding received,2026-09-23,2026-09-23T22:02:20+00:00,90,Later public procurement or installation signal
UNIVERSITY OF WASHINGTON,40.0,Funding received,2026-09-23,2026-09-23T22:02:20+00:00,90,Later public procurement or installation signal
HENRY FORD HEALTH + MICHIGAN STATE UNIVERSITY HEALTH SCIENCES,39.8,Funding received,2026-09-23,2026-09-23T22:02:20+00:00,90,Later public procurement or installation signal
"State Key Laboratory of Palaeobiology and Stratigraphy, Nanjing Institute of Geology and Palaeontology Chinese Academy of Sciences Nanjing China",39.7,Research activity,2026-09-23,2026-09-23T22:02:20+00:00,90,Later public procurement or installation signal
Johnson Matthey (United Kingdom),39.5,Research activity,2026-09-23,2026-09-23T22:02:20+00:00,90,Later public procurement or installation signal
La Trobe University,39.5,Research activity,2026-09-23,2026-09-23T22:02:20+00:00,90,Later public procurement or installation signal
South Dakota School of Mines and Technology,39.5,Research activity,2026-09-23,2026-09-23T22:02:20+00:00,90,Later public procurement or installation signal
"TESLA-Analytical Chemistry, Institute of Chemistry",39.5,Research activity,2026-09-23,2026-09-23T22:02:20+00:00,90,Later public procurement or installation signal
DARTMOUTH COLLEGE,39.4,Funding received,2026-09-23,2026-09-23T22:02:20+00:00,90,Later public procurement or installation signal
Curtin University,39.3,Research activity,2026-09-23,2026-09-23T22:02:20+00:00,90,Later public procurement or installation signal
Yıldız Technical University,39.3,Research activity,2026-09-23,2026-09-23T22:02:20+00:00,90,Later public procurement or installation signal
"Department of Earth Sciences, Durham University, Durham DH1 3LE, UK",39.2,Research activity,2026-09-23,2026-09-23T22:02:20+00:00,90,Later public procurement or installation signal
"Institute of Nuclear Physics, Polish Academy of Sciences",39.1,Research activity,2026-09-23,2026-09-23T22:02:20+00:00,90,Later public procurement or installation signal
Utkal University,39.1,Research activity,2026-09-23,2026-09-23T22:02:20+00:00,90,Later public procurement or installation signal
Graz University of Technology,38.9,Research activity,2026-09-23,2026-09-23T22:02:20+00:00,90,Later public procurement or installation signal
UNIVERSITY OF CALIFORNIA AT DAVIS,38.9,Funding received,2026-09-23,2026-09-23T22:02:20+00:00,90,Later public procurement or installation signal
Centers for Disease Control and Prevention,38.8,Research activity,2026-09-23,2026-09-23T22:02:20+00:00,90,Later public procurement or installation signal
Forest Research Institute,38.8,Research activity,2026-09-23,2026-09-23T22:02:20+00:00,90,Later public procurement or installation signal
Khadicha Sulaymonova Republican Center of Forensic Expertise,38.8,Research activity,2026-09-23,2026-09-23T22:02:20+00:00,90,Later public procurement or installation signal
"Sofia University ""St. Kliment Ohridski""",38.8,Research activity,2026-09-23,2026-09-23T22:02:20+00:00,90,Later public procurement or installation signal
Kennesaw State University,38.7,Research activity,2026-09-23,2026-09-23T22:02:20+00:00,90,Later public procurement or installation signal
"Medical–Scientific Department , LifeLabs Medical Laboratory Services , Toronto , ON , Canada",38.7,Research activity,2026-09-23,2026-09-23T22:02:20+00:00,90,Later public procurement or installation signal
"Université Laval , , 1045, avenue de la Médecine, Pavillon Alexandre-Vachon",38.7,Research activity,2026-09-23,2026-09-23T22:02:20+00:00,90,Later public procurement or installation signal
National Institute of Advanced Industrial Science and Technology,38.6,Research activity,2026-09-23,2026-09-23T22:02:20+00:00,90,Later public procurement or installation signal
"Faculty of Chemistry, Adam Mickiewicz University, Uniwersytetu Poznańskiego 8, 61-614 Poznan, Poland",38.5,Research activity,2026-09-23,2026-09-23T22:02:20+00:00,90,Later public procurement or installation signal
"Department of Physics, Debre Markos University, Debre Markos, Ethiopia",38.4,Research activity,2026-09-23,2026-09-23T22:02:20+00:00,90,Later public procurement or installation signal
Indian Institute of Technology Ropar,38.3,Research activity,2026-09-23,2026-09-23T22:02:20+00:00,90,Later public procurement or installation signal
United States Geological Survey,38.3,Research activity,2026-09-23,2026-09-23T22:02:20+00:00,90,Later public procurement or installation signal
De Montfort University,38.2,Research activity,2026-09-23,2026-09-23T22:02:20+00:00,90,Later public procurement or installation signal
"Laboratoire de radioécologie, Département de chimie, Faculté des sciences et de génie, Université Laval, 1045, avenue de la Médecine, Pavillon Alexandre-Vachon, Québec G1V 0A6, Canada",38.2,Research activity,2026-09-23,2026-09-23T22:02:20+00:00,90,Later public procurement or installation signal
ChronusCamp Research – Isotope Geology Laboratory - Itapira,38.1,Research activity,2026-09-23,2026-09-23T22:02:20+00:00,90,Later public procurement or installation signal
"Department of Chemistry, Faculty of Science, Gakushuin University",38.1,Research activity,2026-09-23,2026-09-23T22:02:20+00:00,90,Later public procurement or installation signal
"EcotoQ, INRS-Eau Terre Environnement, 490 de la Couronne, Québec, Québec G1K 9A9, Canada",38.0,Research activity,2026-09-23,2026-09-23T22:02:20+00:00,90,Later public procurement or installation signal
University of British Columbia,37.8,Research activity,2026-09-23,2026-09-23T22:02:20+00:00,90,Later public procurement or installation signal
Clemson University,37.7,Research activity,2026-09-23,2026-09-23T22:02:20+00:00,90,Later public procurement or installation signal
"Department of Chemistry & Biochemistry, Rowan University, Glassboro, New Jersey, United States",37.7,Research activity,2026-09-23,2026-09-23T22:02:20+00:00,90,Later public procurement or installation signal
Directorate of Medicinal and Aromatic Plants Research,37.7,Research activity,2026-09-23,2026-09-23T22:02:20+00:00,90,Later public procurement or installation signal
Universidade Estadual de Campinas (UNICAMP),37.7,Research activity,2026-09-23,2026-09-23T22:02:20+00:00,90,Later public procurement or installation signal
Ahsanullah University of Science and Technology,37.6,Research activity,2026-09-23,2026-09-23T22:02:20+00:00,90,Later public procurement or installation signal
"College of Earth and Planetary Sciences, Chengdu University of Technology, Chengdu 610059, China",37.6,Research activity,2026-09-23,2026-09-23T22:02:20+00:00,90,Later public procurement or installation signal
"Moscow University ""Synergy""; 80 B, building 3 Leningradsky Prospekt, Moscow, 125315, Russian Federation",37.6,Research activity,2026-09-23,2026-09-23T22:02:20+00:00,90,Later public procurement or installation signal
Hospital Virgen de los Lirios,37.5,Research activity,2026-09-23,2026-09-23T22:02:20+00:00,90,Later public procurement or installation signal
Japan Agency for Marine-Earth Science and Technology,37.4,Research activity,2026-09-23,2026-09-23T22:02:20+00:00,90,Later public procurement or installation signal
"Air Liquide Balazs, 46409 Landing Pkwy,Fremont,CA,USA,94538",37.3,Research activity,2026-09-23,2026-09-23T22:02:20+00:00,90,Later public procurement or installation signal
"Institute of Environmental Engineering, The Faculty of Environmental Engineering and Geodesy, Wrocław University of Environmental and Life Sciences, Grunwaldzki Square 24, 50-363 Wrocław, Poland",37.3,Research activity,2026-09-23,2026-09-23T22:02:20+00:00,90,Later public procurement or installation signal
University of Trieste,37.3,Research activity,2026-09-23,2026-09-23T22:02:20+00:00,90,Later public procurement or installation signal
"Department of Chemistry, Andhra University, Visakhapatnam, 530003, Andhra Pradesh, India. 1Dr Reddy’s Labs, Hyderabad, Telangana, India",37.2,Research activity,2026-09-23,2026-09-23T22:02:20+00:00,90,Later public procurement or installation signal
"Czech Academy of Sciences, Institute of Inorganic Chemistry",37.1,Research activity,2026-09-23,2026-09-23T22:02:20+00:00,90,Later public procurement or installation signal
Erzincan Binali Yıldırım University,37.1,Research activity,2026-09-23,2026-09-23T22:02:20+00:00,90,Later public procurement or installation signal
Indian Institute of Technology Kharagpur,37.1,Research activity,2026-09-23,2026-09-23T22:02:20+00:00,90,Later public procurement or installation signal
Savannah River National Laboratory,37.1,Research activity,2026-09-23,2026-09-23T22:02:20+00:00,90,Later public procurement or installation signal
Tsinghua University,37.1,Research activity,2026-09-23,2026-09-23T22:02:20+00:00,90,Later public procurement or installation signal
Universidad Nacional de Córdoba,37.0,Research activity,2026-09-23,2026-09-23T22:02:20+00:00,90,Later public procurement or installation signal
"Geochemical Research Center, The University of Tokyo",36.8,Research activity,2026-09-23,2026-09-23T22:02:20+00:00,90,Later public procurement or installation signal
University of Kashan,36.7,Research activity,2026-09-23,2026-09-23T22:02:20+00:00,90,Later public procurement or installation signal
Fraunhofer Institute for Photonic Microsystems,36.5,Research activity,2026-09-23,2026-09-23T22:02:20+00:00,90,Later public procurement or installation signal
Medical University of Lublin,36.5,Research activity,2026-09-23,2026-09-23T22:02:20+00:00,90,Later public procurement or installation signal
Michigan State University,36.5,Research activity,2026-09-23,2026-09-23T22:02:20+00:00,90,Later public procurement or installation signal
Northern (Arctic) Federal University,36.5,Research activity,2026-09-23,2026-09-23T22:02:20+00:00,90,Later public procurement or installation signal
University of Tokyo,36.5,Research activity,2026-09-23,2026-09-23T22:02:20+00:00,90,Later public procurement or installation signal
Wilson College,36.5,Research activity,2026-09-23,2026-09-23T22:02:20+00:00,90,Later public procurement or installation signal
Christ University,36.4,Research activity,2026-09-23,2026-09-23T22:02:20+00:00,90,Later public procurement or installation signal
"HARRAN ÜNİVERSİTESİ, ECZACILIK FAKÜLTESİ",36.4,Research activity,2026-09-23,2026-09-23T22:02:20+00:00,90,Later public procurement or installation signal
Hanyang University,36.4,Research activity,2026-09-23,2026-09-23T22:02:20+00:00,90,Later public procurement or installation signal
Kazakh National Agrarian Research University,36.4,Research activity,2026-09-23,2026-09-23T22:02:20+00:00,90,Later public procurement or installation signal
King Fahd University of Petroleum and Minerals,36.4,Research activity,2026-09-23,2026-09-23T22:02:20+00:00,90,Later public procurement or installation signal
"Department of Chemistry, Faculty of Science and Literature Bingöl University Bingöl Türkiye",36.2,Research activity,2026-09-23,2026-09-23T22:02:20+00:00,90,Later public procurement or installation signal
Mindanao State University – Iligan Institute of Technology,36.2,Research activity,2026-09-23,2026-09-23T22:02:20+00:00,90,Later public procurement or installation signal
Ministry of Natural Resources,36.2,Research activity,2026-09-23,2026-09-23T22:02:20+00:00,90,Later public procurement or installation signal
Anhui Agricultural University,36.1,Research activity,2026-09-23,2026-09-23T22:02:20+00:00,90,Later public procurement or installation signal
Moss Landing Marine Laboratories,36.1,Research activity,2026-09-23,2026-09-23T22:02:20+00:00,90,Later public procurement or installation signal
National University College,36.1,Research activity,2026-09-23,2026-09-23T22:02:20+00:00,90,Later public procurement or installation signal
"Department of Physical and Analytical Chemistry, Faculty of Chemistry, University of Oviedo, c/Julián Clavería 8, Oviedo 33006, Spain",36.0,Research activity,2026-09-23,2026-09-23T22:02:20+00:00,90,Later public procurement or installation signal
Japan Radioisotope Association,36.0,Research activity,2026-09-23,2026-09-23T22:02:20+00:00,90,Later public procurement or installation signal
Jawaharlal Nehru Tropical Botanic Garden and Research Institute,36.0,Research activity,2026-09-23,2026-09-23T22:02:20+00:00,90,Later public procurement or installation signal
Nanjing Institute of Agricultural Mechanization,36.0,Research activity,2026-09-23,2026-09-23T22:02:20+00:00,90,Later public procurement or installation signal
Prokhorov General Physics Institute,36.0,Research activity,2026-09-23,2026-09-23T22:02:20+00:00,90,Later public procurement or installation signal
UNIVERSITY OF COLORADO DENVER,36.0,Funding received,2026-09-23,2026-09-23T22:02:20+00:00,90,Later public procurement or installation signal
"VESTO THERAPEUTICS,",36.0,Funding received,2026-09-23,2026-09-23T22:02:20+00:00,90,Later public procurement or installation signal
Amgen (United States),35.9,Research activity,2026-09-23,2026-09-23T22:02:20+00:00,90,Later public procurement or installation signal
Environmental and Occupational Health Sciences Institute,35.9,Research activity,2026-09-23,2026-09-23T22:02:20+00:00,90,Later public procurement or installation signal
Institute of Geochemistry,35.9,Research activity,2026-09-23,2026-09-23T22:02:20+00:00,90,Later public procurement or installation signal
Iran University of Science and Technology,35.9,Research activity,2026-09-23,2026-09-23T22:02:20+00:00,90,Later public procurement or installation signal
Linköping University,35.9,Research activity,2026-09-23,2026-09-23T22:02:20+00:00,90,Later public procurement or installation signal
"MABSWITCH,",35.9,Funding received,2026-09-23,2026-09-23T22:02:20+00:00,90,Later public procurement or installation signal
UNIVERSITY OF CALIFORNIA LOS ANGELES,35.9,Funding received,2026-09-23,2026-09-23T22:02:20+00:00,90,Later public procurement or installation signal
UNIVERSITY OF MICHIGAN AT ANN ARBOR,35.9,Funding received,2026-09-23,2026-09-23T22:02:20+00:00,90,Later public procurement or installation signal
UNIVERSITY OF MINNESOTA,35.9,Funding received,2026-09-23,2026-09-23T22:02:20+00:00,90,Later public procurement or installation signal
Universidade Federal de São Paulo,35.9,Research activity,2026-09-23,2026-09-23T22:02:20+00:00,90,Later public procurement or installation signal
BETH ISRAEL DEACONESS MEDICAL CENTER,35.8,Funding received,2026-09-23,2026-09-23T22:02:20+00:00,90,Later public procurement or installation signal
"Faculty of Science, The University of Hongkong, Pokfulam, Hong Kong",35.8,Research activity,2026-09-23,2026-09-23T22:02:20+00:00,90,Later public procurement or installation signal
Instytut Chemii i Techniki Jądrowej,35.8,Research activity,2026-09-23,2026-09-23T22:02:20+00:00,90,Later public procurement or installation signal
M.Auezov South Kazakhstan State University,35.8,Research activity,2026-09-23,2026-09-23T22:02:20+00:00,90,Later public procurement or installation signal
UNIVERSITY OF PENNSYLVANIA,35.8,Funding received,2026-09-23,2026-09-23T22:02:20+00:00,90,Later public procurement or installation signal
EDI THERAPEUTICS,35.7,Funding received,2026-09-23,2026-09-23T22:02:20+00:00,90,Later public procurement or installation signal
Kumasi Technical University,35.7,Research activity,2026-09-23,2026-09-23T22:02:20+00:00,90,Later public procurement or installation signal
"Lawrence Livermore National Laboratory (LLNL), Livermore, CA (United States)",35.7,Research activity,2026-09-23,2026-09-23T22:02:20+00:00,90,Later public procurement or installation signal
NORTH CAROLINA STATE UNIVERSITY RALEIGH,35.7,Funding received,2026-09-23,2026-09-23T22:02:20+00:00,90,Later public procurement or installation signal
RESEARCH INST NATIONWIDE CHILDREN'S HOSP,35.7,Funding received,2026-09-23,2026-09-23T22:02:20+00:00,90,Later public procurement or installation signal
ROSWELL PARK CANCER INSTITUTE,35.7,Funding received,2026-09-23,2026-09-23T22:02:20+00:00,90,Later public procurement or installation signal
STANFORD UNIVERSITY,35.7,Funding received,2026-09-23,2026-09-23T22:02:20+00:00,90,Later public procurement or installation signal
TIBURON BIO,35.7,Funding received,2026-09-23,2026-09-23T22:02:20+00:00,90,Later public procurement or installation signal
UNIVERSITY OF WISCONSIN-MADISON,35.7,Funding received,2026-09-23,2026-09-23T22:02:20+00:00,90,Later public procurement or installation signal
University of Belgrade,35.7,Research activity,2026-09-23,2026-09-23T22:02:20+00:00,90,Later public procurement or installation signal
YALE UNIVERSITY,35.7,Funding received,2026-09-23,2026-09-23T22:02:20+00:00,90,Later public procurement or installation signal
Bharathidasan University,35.6,Research activity,2026-09-23,2026-09-23T22:02:20+00:00,90,Later public procurement or installation signal
COLORADO STATE UNIVERSITY,35.6,Funding received,2026-09-23,2026-09-23T22:02:20+00:00,90,Later public procurement or installation signal
China Geological Survey,35.6,Research activity,2026-09-23,2026-09-23T22:02:20+00:00,90,Later public procurement or installation signal
Hebei University of Technology,35.6,Research activity,2026-09-23,2026-09-23T22:02:20+00:00,90,Later public procurement or installation signal
National Institute of Health Sciences,35.6,Research activity,2026-09-23,2026-09-23T22:02:20+00:00,90,Later public procurement or installation signal
Chinese Academy of Geological Sciences,35.5,Research activity,2026-09-23,2026-09-23T22:02:20+00:00,90,Later public procurement or installation signal
Geological Survey of India,35.5,Research activity,2026-09-23,2026-09-23T22:02:20+00:00,90,Later public procurement or installation signal
National Nuclear Energy Agency of Indonesia,35.5,Instrument installation,2026-09-23,2026-09-23T22:02:20+00:00,90,Later public procurement or installation signal
"University of California, Irvine",35.5,Research activity,2026-09-23,2026-09-23T22:02:20+00:00,90,Later public procurement or installation signal
Australian Resources Research Centre,35.4,Research activity,2026-09-23,2026-09-23T22:02:20+00:00,90,Later public procurement or installation signal
Center for Food Safety and Applied Nutrition,35.4,Research activity,2026-09-23,2026-09-23T22:02:20+00:00,90,Later public procurement or installation signal
Charotar University of Science and Technology,35.4,Research activity,2026-09-23,2026-09-23T22:02:20+00:00,90,Later public procurement or installation signal
Czech Geological Survey,35.4,Research activity,2026-09-23,2026-09-23T22:02:20+00:00,90,Later public procurement or installation signal
Federal State Budgetary Institution ‘Scientific Centre for Expert Evaluation of Medicinal Products’ of the Ministry of Health of the Russian Federation (SCEEMP),35.4,Research activity,2026-09-23,2026-09-23T22:02:20+00:00,90,Later public procurement or installation signal
Giresun University,35.4,Research activity,2026-09-23,2026-09-23T22:02:20+00:00,90,Later public procurement or installation signal
Griffith University,35.4,Research activity,2026-09-23,2026-09-23T22:02:20+00:00,90,Later public procurement or installation signal
Universidad Privada San Juan Bautista,35.4,Research activity,2026-09-23,2026-09-23T22:02:20+00:00,90,Later public procurement or installation signal
Universiti Sains Malaysia,35.4,Research activity,2026-09-23,2026-09-23T22:02:20+00:00,90,Later public procurement or installation signal
Universität Hamburg,35.4,Research activity,2026-09-23,2026-09-23T22:02:20+00:00,90,Later public procurement or installation signal
Zhejiang University,35.4,Research activity,2026-09-23,2026-09-23T22:02:20+00:00,90,Later public procurement or installation signal
Indian Institute of Toxicology Research,35.3,Research activity,2026-09-23,2026-09-23T22:02:20+00:00,90,Later public procurement or installation signal
South Carolina Department of Natural Resources,35.3,Research activity,2026-09-23,2026-09-23T22:02:20+00:00,90,Later public procurement or installation signal
Arizona State University,35.2,Research activity,2026-09-23,2026-09-23T22:02:20+00:00,90,Later public procurement or installation signal
Auburn University,35.2,Research activity,2026-09-23,2026-09-23T22:02:20+00:00,90,Later public procurement or installation signal
Bhabha Atomic Research Centre,35.2,Research activity,2026-09-23,2026-09-23T22:02:20+00:00,90,Later public procurement or installation signal
"Chinese Academy of Geological Sciences, National Research Center for Geoanalysis, Beijing 100037, China",35.2,Research activity,2026-09-23,2026-09-23T22:02:20+00:00,90,Later public procurement or installation signal
"Department of Chemistry, Loughborough University, Epinal Way, Loughborough, Leicestershire, LE11 3TU, UK",35.2,Research activity,2026-09-23,2026-09-23T22:02:20+00:00,90,Later public procurement or installation signal
Department of Geology University of Tartu Tartu Estonia,35.2,Research activity,2026-09-23,2026-09-23T22:02:20+00:00,90,Later public procurement or installation signal
"Department of Geoscience, Institute of Geotechnology and Mineral Resources, Clausthal University of Technology, Adolph-Roemer-Str. 2A, 38678 Clausthal-Zellerfeld, Germany",35.2,Research activity,2026-09-23,2026-09-23T22:02:20+00:00,90,Later public procurement or installation signal
"Division for Chronological Research, Institute for Space-Earth Environmental Research, Nagoya University, Furo-cho, Chikusa-ku, Nagoya 464-8601, Japan",35.2,Research activity,2026-09-23,2026-09-23T22:02:20+00:00,90,Later public procurement or installation signal
Friends United,35.2,Research activity,2026-09-23,2026-09-23T22:02:20+00:00,90,Later public procurement or installation signal
"Graduate School of Pharmaceutical Sciences, Chiba University, 1-8-1 Inohana, Chuo, Chiba 260-8675, Japan",35.2,Research activity,2026-09-23,2026-09-23T22:02:20+00:00,90,Later public procurement or installation signal
"Guizhou University, China",35.2,Research activity,2026-09-23,2026-09-23T22:02:20+00:00,90,Later public procurement or installation signal
Imperial College London,35.2,Research activity,2026-09-23,2026-09-23T22:02:20+00:00,90,Later public procurement or installation signal
"Indiana University School of Medicine , Indianapolis, Indiana",35.2,Research activity,2026-09-23,2026-09-23T22:02:20+00:00,90,Later public procurement or installation signal
"Institute of Geosciences, Goethe University Frankfurt, Frankfurt am Main, Germany",35.2,Research activity,2026-09-23,2026-09-23T22:02:20+00:00,90,Later public procurement or installation signal
Kuban State University,35.2,Research activity,2026-09-23,2026-09-23T22:02:20+00:00,90,Later public procurement or installation signal
"Merck & Co., Inc., Rahway, NJ, USA (United States)",35.2,Research activity,2026-09-23,2026-09-23T22:02:20+00:00,90,Later public procurement or installation signal
"Oak Ridge National Laboratory, Oak Ridge, Tennessee, USA",35.2,Research activity,2026-09-23,2026-09-23T22:02:20+00:00,90,Later public procurement or installation signal
"School of Ocean & Earth Sciences, University of Southampton, National Oceanography Centre, European Way, Southampton, SO14 3ZH, UK",35.2,Research activity,2026-09-23,2026-09-23T22:02:20+00:00,90,Later public procurement or installation signal
"Scientific Instrument Center, Shanxi University, 92 Wucheng Road, Taiyuan, Shanxi, 030006, People's Republic of China",35.2,Research activity,2026-09-23,2026-09-23T22:02:20+00:00,90,Later public procurement or installation signal
"State Key Laboratory of Geological Processes and Mineral Resources, China University of Geosciences, Wuhan, 430074, PR China",35.2,Research activity,2026-09-23,2026-09-23T22:02:20+00:00,90,Later public procurement or installation signal
"State Key Laboratory of Lithospheric Evolution and Environmental Coevolution, School of Earth and Space Sciences, University of Science and Technology of China, Hefei, Anhui, China",35.2,Research activity,2026-09-23,2026-09-23T22:02:20+00:00,90,Later public procurement or installation signal
"State Key Laboratory of Lithospheric and Environmental Coevolution, Institute of Geology and Geophysics, Chinese Academy of Sciences, Beijing, 100029, P.R. China",35.2,Research activity,2026-09-23,2026-09-23T22:02:20+00:00,90,Later public procurement or installation signal
State Key Laboratory of Pollution Control and Resource Reuse,35.2,Research activity,2026-09-23,2026-09-23T22:02:20+00:00,90,Later public procurement or installation signal
"TRACES, UMR 5608, CNRS, Université Toulouse Jean Jaurès, Ministère de la Culture, EHESS, INRAP, Maison de la Recherche, 5 allées Antonio Machado, F 31058 Toulouse Cedex 9, France",35.2,Research activity,2026-09-23,2026-09-23T22:02:20+00:00,90,Later public procurement or installation signal
"U.S. Geological Survey, Denver Federal Center , Denver, CO",35.2,Research activity,2026-09-23,2026-09-23T22:02:20+00:00,90,Later public procurement or installation signal
University of Bern,35.2,Research activity,2026-09-23,2026-09-23T22:02:20+00:00,90,Later public procurement or installation signal
"University of Chemistry and Technology, Prague",35.2,Research activity,2026-09-23,2026-09-23T22:02:20+00:00,90,Later public procurement or installation signal
"Department of Physical and Analytical Chemistry, Faculty of Chemistry, University of Oviedo, Julián Clavería 8, 33006 Oviedo, Spain",35.1,Research activity,2026-09-23,2026-09-23T22:02:20+00:00,90,Later public procurement or installation signal
Manisa Celal Bayar University,35.1,Research activity,2026-09-23,2026-09-23T22:02:20+00:00,90,Later public procurement or installation signal
Peking University,35.1,Research activity,2026-09-23,2026-09-23T22:02:20+00:00,90,Later public procurement or installation signal
Shanghai University of Medicine and Health Sciences,35.1,Research activity,2026-09-23,2026-09-23T22:02:20+00:00,90,Later public procurement or installation signal
Universidad Complutense de Madrid,35.1,Research activity,2026-09-23,2026-09-23T22:02:20+00:00,90,Later public procurement or installation signal
Inonu University,35.0,Research activity,2026-09-23,2026-09-23T22:02:20+00:00,90,Later public procurement or installation signal
Institute of Geographic Sciences and Natural Resources Research,35.0,Research activity,2026-09-23,2026-09-23T22:02:20+00:00,90,Later public procurement or installation signal
Pusan National University,35.0,Research activity,2026-09-23,2026-09-23T22:02:20+00:00,90,Later public procurement or installation signal
Toronto Metropolitan University,35.0,Research activity,2026-09-23,2026-09-23T22:02:20+00:00,90,Later public procurement or installation signal
UNIVERSITY OF CHICAGO,35.0,Funding received,2026-09-23,2026-09-23T22:02:20+00:00,90,Later public procurement or installation signal
UNIVERSITY OF MISSISSIPPI MED CTR,35.0,Funding received,2026-09-23,2026-09-23T22:02:20+00:00,90,Later public procurement or installation signal
Universidade de Santiago de Compostela,35.0,Research activity,2026-09-23,2026-09-23T22:02:20+00:00,90,Later public procurement or installation signal
Universitat Autònoma de Barcelona,35.0,Research activity,2026-09-23,2026-09-23T22:02:20+00:00,90,Later public procurement or installation signal
University of Michigan,35.0,Research activity,2026-09-23,2026-09-23T22:02:20+00:00,90,Later public procurement or installation signal
Vellore Institute of Technology University,35.0,Research activity,2026-09-23,2026-09-23T22:02:20+00:00,90,Later public procurement or installation signal
Xinjiang Institute of Ecology and Geography,35.0,Research activity,2026-09-23,2026-09-23T22:02:20+00:00,90,Later public procurement or installation signal
Air Liquide (United States),34.9,Research activity,2026-09-23,2026-09-23T22:02:20+00:00,90,Later public procurement or installation signal
College of Marine Living Resource Sciences and Management Shanghai Ocean University Shanghai China,34.9,Research activity,2026-09-23,2026-09-23T22:02:20+00:00,90,Later public procurement or installation signal
Federal Institute of Hydrology,34.9,Research activity,2026-09-23,2026-09-23T22:02:20+00:00,90,Later public procurement or installation signal
Hebei University of Engineering,34.9,Research activity,2026-09-23,2026-09-23T22:02:20+00:00,90,Later public procurement or installation signal
Institut polytechnique de Grenoble,34.9,Research activity,2026-09-23,2026-09-23T22:02:20+00:00,90,Later public procurement or installation signal
Jordan University of Science and Technology,34.9,Research activity,2026-09-23,2026-09-23T22:02:20+00:00,90,Later public procurement or installation signal
"Moscow University ""Synergy""; 80 b/3 Leningradsky Prospekt, Moscow, 125315, Russian Federation",34.9,Research activity,2026-09-23,2026-09-23T22:02:20+00:00,90,Later public procurement or installation signal
University of Chinese Academy of Sciences,34.9,Research activity,2026-09-23,2026-09-23T22:02:20+00:00,90,Later public procurement or installation signal
Izmir Institute of Technology,34.8,Research activity,2026-09-23,2026-09-23T22:02:20+00:00,90,Later public procurement or installation signal
Kashan University of Medical Sciences,34.8,Research activity,2026-09-23,2026-09-23T22:02:20+00:00,90,Later public procurement or installation signal
National Institute of Chemistry,34.8,Research activity,2026-09-23,2026-09-23T22:02:20+00:00,90,Later public procurement or installation signal
Qlab Analytical Laboratory (Greece),34.8,Research activity,2026-09-23,2026-09-23T22:02:20+00:00,90,Later public procurement or installation signal
University of Szeged,34.8,Research activity,2026-09-23,2026-09-23T22:02:20+00:00,90,Later public procurement or installation signal
Flemish Institute for Technological Research,34.7,Research activity,2026-09-23,2026-09-23T22:02:20+00:00,90,Later public procurement or installation signal
"Istanbul University-Cerrahpasa Institute of Forensic Sciences and Legal Medicine, Department of Science, Buyukcekmece, Istanbul, Turkey",34.7,Research activity,2026-09-23,2026-09-23T22:02:20+00:00,90,Later public procurement or installation signal
National Institute for Bioprocessing Research and Training,34.7,Research activity,2026-09-23,2026-09-23T22:02:20+00:00,90,Later public procurement or installation signal
State Key Laboratory of Oncogene and Related Genes,34.7,Research activity,2026-09-23,2026-09-23T22:02:20+00:00,90,Later public procurement or installation signal
Universidade do Porto,34.7,Research activity,2026-09-23,2026-09-23T22:02:20+00:00,90,Later public procurement or installation signal
University of Adelaide,34.7,Research activity,2026-09-23,2026-09-23T22:02:20+00:00,90,Later public procurement or installation signal
University of Amsterdam,34.7,Research activity,2026-09-23,2026-09-23T22:02:20+00:00,90,Later public procurement or installation signal
University of Hassan II Casablanca,34.7,Research activity,2026-09-23,2026-09-23T22:02:20+00:00,90,Later public procurement or installation signal
Uttarakhand Open University,34.7,Research activity,2026-09-23,2026-09-23T22:02:20+00:00,90,Later public procurement or installation signal
Wake Forest University,34.7,Research activity,2026-09-23,2026-09-23T22:02:20+00:00,90,Later public procurement or installation signal
Consejo Nacional de Investigaciones Científicas y Técnicas,34.6,Research activity,2026-09-23,2026-09-23T22:02:20+00:00,90,Later public procurement or installation signal
N. I. Lobachevsky State University of Nizhny Novgorod,34.6,Research activity,2026-09-23,2026-09-23T22:02:20+00:00,90,Later public procurement or installation signal
Roma Tre University,34.6,Instrument installation,2026-09-23,2026-09-23T22:02:20+00:00,90,Later public procurement or installation signal
Universitat de Barcelona,34.6,Research activity,2026-09-23,2026-09-23T22:02:20+00:00,90,Later public procurement or installation signal
University of Manchester,34.6,Research activity,2026-09-23,2026-09-23T22:02:20+00:00,90,Later public procurement or installation signal
University of Massachusetts Lowell,34.6,Research activity,2026-09-23,2026-09-23T22:02:20+00:00,90,Later public procurement or installation signal
Anhui University,34.5,Research activity,2026-09-23,2026-09-23T22:02:20+00:00,90,Later public procurement or installation signal
Beijing University of Technology,34.5,Research activity,2026-09-23,2026-09-23T22:02:20+00:00,90,Later public procurement or installation signal
Chang'an University,34.5,Research activity,2026-09-23,2026-09-23T22:02:20+00:00,90,Later public procurement or installation signal
Chongqing Medical University,34.5,Research activity,2026-09-23,2026-09-23T22:02:20+00:00,90,Later public procurement or installation signal
Istituto per il Sistema Produzione Animale in Ambiente Mediterraneo,34.5,Research activity,2026-09-23,2026-09-23T22:02:20+00:00,90,Later public procurement or installation signal
Planetary Science Institute,34.5,Research activity,2026-09-23,2026-09-23T22:02:20+00:00,90,Later public procurement or installation signal
Tomas Bata University in Zlín,34.5,Research activity,2026-09-23,2026-09-23T22:02:20+00:00,90,Later public procurement or installation signal
Universidad Nacional de Río Cuarto,34.5,Research activity,2026-09-23,2026-09-23T22:02:20+00:00,90,Later public procurement or installation signal
"Zhengzhou Institutes of Multipurpose Utilization of Mineral Resource, China Academy of Geological Sciences, Zhengzhou 450006, China",34.5,Research activity,2026-09-23,2026-09-23T22:02:20+00:00,90,Later public procurement or installation signal
Ca' Foscari University of Venice,34.4,Research activity,2026-09-23,2026-09-23T22:02:20+00:00,90,Later public procurement or installation signal
Centre for Palaeogenetics,34.4,Research activity,2026-09-23,2026-09-23T22:02:20+00:00,90,Later public procurement or installation signal
Guangzhou Institute of Geochemistry,34.4,Research activity,2026-09-23,2026-09-23T22:02:20+00:00,90,Later public procurement or installation signal
MONTANA STATE UNIVERSITY - BOZEMAN,34.4,Funding received,2026-09-23,2026-09-23T22:02:20+00:00,90,Later public procurement or installation signal
"Maharishi School of Pharmaceutical Sciences, Maharishi University of Information Technology, Lucknow - 226013, Uttar Pradesh, India",34.4,Research activity,2026-09-23,2026-09-23T22:02:20+00:00,90,Later public procurement or installation signal
"Ordos Institute of Technology, Ordos 017010, China",34.4,Research activity,2026-09-23,2026-09-23T22:02:20+00:00,90,Later public procurement or installation signal
Siberian Research Institute of Agriculture and Peat,34.4,Research activity,2026-09-23,2026-09-23T22:02:20+00:00,90,Later public procurement or installation signal
Tunis El Manar University,34.4,Research activity,2026-09-23,2026-09-23T22:02:20+00:00,90,Later public procurement or installation signal
Universitat Politècnica de Catalunya,34.4,Research activity,2026-09-23,2026-09-23T22:02:20+00:00,90,Later public procurement or installation signal
Agilent Technologies,34.3,Research activity,2026-09-23,2026-09-23T22:02:20+00:00,90,Later public procurement or installation signal
"B.K. Mody Government Pharmacy College, Polytechnic Campus, Near Aji Dam, Rajkot, Gujarat, India, Postal Code: 360003",34.3,Research activity,2026-09-23,2026-09-23T22:02:20+00:00,90,Later public procurement or installation signal
Ben-Gurion University of the Negev,34.3,Research activity,2026-09-23,2026-09-23T22:02:20+00:00,90,Later public procurement or installation signal
Brandon University,34.3,Research activity,2026-09-23,2026-09-23T22:02:20+00:00,90,Later public procurement or installation signal
Central South University,34.3,Research activity,2026-09-23,2026-09-23T22:02:20+00:00,90,Later public procurement or installation signal
Eurofins Nihon Soken K.K,34.3,Research activity,2026-09-23,2026-09-23T22:02:20+00:00,90,Later public procurement or installation signal
"Institute for Space-Earth Environmental Research, Nagoya University",34.3,Research activity,2026-09-23,2026-09-23T22:02:20+00:00,90,Later public procurement or installation signal
Johannes Kepler University of Linz,34.3,Research activity,2026-09-23,2026-09-23T22:02:20+00:00,90,Later public procurement or installation signal
National United University,34.3,Research activity,2026-09-23,2026-09-23T22:02:20+00:00,90,Later public procurement or installation signal
RTI International,34.3,Research activity,2026-09-23,2026-09-23T22:02:20+00:00,90,Later public procurement or installation signal
Universidade do Estado do Rio de Janeiro,34.3,Research activity,2026-09-23,2026-09-23T22:02:20+00:00,90,Later public procurement or installation signal
University of Jiroft,34.3,Research activity,2026-09-23,2026-09-23T22:02:20+00:00,90,Later public procurement or installation signal
Brown University,34.2,Research activity,2026-09-23,2026-09-23T22:02:20+00:00,90,Later public procurement or installation signal
"Graduate School of Pharmaceutical Sciences, Chiba University, 1-8-1 Inohana, Chuo, Chiba, Chiba 260-8675, Japan",34.2,Research activity,2026-09-23,2026-09-23T22:02:20+00:00,90,Later public procurement or installation signal
Institute of Geology and Geophysics,34.2,Research activity,2026-09-23,2026-09-23T22:02:20+00:00,90,Later public procurement or installation signal
Korea University of Technology and Education,34.2,Research activity,2026-09-23,2026-09-23T22:02:20+00:00,90,Later public procurement or installation signal
Lebanese American University,34.2,Research activity,2026-09-23,2026-09-23T22:02:20+00:00,90,Later public procurement or installation signal
Maastricht University,34.2,Research activity,2026-09-23,2026-09-23T22:02:20+00:00,90,Later public procurement or installation signal
University of Bayreuth,34.2,Research activity,2026-09-23,2026-09-23T22:02:20+00:00,90,Later public procurement or installation signal
University of L'Aquila,34.2,Research activity,2026-09-23,2026-09-23T22:02:20+00:00,90,Later public procurement or installation signal
Wadia Institute of Himalayan Geology Dehradun India,34.2,Research activity,2026-09-23,2026-09-23T22:02:20+00:00,90,Later public procurement or installation signal
BHP (Australia),34.1,Research activity,2026-09-23,2026-09-23T22:02:20+00:00,90,Later public procurement or installation signal
Istituto Zooprofilattico Sperimentale delle Regioni Lazio e Toscana,34.1,Research activity,2026-09-23,2026-09-23T22:02:20+00:00,90,Later public procurement or installation signal
Natural Resources Canada,34.1,Research activity,2026-09-23,2026-09-23T22:02:20+00:00,90,Later public procurement or installation signal
Texas Tech University,34.1,Research activity,2026-09-23,2026-09-23T22:02:20+00:00,90,Later public procurement or installation signal
United States Food and Drug Administration,34.1,Research activity,2026-09-23,2026-09-23T22:02:20+00:00,90,Later public procurement or installation signal
"V.S. Sobolev Institute of Geology and Mineralogy, Siberian Branch of the Russian Academy of Sciences, 3 Acad. Koptyug Avenue, 630090 Novosibirsk, Russia",34.1,Research activity,2026-09-23,2026-09-23T22:02:20+00:00,90,Later public procurement or installation signal
AGH University of Krakow,34.0,Research activity,2026-09-23,2026-09-23T22:02:20+00:00,90,Later public procurement or installation signal
American University in Cairo,34.0,Research activity,2026-09-23,2026-09-23T22:02:20+00:00,90,Later public procurement or installation signal
Communication University of China,34.0,Research activity,2026-09-23,2026-09-23T22:02:20+00:00,90,Later public procurement or installation signal
"Faculty of Chemistry, University of Warsaw, ul. Pasteura 1, 02-093 Warsaw, Poland",34.0,Research activity,2026-09-23,2026-09-23T22:02:20+00:00,90,Later public procurement or installation signal
Forschungszentrum Jülich,34.0,Research activity,2026-09-23,2026-09-23T22:02:20+00:00,90,Later public procurement or installation signal
Harbin Medical University,34.0,Research activity,2026-09-23,2026-09-23T22:02:20+00:00,90,Later public procurement or installation signal
Istituto Zooprofilattico Sperimentale Della Sicilia,34.0,Research activity,2026-09-23,2026-09-23T22:02:20+00:00,90,Later public procurement or installation signal
Jorge Basadre Grohmann National University,34.0,Research activity,2026-09-23,2026-09-23T22:02:20+00:00,90,Later public procurement or installation signal
Jožef Stefan Institute,34.0,Research activity,2026-09-23,2026-09-23T22:02:20+00:00,90,Later public procurement or installation signal
King's College London,34.0,Research activity,2026-09-23,2026-09-23T22:02:20+00:00,90,Later public procurement or installation signal
MEET Battery Research Center at the University of Münster,34.0,Research activity,2026-09-23,2026-09-23T22:02:20+00:00,90,Later public procurement or installation signal
Mongolian National University,34.0,Research activity,2026-09-23,2026-09-23T22:02:20+00:00,90,Later public procurement or installation signal
Nanchang Center for Disease Control and Prevention,34.0,Research activity,2026-09-23,2026-09-23T22:02:20+00:00,90,Later public procurement or installation signal
Nanjing Agricultural University,34.0,Research activity,2026-09-23,2026-09-23T22:02:20+00:00,90,Later public procurement or installation signal
National Institute of Metrology,34.0,Research activity,2026-09-23,2026-09-23T22:02:20+00:00,90,Later public procurement or installation signal
National Security Agency,34.0,Research activity,2026-09-23,2026-09-23T22:02:20+00:00,90,Later public procurement or installation signal
Orion Corporation (United Kingdom),34.0,Research activity,2026-09-23,2026-09-23T22:02:20+00:00,90,Later public procurement or installation signal
Sechenov University,34.0,Research activity,2026-09-23,2026-09-23T22:02:20+00:00,90,Later public procurement or installation signal
Semmelweis University,34.0,Research activity,2026-09-23,2026-09-23T22:02:20+00:00,90,Later public procurement or installation signal
Special Health Resources for Texas,34.0,Research activity,2026-09-23,2026-09-23T22:02:20+00:00,90,Later public procurement or installation signal
University of Bamenda,34.0,Research activity,2026-09-23,2026-09-23T22:02:20+00:00,90,Later public procurement or installation signal
University of Central Florida,34.0,Research activity,2026-09-23,2026-09-23T22:02:20+00:00,90,Later public procurement or installation signal
University of Münster,34.0,Research activity,2026-09-23,2026-09-23T22:02:20+00:00,90,Later public procurement or installation signal
University of Veterinary Medicine,34.0,Research activity,2026-09-23,2026-09-23T22:02:20+00:00,90,Later public procurement or installation signal
Wrocław University of Science and Technology,34.0,Research activity,2026-09-23,2026-09-23T22:02:20+00:00,90,Later public procurement or installation signal
Chongqing Jiaotong University,33.9,Research activity,2026-09-23,2026-09-23T22:02:20+00:00,90,Later public procurement or installation signal
"Department of Earth Resources Engineering, Faculty of Engineering, Kyushu University",33.9,Research activity,2026-09-23,2026-09-23T22:02:20+00:00,90,Later public procurement or installation signal
"Department of Physical and Chemical Sciences, University of L’Aquila, Via Vetoio snc, 67100 L’Aquila, Italy",33.9,Research activity,2026-09-23,2026-09-23T22:02:20+00:00,90,Later public procurement or installation signal
"Institute for Chemistry and Biology of the Marine Environment (ICBM), School of Mathematics and Science Carl von Ossietzky Universität Oldenburg Oldenburg Germany",33.9,Research activity,2026-09-23,2026-09-23T22:02:20+00:00,90,Later public procurement or installation signal
Massachusetts General Hospital,33.9,Research activity,2026-09-23,2026-09-23T22:02:20+00:00,90,Later public procurement or installation signal
Queensland University of Technology,33.9,Research activity,2026-09-23,2026-09-23T22:02:20+00:00,90,Later public procurement or installation signal
"School of Earth Sciences and Resources, China University of Geosciences Beijing, Beijing 100083, China",33.9,Research activity,2026-09-23,2026-09-23T22:02:20+00:00,90,Later public procurement or installation signal
School of Pedagogical and Technological Education,33.9,Research activity,2026-09-23,2026-09-23T22:02:20+00:00,90,Later public procurement or installation signal
Selçuk University,33.9,Research activity,2026-09-23,2026-09-23T22:02:20+00:00,90,Later public procurement or installation signal
"Ufa Federal Research Center, Institute of Geology, Russian Academy of Sciences, 16/2, Karl Marx Street, Ufa 450077, Russia",33.9,Research activity,2026-09-23,2026-09-23T22:02:20+00:00,90,Later public procurement or installation signal
University of Tsukuba,33.9,Research activity,2026-09-23,2026-09-23T22:02:20+00:00,90,Later public procurement or installation signal
Agricultural Research Service,33.8,Research activity,2026-09-23,2026-09-23T22:02:20+00:00,90,Later public procurement or installation signal
Boston University,33.8,Research activity,2026-09-23,2026-09-23T22:02:20+00:00,90,Later public procurement or installation signal
Luxembourg Institute of Science and Technology,33.8,Research activity,2026-09-23,2026-09-23T22:02:20+00:00,90,Later public procurement or installation signal
Medizinische Hochschule Hannover,33.8,Research activity,2026-09-23,2026-09-23T22:02:20+00:00,90,Later public procurement or installation signal
NS Kurnakova Institute of General and Inorganic Chemistry,33.8,Research activity,2026-09-23,2026-09-23T22:02:20+00:00,90,Later public procurement or installation signal
Netaji Subhas University of Technology,33.8,Research activity,2026-09-23,2026-09-23T22:02:20+00:00,90,Later public procurement or installation signal
Shakarim University,33.8,Research activity,2026-09-23,2026-09-23T22:02:20+00:00,90,Later public procurement or installation signal
Tehran University of Medical Sciences,33.8,Research activity,2026-09-23,2026-09-23T22:02:20+00:00,90,Later public procurement or installation signal
University of Ilorin,33.8,Research activity,2026-09-23,2026-09-23T22:02:20+00:00,90,Later public procurement or installation signal
University of Saskatchewan,33.8,Research activity,2026-09-23,2026-09-23T22:02:20+00:00,90,Later public procurement or installation signal
"Bee and Natural Products R&D and P&D Application and Research Center, Bingöl University, 12000 Bingöl, Türkiye",33.7,Research activity,2026-09-23,2026-09-23T22:02:20+00:00,90,Later public procurement or installation signal
Beijing Institute of Geology for Mineral Resources,33.7,Research activity,2026-09-23,2026-09-23T22:02:20+00:00,90,Later public procurement or installation signal
Chandigarh University,33.7,Research activity,2026-09-23,2026-09-23T22:02:20+00:00,90,Later public procurement or installation signal
Chinese Academy of Medical Sciences & Peking Union Medical College,33.7,Research activity,2026-09-23,2026-09-23T22:02:20+00:00,90,Later public procurement or installation signal
Chinese Academy of Tropical Agricultural Sciences,33.7,Research activity,2026-09-23,2026-09-23T22:02:20+00:00,90,Later public procurement or installation signal
German Cancer Research Center,33.7,Research activity,2026-09-23,2026-09-23T22:02:20+00:00,90,Later public procurement or installation signal
Hemwati Nandan Bahuguna Garhwal University,33.7,Research activity,2026-09-23,2026-09-23T22:02:20+00:00,90,Later public procurement or installation signal
"Institute of Mineral Resources, Chinese Academy of Geological Sciences, Beijing 100037, China",33.7,Research activity,2026-09-23,2026-09-23T22:02:20+00:00,90,Later public procurement or installation signal
Institute of Spectroscopy,33.7,Research activity,2026-09-23,2026-09-23T22:02:20+00:00,90,Later public procurement or installation signal
Karlsruhe Institute of Technology,33.7,Research activity,2026-09-23,2026-09-23T22:02:20+00:00,90,Later public procurement or installation signal
MEDICAL COLLEGE OF WISCONSIN,33.7,Funding received,2026-09-23,2026-09-23T22:02:20+00:00,90,Later public procurement or installation signal
Military University of Technology in Warsaw,33.7,Research activity,2026-09-23,2026-09-23T22:02:20+00:00,90,Later public procurement or installation signal
Mount Allison University,33.7,Research activity,2026-09-23,2026-09-23T22:02:20+00:00,90,Later public procurement or installation signal
Museum of London Archaeology,33.7,Research activity,2026-09-23,2026-09-23T22:02:20+00:00,90,Later public procurement or installation signal
National Cheng Kung University,33.7,Research activity,2026-09-23,2026-09-23T22:02:20+00:00,90,Later public procurement or installation signal
National Institute of Technology Calicut,33.7,Research activity,2026-09-23,2026-09-23T22:02:20+00:00,90,Later public procurement or installation signal
TUFTS UNIVERSITY BOSTON,33.7,Funding received,2026-09-23,2026-09-23T22:02:20+00:00,90,Later public procurement or installation signal
University of Aveiro,33.7,Research activity,2026-09-23,2026-09-23T22:02:20+00:00,90,Later public procurement or installation signal
University of New Mexico,33.7,Research activity,2026-09-23,2026-09-23T22:02:20+00:00,90,Later public procurement or installation signal
University of Surrey,33.7,Research activity,2026-09-23,2026-09-23T22:02:20+00:00,90,Later public procurement or installation signal
University of Tehran,33.7,Research activity,2026-09-23,2026-09-23T22:02:20+00:00,90,Later public procurement or installation signal
Colorado State University,33.6,Research activity,2026-09-23,2026-09-23T22:02:20+00:00,90,Later public procurement or installation signal
National Centre for Compositional Characterisation of Materials,33.6,Research activity,2026-09-23,2026-09-23T22:02:20+00:00,90,Later public procurement or installation signal
National Institute for Research and Development of Isotopic and Molecular Technologies,33.6,Research activity,2026-09-23,2026-09-23T22:02:20+00:00,90,Later public procurement or installation signal
"National Metrology Institute of Japan (NMIJ), National Institute of Advanced Industrial Science and Technology (AIST)",33.6,Research activity,2026-09-23,2026-09-23T22:02:20+00:00,90,Later public procurement or installation signal
PerkinElmer (United States),33.6,Research activity,2026-09-23,2026-09-23T22:02:20+00:00,90,Later public procurement or installation signal
Research Center of Applied Geology of China Geological Survey,33.6,Research activity,2026-09-23,2026-09-23T22:02:20+00:00,90,Later public procurement or installation signal
Scientific Solutions and University of North Dakota,33.6,Research activity,2026-09-23,2026-09-23T22:02:20+00:00,90,Later public procurement or installation signal
Tongji University,33.6,Research activity,2026-09-23,2026-09-23T22:02:20+00:00,90,Later public procurement or installation signal
University of Azad Jammu and Kashmir,33.6,Research activity,2026-09-23,2026-09-23T22:02:20+00:00,90,Later public procurement or installation signal
University of Utah,33.6,Research activity,2026-09-23,2026-09-23T22:02:20+00:00,90,Later public procurement or installation signal
Geoscience Australia,32.6,Research activity,2026-09-23,2026-09-23T22:02:20+00:00,90,Later public procurement or installation signal
Uppsala University,31.9,Research activity,2026-09-23,2026-09-23T22:02:20+00:00,90,Later public procurement or installation signal
Institute of Precambrian Geology and Geochronology,31.8,Research activity,2026-09-23,2026-09-23T22:02:20+00:00,90,Later public procurement or installation signal
"LSRE-LCM, ALiCE, Faculty of Engineering, University of Porto, Rua Dr. Roberto Frias, 4200-465 Porto, Portugal",31.7,Research activity,2026-09-23,2026-09-23T22:02:20+00:00,90,Later public procurement or installation signal
Saveetha University,31.7,Research activity,2026-09-23,2026-09-23T22:02:20+00:00,90,Later public procurement or installation signal
UNIVERSITY OF DELAWARE,31.6,Funding received,2026-09-23,2026-09-23T22:02:20+00:00,90,Later public procurement or installation signal
"FERRIC CONTRAST,",31.5,Funding received,2026-09-23,2026-09-23T22:02:20+00:00,90,Later public procurement or installation signal
TEXAS STATE UNIVERSITY,31.5,Instrument installation,2026-09-23,2026-09-23T22:02:20+00:00,90,Later public procurement or installation signal
Shanxi Normal University,31.4,Research activity,2026-09-23,2026-09-23T22:02:20+00:00,90,Later public procurement or installation signal
Helmholtz-Zentrum Berlin für Materialien und Energie,30.4,Research activity,2026-09-23,2026-09-23T22:02:20+00:00,90,Later public procurement or installation signal
University of Rostock,30.0,Research activity,2026-09-23,2026-09-23T22:02:20+00:00,90,Later public procurement or installation signal
Walker (United States),29.9,Research activity,2026-09-23,2026-09-23T22:02:20+00:00,90,Later public procurement or installation signal
Case Western Reserve University,28.9,Research activity,2026-09-23,2026-09-23T22:02:20+00:00,90,Later public procurement or installation signal
National Nuclear Center of the Republic of Kazakhstan,28.9,Research activity,2026-09-23,2026-09-23T22:02:20+00:00,90,Later public procurement or installation signal
UCL Australia,28.5,Research activity,2026-09-23,2026-09-23T22:02:20+00:00,90,Later public procurement or installation signal
School of Geography Nanjing Normal University Nanjing 210023 China,28.2,Research activity,2026-09-23,2026-09-23T22:02:20+00:00,90,Later public procurement or installation signal
University of Urbino,28.2,Research activity,2026-09-23,2026-09-23T22:02:20+00:00,90,Later public procurement or installation signal
Florida Gulf Coast University,27.9,Research activity,2026-09-23,2026-09-23T22:02:20+00:00,90,Later public procurement or installation signal
"Former Professor, Department of Mining Engineering, Indian Institute of Kharagpur, Kharagpur - 721302, West Bengal",27.8,Research activity,2026-09-23,2026-09-23T22:02:20+00:00,90,Later public procurement or installation signal
South Valley University,27.7,Research activity,2026-09-23,2026-09-23T22:02:20+00:00,90,Later public procurement or installation signal
University of Macau,27.7,Research activity,2026-09-23,2026-09-23T22:02:20+00:00,90,Later public procurement or installation signal
"Instituto de Óptica ""Daza de Valdés""",27.2,Research activity,2026-09-23,2026-09-23T22:02:20+00:00,90,Later public procurement or installation signal
Xi'an University of Architecture and Technology,27.2,Research activity,2026-09-23,2026-09-23T22:02:20+00:00,90,Later public procurement or installation signal
"Public Health Authority of the Slovak Republic, National Reference Center for Pesticide Residues, Trnavská Street 52, 826 45 Bratislava, Slovakia",27.1,Research activity,2026-09-23,2026-09-23T22:02:20+00:00,90,Later public procurement or installation signal
ASA College,27.0,Research activity,2026-09-23,2026-09-23T22:02:20+00:00,90,Later public procurement or installation signal
Ewha Womans University,27.0,Research activity,2026-09-23,2026-09-23T22:02:20+00:00,90,Later public procurement or installation signal
Banasthali University,26.9,Research activity,2026-09-23,2026-09-23T22:02:20+00:00,90,Later public procurement or installation signal
Gopalganj Science and Technology University,26.9,Research activity,2026-09-23,2026-09-23T22:02:20+00:00,90,Later public procurement or installation signal
Shenzhen Institutes of Advanced Technology,26.9,Research activity,2026-09-23,2026-09-23T22:02:20+00:00,90,Later public procurement or installation signal
Imam Mohammad ibn Saud Islamic University,26.8,Research activity,2026-09-23,2026-09-23T22:02:20+00:00,90,Later public procurement or installation signal
Nanjing University of Aeronautics and Astronautics,26.8,Research activity,2026-09-23,2026-09-23T22:02:20+00:00,90,Later public procurement or installation signal
Gaziantep University,26.7,Research activity,2026-09-23,2026-09-23T22:02:20+00:00,90,Later public procurement or installation signal
China Jiliang University,26.6,Research activity,2026-09-23,2026-09-23T22:02:20+00:00,90,Later public procurement or installation signal
Changzhou Vocational Institute of Light Industry,26.5,Research activity,2026-09-23,2026-09-23T22:02:20+00:00,90,Later public procurement or installation signal
Manipal Academy of Higher Education,26.5,Research activity,2026-09-23,2026-09-23T22:02:20+00:00,90,Later public procurement or installation signal
NeoPhotonics (United States),26.5,Research activity,2026-09-23,2026-09-23T22:02:20+00:00,90,Later public procurement or installation signal
Université d'Orléans,26.5,Research activity,2026-09-23,2026-09-23T22:02:20+00:00,90,Later public procurement or installation signal
Université de Montréal,26.5,Research activity,2026-09-23,2026-09-23T22:02:20+00:00,90,Later public procurement or installation signal
Rice University,26.4,Research activity,2026-09-23,2026-09-23T22:02:20+00:00,90,Later public procurement or installation signal
Universidade Federal do Rio Grande do Sul,26.4,Research activity,2026-09-23,2026-09-23T22:02:20+00:00,90,Later public procurement or installation signal
Gwangju Institute of Science and Technology,26.3,Research activity,2026-09-23,2026-09-23T22:02:20+00:00,90,Later public procurement or installation signal
Jingdezhen Ceramic Institute,26.3,Research activity,2026-09-23,2026-09-23T22:02:20+00:00,90,Later public procurement or installation signal
Korea Institute of Geoscience and Mineral Resources,26.3,Research activity,2026-09-23,2026-09-23T22:02:20+00:00,90,Later public procurement or installation signal
James Cook University,26.2,Research activity,2026-09-23,2026-09-23T22:02:20+00:00,90,Later public procurement or installation signal
Tohoku University,26.2,Research activity,2026-09-23,2026-09-23T22:02:20+00:00,90,Later public procurement or installation signal
Khulna University of Engineering and Technology,26.1,Research activity,2026-09-23,2026-09-23T22:02:20+00:00,90,Later public procurement or installation signal
Universidade Federal de Ouro Preto,26.1,Research activity,2026-09-23,2026-09-23T22:02:20+00:00,90,Later public procurement or installation signal
Sri Sathya Sai Institute of Higher Learning,26.0,Research activity,2026-09-23,2026-09-23T22:02:20+00:00,90,Later public procurement or installation signal
Beijing Jiaotong University,25.9,Research activity,2026-09-23,2026-09-23T22:02:20+00:00,90,Later public procurement or installation signal
Turgut Özal University,25.8,Research activity,2026-09-23,2026-09-23T22:02:20+00:00,90,Later public procurement or installation signal
Centre de Recherches Pétrographiques et Géochimiques,25.7,Research activity,2026-09-23,2026-09-23T22:02:20+00:00,90,Later public procurement or installation signal
Guangxi University,25.7,Research activity,2026-09-23,2026-09-23T22:02:20+00:00,90,Later public procurement or installation signal
Queen's University Belfast,25.7,Research activity,2026-09-23,2026-09-23T22:02:20+00:00,90,Later public procurement or installation signal
Seoul National University of Education,25.7,Research activity,2026-09-23,2026-09-23T22:02:20+00:00,90,Later public procurement or installation signal
University of North Dakota,25.7,Research activity,2026-09-23,2026-09-23T22:02:20+00:00,90,Later public procurement or installation signal
Bilkent University,25.6,Research activity,2026-09-23,2026-09-23T22:02:20+00:00,90,Later public procurement or installation signal
"Department of Regulatory Affairs, Parul Institute of Pharmacy, Parul University, Vadodara, Gujarat, India",25.6,Research activity,2026-09-23,2026-09-23T22:02:20+00:00,90,Later public procurement or installation signal
GEOMAR Helmholtz Centre for Ocean Research Kiel Kiel Germany,25.6,Research activity,2026-09-23,2026-09-23T22:02:20+00:00,90,Later public procurement or installation signal
"Institute of Physical and Chemical Testing, Shaanxi Provincial Center for Disease Control and Prevention, Xi'an, 710054, P.R. China",25.6,Research activity,2026-09-23,2026-09-23T22:02:20+00:00,90,Later public procurement or installation signal
"Laboratory of Inorganic Chemistry, Department of Chemistry and Applied Biosciences, ETH Zürich, Vladimir-Prelog-Weg 1, 8093 Zurich, Switzerland",25.6,Research activity,2026-09-23,2026-09-23T22:02:20+00:00,90,Later public procurement or installation signal
"Public Health School, Fujian Medical University, Fuzhou, China",25.6,Research activity,2026-09-23,2026-09-23T22:02:20+00:00,90,Later public procurement or installation signal
Utrecht University,25.6,Research activity,2026-09-23,2026-09-23T22:02:20+00:00,90,Later public procurement or installation signal
Ain Shams University,25.5,Research activity,2026-09-23,2026-09-23T22:02:20+00:00,90,Later public procurement or installation signal
Delft University of Technology,25.5,Research activity,2026-09-23,2026-09-23T22:02:20+00:00,90,Later public procurement or installation signal
Hong Kong University of Science and Technology,25.5,Research activity,2026-09-23,2026-09-23T22:02:20+00:00,90,Later public procurement or installation signal
Korea University,25.5,Research activity,2026-09-23,2026-09-23T22:02:20+00:00,90,Later public procurement or installation signal
Schott (Germany),25.5,Research activity,2026-09-23,2026-09-23T22:02:20+00:00,90,Later public procurement or installation signal
University of Rochester,25.5,Research activity,2026-09-23,2026-09-23T22:02:20+00:00,90,Later public procurement or installation signal
Wuhan University of Technology,25.5,Research activity,2026-09-23,2026-09-23T22:02:20+00:00,90,Later public procurement or installation signal
First Affiliated Hospital of Xi'an Jiaotong University,25.4,Research activity,2026-09-23,2026-09-23T22:02:20+00:00,90,Later public procurement or installation signal
Fudan University,25.4,Research activity,2026-09-23,2026-09-23T22:02:20+00:00,90,Later public procurement or installation signal
Hefei National Center for Physical Sciences at Nanoscale,25.4,Research activity,2026-09-23,2026-09-23T22:02:20+00:00,90,Later public procurement or installation signal
Korea Energy Economics Institute,25.4,Research activity,2026-09-23,2026-09-23T22:02:20+00:00,90,Later public procurement or installation signal
Mahidol University,25.4,Research activity,2026-09-23,2026-09-23T22:02:20+00:00,90,Later public procurement or installation signal
Suzhou University of Science and Technology,25.4,Research activity,2026-09-23,2026-09-23T22:02:20+00:00,90,Later public procurement or installation signal
Tarim University,25.4,Research activity,2026-09-23,2026-09-23T22:02:20+00:00,90,Later public procurement or installation signal
"University of California, Davis",25.4,Research activity,2026-09-23,2026-09-23T22:02:20+00:00,90,Later public procurement or installation signal
University of Teramo,25.4,Research activity,2026-09-23,2026-09-23T22:02:20+00:00,90,Later public procurement or installation signal
Wichita State University,25.3,Research activity,2026-09-23,2026-09-23T22:02:20+00:00,90,Later public procurement or installation signal
Institute of Science and Technology Austria,25.2,Research activity,2026-09-23,2026-09-23T22:02:20+00:00,90,Later public procurement or installation signal
Nanjing University of Chinese Medicine,25.2,Research activity,2026-09-23,2026-09-23T22:02:20+00:00,90,Later public procurement or installation signal
National University of Singapore,25.2,Research activity,2026-09-23,2026-09-23T22:02:20+00:00,90,Later public procurement or installation signal
Korea Institute of Ceramic Engineering and Technology,25.1,Research activity,2026-09-23,2026-09-23T22:02:20+00:00,90,Later public procurement or installation signal
Mansoura University,25.1,Research activity,2026-09-23,2026-09-23T22:02:20+00:00,90,Later public procurement or installation signal
Nanyang Technological University,25.1,Research activity,2026-09-23,2026-09-23T22:02:20+00:00,90,Later public procurement or installation signal
Universiti Teknologi Petronas,25.1,Research activity,2026-09-23,2026-09-23T22:02:20+00:00,90,Later public procurement or installation signal
Fujian Medical University,25.0,Research activity,2026-09-23,2026-09-23T22:02:20+00:00,90,Later public procurement or installation signal
Institute for Energy Technology,25.0,Research activity,2026-09-23,2026-09-23T22:02:20+00:00,90,Later public procurement or installation signal
Naval University of Engineering,25.0,Research activity,2026-09-23,2026-09-23T22:02:20+00:00,90,Later public procurement or installation signal
Northwestern University,25.0,Research activity,2026-09-23,2026-09-23T22:02:20+00:00,90,Later public procurement or installation signal
Panjab University,25.0,Research activity,2026-09-23,2026-09-23T22:02:20+00:00,90,Later public procurement or installation signal
University of Calgary,25.0,Research activity,2026-09-23,2026-09-23T22:02:20+00:00,90,Later public procurement or installation signal
University of Delhi,25.0,Research activity,2026-09-23,2026-09-23T22:02:20+00:00,90,Later public procurement or installation signal
Anhui Water Conservancy and Hydropower Survey and Design Institute,24.9,Research activity,2026-09-23,2026-09-23T22:02:20+00:00,90,Later public procurement or installation signal
Evides (Netherlands),24.9,Instrument installation,2026-09-23,2026-09-23T22:02:20+00:00,90,Later public procurement or installation signal
"G H Raisoni College of Engineering and Technology, Nagpur, India",24.9,Research activity,2026-09-23,2026-09-23T22:02:20+00:00,90,Later public procurement or installation signal
Micron (United States),24.9,Research activity,2026-09-23,2026-09-23T22:02:20+00:00,90,Later public procurement or installation signal
Nevşehir Hacı Bektaş Veli University,24.9,Research activity,2026-09-23,2026-09-23T22:02:20+00:00,90,Later public procurement or installation signal
Northeastern University,24.9,Research activity,2026-09-23,2026-09-23T22:02:20+00:00,90,Later public procurement or installation signal
University of Texas MD Anderson Cancer Center,24.9,Research activity,2026-09-23,2026-09-23T22:02:20+00:00,90,Later public procurement or installation signal
Tianjin University,24.8,Research activity,2026-09-23,2026-09-23T22:02:20+00:00,90,Later public procurement or installation signal
Anhui Medical University,24.6,Research activity,2026-09-23,2026-09-23T22:02:20+00:00,90,Later public procurement or installation signal
Guangdong University Of Finances and Economics,24.6,Research activity,2026-09-23,2026-09-23T22:02:20+00:00,90,Later public procurement or installation signal
Indian Institute of Technology Kanpur,24.6,Research activity,2026-09-23,2026-09-23T22:02:20+00:00,90,Later public procurement or installation signal
Johns Hopkins University,24.6,Research activity,2026-09-23,2026-09-23T22:02:20+00:00,90,Later public procurement or installation signal
Mehran University of Engineering and Technology,24.6,Research activity,2026-09-23,2026-09-23T22:02:20+00:00,90,Later public procurement or installation signal
Ministry of Education of the People's Republic of China,24.6,Research activity,2026-09-23,2026-09-23T22:02:20+00:00,90,Later public procurement or installation signal
University of Johannesburg,24.6,Research activity,2026-09-23,2026-09-23T22:02:20+00:00,90,Later public procurement or installation signal
Beijing Normal University,24.5,Research activity,2026-09-23,2026-09-23T22:02:20+00:00,90,Later public procurement or installation signal
Department of Earth and Environmental Sciences Syracuse University Syracuse New York USA,24.5,Research activity,2026-09-23,2026-09-23T22:02:20+00:00,90,Later public procurement or installation signal
Georgia Institute of Technology,24.5,Research activity,2026-09-23,2026-09-23T22:02:20+00:00,90,Later public procurement or installation signal
Institute of Oceanology,24.5,Research activity,2026-09-23,2026-09-23T22:02:20+00:00,90,Later public procurement or installation signal
Lawrence Berkeley National Laboratory,24.5,Research activity,2026-09-23,2026-09-23T22:02:20+00:00,90,Later public procurement or installation signal
Shandong University,24.5,Research activity,2026-09-23,2026-09-23T22:02:20+00:00,90,Later public procurement or installation signal
South China Agricultural University,24.5,Research activity,2026-09-23,2026-09-23T22:02:20+00:00,90,Later public procurement or installation signal
University of Shahrood,24.5,Research activity,2026-09-23,2026-09-23T22:02:20+00:00,90,Later public procurement or installation signal
Central Salt and Marine Chemicals Research Institute,24.4,Research activity,2026-09-23,2026-09-23T22:02:20+00:00,90,Later public procurement or installation signal
City University of Hong Kong,24.4,Research activity,2026-09-23,2026-09-23T22:02:20+00:00,90,Later public procurement or installation signal
Helwan University,24.4,Research activity,2026-09-23,2026-09-23T22:02:20+00:00,90,Later public procurement or installation signal
Jinan University,24.4,Research activity,2026-09-23,2026-09-23T22:02:20+00:00,90,Later public procurement or installation signal
Monash University,24.4,Research activity,2026-09-23,2026-09-23T22:02:20+00:00,90,Later public procurement or installation signal
North-West University,24.4,Research activity,2026-09-23,2026-09-23T22:02:20+00:00,90,Later public procurement or installation signal
South China University of Technology,24.4,Research activity,2026-09-23,2026-09-23T22:02:20+00:00,90,Later public procurement or installation signal
Swiss Federal Institute of Aquatic Science and Technology,24.4,Research activity,2026-09-23,2026-09-23T22:02:20+00:00,90,Later public procurement or installation signal
University of California San Diego,24.4,Research activity,2026-09-23,2026-09-23T22:02:20+00:00,90,Later public procurement or installation signal
University of Cambridge,24.4,Research activity,2026-09-23,2026-09-23T22:02:20+00:00,90,Later public procurement or installation signal
University of Nottingham,24.4,Research activity,2026-09-23,2026-09-23T22:02:20+00:00,90,Later public procurement or installation signal
University of Science and Technology Beijing,24.4,Research activity,2026-09-23,2026-09-23T22:02:20+00:00,90,Later public procurement or installation signal
University of Venda,24.4,Research activity,2026-09-23,2026-09-23T22:02:20+00:00,90,Later public procurement or installation signal
Università Cattolica del Sacro Cuore,24.4,Research activity,2026-09-23,2026-09-23T22:02:20+00:00,90,Later public procurement or installation signal
Wenzhou University,24.4,Research activity,2026-09-23,2026-09-23T22:02:20+00:00,90,Later public procurement or installation signal
Wolaita Sodo University,24.4,Research activity,2026-09-23,2026-09-23T22:02:20+00:00,90,Later public procurement or installation signal
Ariel University,24.3,Research activity,2026-09-23,2026-09-23T22:02:20+00:00,90,Later public procurement or installation signal
Hebrew University of Jerusalem,24.3,Research activity,2026-09-23,2026-09-23T22:02:20+00:00,90,Later public procurement or installation signal
Indian Institute of Technology Madras,24.3,Research activity,2026-09-23,2026-09-23T22:02:20+00:00,90,Later public procurement or installation signal
Institut de Recerca en Energia de Catalunya,24.3,Research activity,2026-09-23,2026-09-23T22:02:20+00:00,90,Later public procurement or installation signal
Institute of Physics,24.3,Research activity,2026-09-23,2026-09-23T22:02:20+00:00,90,Later public procurement or installation signal
Chinese Academy of Agricultural Sciences,24.2,Research activity,2026-09-23,2026-09-23T22:02:20+00:00,90,Later public procurement or installation signal
Jilin University,24.2,Research activity,2026-09-23,2026-09-23T22:02:20+00:00,90,Later public procurement or installation signal
Qingdao University of Science and Technology,24.2,Research activity,2026-09-23,2026-09-23T22:02:20+00:00,90,Later public procurement or installation signal
University of Pittsburgh,24.2,Instrument installation,2026-09-23,2026-09-23T22:02:20+00:00,90,Later public procurement or installation signal
Banaras Hindu University,24.1,Research activity,2026-09-23,2026-09-23T22:02:20+00:00,90,Later public procurement or installation signal
Hunan University,24.1,Research activity,2026-09-23,2026-09-23T22:02:20+00:00,90,Later public procurement or installation signal
Leibniz Institute for Catalysis,24.1,Research activity,2026-09-23,2026-09-23T22:02:20+00:00,90,Later public procurement or installation signal
Mansfield University,24.1,Research activity,2026-09-23,2026-09-23T22:02:20+00:00,90,Later public procurement or installation signal
North Carolina State University,24.1,Research activity,2026-09-23,2026-09-23T22:02:20+00:00,90,Later public procurement or installation signal
Tallinn University of Technology,24.1,Research activity,2026-09-23,2026-09-23T22:02:20+00:00,90,Later public procurement or installation signal
University of Florida,24.1,Research activity,2026-09-23,2026-09-23T22:02:20+00:00,90,Later public procurement or installation signal
University of Southern California,24.1,Research activity,2026-09-23,2026-09-23T22:02:20+00:00,90,Later public procurement or installation signal
University of Sri Jayewardenepura,24.1,Research activity,2026-09-23,2026-09-23T22:02:20+00:00,90,Later public procurement or installation signal
Wichita Falls Independent School District,24.1,Research activity,2026-09-23,2026-09-23T22:02:20+00:00,90,Later public procurement or installation signal
Wuhan National Laboratory for Optoelectronics,24.1,Research activity,2026-09-23,2026-09-23T22:02:20+00:00,90,Later public procurement or installation signal
Bar-Ilan University,24.0,Research activity,2026-09-23,2026-09-23T22:02:20+00:00,90,Later public procurement or installation signal
Cardinal Health (United States),24.0,Research activity,2026-09-23,2026-09-23T22:02:20+00:00,90,Later public procurement or installation signal
"Chinese University of Hong Kong, Shenzhen",24.0,Research activity,2026-09-23,2026-09-23T22:02:20+00:00,90,Later public procurement or installation signal
Jahrom University of Medical Sciences,24.0,Research activity,2026-09-23,2026-09-23T22:02:20+00:00,90,Later public procurement or installation signal
National Taipei University of Technology,24.0,Research activity,2026-09-23,2026-09-23T22:02:20+00:00,90,Later public procurement or installation signal
Shanghai Ninth People's Hospital,24.0,Research activity,2026-09-23,2026-09-23T22:02:20+00:00,90,Later public procurement or installation signal
Stanford University,24.0,Research activity,2026-09-23,2026-09-23T22:02:20+00:00,90,Later public procurement or installation signal
Universidade Nova de Lisboa,24.0,Research activity,2026-09-23,2026-09-23T22:02:20+00:00,90,Later public procurement or installation signal
University of Louisville,24.0,Research activity,2026-09-23,2026-09-23T22:02:20+00:00,90,Later public procurement or installation signal
Accadis Hochschule Bad Homburg,23.9,Research activity,2026-09-23,2026-09-23T22:02:20+00:00,90,Later public procurement or installation signal
Chengdu University,23.9,Research activity,2026-09-23,2026-09-23T22:02:20+00:00,90,Later public procurement or installation signal
China Architecture Design & Research Group (China),23.9,Research activity,2026-09-23,2026-09-23T22:02:20+00:00,90,Later public procurement or installation signal
Indian Institute of Science Bangalore,23.9,Research activity,2026-09-23,2026-09-23T22:02:20+00:00,90,Later public procurement or installation signal
Nanjing Hydraulic Research Institute,23.9,Research activity,2026-09-23,2026-09-23T22:02:20+00:00,90,Later public procurement or installation signal
Punjab Engineering College,23.9,Research activity,2026-09-23,2026-09-23T22:02:20+00:00,90,Later public procurement or installation signal
Ruhr University Bochum,23.9,Research activity,2026-09-23,2026-09-23T22:02:20+00:00,90,Later public procurement or installation signal
Tianjin University of Technology,23.9,Research activity,2026-09-23,2026-09-23T22:02:20+00:00,90,Later public procurement or installation signal
University of Alberta,23.9,Research activity,2026-09-23,2026-09-23T22:02:20+00:00,90,Later public procurement or installation signal
University of Massachusetts Amherst,23.9,Research activity,2026-09-23,2026-09-23T22:02:20+00:00,90,Later public procurement or installation signal
