title,summary,url,source_name,source_type,published_date,sector,region,organization,organization_id,instrument_vendor,instrument_model,signal_kind,product_family,credibility,relevance,buying_intent
Eriocitrin Attenuates Diabetic Cardiomyopathy by Regulating Copper Homeostasis and Cuproptosis-Associated Pathways via SIRT7/YAP/ATP7A Signalling.,Basic Clin Pharmacol Toxicol,https://europepmc.org/article/MED/42740671,Europe PMC,journal,2026-10-01,Clinical & Life Science,Global,,,,,Research activity,ICP-TOF / mass cytometry,0.88,0.8,0.26
Quantitative nanometer-resolution depth profiling of semiconductor implantation profiles using non-matrix-matched microdroplet calibration for LA-ICP-MS,,https://doi.org/10.1016/j.microc.2026.119454,Elsevier BV,journal,2026-10,Semiconductor & High Purity,Global,,,,,Research activity,Torches & injectors,0.88,0.78,0.28
Electroanalytical overview: recent advances in the sensing of arsenic using screen-printed electrochemical platforms,Environ Sci Nano,,Europe PMC,journal,2026-09-18,Environmental & Water,Global,,,,,Research activity,General sample introduction,0.88,0.8,0.26
Human Chemo-Nociceptor Signaling,"PROJECT SUMMARY Chronic pain is an enormous and urgent health burden in the United States on a growth trajectory. Safe and effective alternative pain medicines to replace dangerous, ineffective, or addictive current treatments (such as opio",https://reporter.nih.gov/project-details/1RF1NS141359-01A1,NIH RePORTER,grant,2026-09-12,Clinical & Life Science,NY,NEW YORK UNIVERSITY,,,,Funding,ICP-TOF / mass cytometry,0.88,0.55,0.67
Formyl peptide receptor-mediated inflammation and pulmonary fibrosis,"Summary: Neutrophils participate in our immune defense through several mechanisms upon recognizing danger. One main neutrophil pattern recognition receptor, formyl peptide receptor 1 (FPR1), recognizes N- formyl methionine peptides derived ",https://reporter.nih.gov/project-details/1R21AI196947-01A1,NIH RePORTER,grant,2026-09-11,Clinical & Life Science,WA,UNIVERSITY OF WASHINGTON,,,,Funding,Torches & injectors,0.88,0.55,0.67
Affinity-tunable Antibody Drug Conjugate (ADC) against High-Grade Serous Ovarian Cancer,"Project Summary/Abstract Platinum-resistant high-grade serous ovarian cancer (HGSOC) remains one of the most lethal gynecologic malignancies, causing over 13,000 deaths annually in the United States. Once platinum resistance develops, stand",https://reporter.nih.gov/project-details/1R43CA314526-01,NIH RePORTER,grant,2026-09-10,Pharma & Biopharma,CA,"MABSWITCH, INC.",,,,Funding,ICP-TOF / mass cytometry,0.88,0.55,0.67
Development of laser ablation negative-ion ICP-MS for direct fluorine imaging,"The spatial mapping of fluorine in solid samples is heavily hindered by its high ionisation potential in conventional positive-ion ICP-MS. To overcome this limitation without using complex plasma modifiers or mass shift strategies, we intro",https://doi.org/10.26434/chemrxiv.15008622/v1,American Chemical Society (ACS),journal,2026-09-10,Clinical & Life Science,Global,"TESLA-Analytical Chemistry, Institute of Chemistry",,,,Research activity,Torches & injectors,0.88,0.78,0.28
"Elemental analysis of geological materials: A review of XRF, LIBS, ICP-OES, ICP-MS, and AAS","Selecting an analytical technique for characterization of geologic material is a trade-off in sensitivity, elemental coverage, portability, and cost. This review discusses five important analytical techniques used in geochemistry: X-ray flu",https://doi.org/10.1177/25726668261486199,SAGE Publications,journal,2026-09-10,Battery & Critical Minerals,Global,South Dakota School of Mines and Technology,,,,Research activity,Interface cones,0.88,0.78,0.28
Investigating the Molecular Effects of Social Deprivation on Neuroblastoma Tumorigenesis and Progression,"ABSTRACT Neuroblastoma is the most common extracranial solid tumor of childhood, with survival disparities disproportionately affecting socioeconomically disadvantaged patients. While socioeconomic status (SES) is a known predictor of poor ",https://reporter.nih.gov/project-details/1R01CA299014-01A1,NIH RePORTER,grant,2026-09-10,Clinical & Life Science,MI,UNIVERSITY OF MICHIGAN AT ANN ARBOR,,,,Funding,ICP-TOF / mass cytometry,0.88,0.55,0.67
Project 2 (Fatty Acid),PROJECT 2 – PROJECT SUMMARY Our research plan's long-term goal is to identify the altered metabolism that drives bone metastasis in ER+ breast tumors resistant to endocrine therapy or that develop resistance. Bone metastasis is most common ,https://reporter.nih.gov/project-details/1P01CA302582-01A1,NIH RePORTER,grant,2026-09-10,Clinical & Life Science,TX,BAYLOR COLLEGE OF MEDICINE,,,,Funding,ICP-TOF / mass cytometry,0.88,0.55,0.67
"Role of persistent T cell receptor signaling in shaping CD8+ T cell residency, fate, and function against solid tumors","PROJECT SUMMARY/ABSTRACT Cytotoxic CD8+ T cells are critical effectors in fighting against tumors. However, as cancer progresses, many of these cells are driven towards a state of functional exhaustion through chronic stimulation of their T",https://reporter.nih.gov/project-details/1F30CA317805-01,NIH RePORTER,grant,2026-09-09,Clinical & Life Science,MN,UNIVERSITY OF MINNESOTA,,,,Funding,ICP-TOF / mass cytometry,0.88,0.55,0.67
Tunable Fabrication of 2D-Layered Magnesium Nanosilicates With Hemostatic Properties.,Small Sci,https://europepmc.org/article/MED/42741483,Europe PMC,journal,2026-09-09,Clinical & Life Science,Global,,,,,Research activity,ICP-TOF / mass cytometry,0.88,0.8,0.26
A novel approach for monitoring the spatial distribution and quantitative analysis of micronutrients in plant tissues using laser ablation ICP-MS imaging.,Anal Bioanal Chem,https://europepmc.org/article/MED/42711559,Europe PMC,journal,2026-09-08,Research & Academia,Global,,,,,Research activity,Laser ablation interfaces,0.88,0.8,0.26
Laser Ablation ICP-MS for Detecting Additives in Fuel Cell Membranes,,https://doi.org/10.1595/147106727x17888553664789,Johnson Matthey Plc,journal,2026-09-08,Research & Academia,Global,,,,,Research activity,Laser ablation interfaces,0.88,0.78,0.28
Romania – Mass spectrometer – Echipamente de cercetare pentru dotarea Laboratorului de radioizotopi,TIMS (Thermal Ionization Mass Spectrometer) - spectrometru de masa cu sursă solidă (1 buc.): va fi dedicat aplicațiilor in care măsurătorile izotopice necesită precizia cea mai mare de analiză. Printre ele se numără măsurători de izotopi ra,https://ted.europa.eu/en/notice/-/detail/618548-2026,TED (EU procurement),procurement,2026-09-08,General ICP-MS,ROU,INSTITUTUL NATIONAL DE CERCETARE-DEZVOLTARE PENTRU GEOLOGIE SI GEOECOLOGIE MARINA GEOECOMAR,,,,Procurement,General sample introduction,0.92,0.98,0.98
Tracing Europe-Wide Copper and Bronze flow in the Dutch Late Neolithic to the Early Iron Age.,PLoS One,https://europepmc.org/article/MED/42709829,Europe PMC,journal,2026-09-08,Pharma & Biopharma,Global,,,,,Research activity,General sample introduction,0.88,0.8,0.26
Tumor Mechanical Remodeling via Bidirectional Calcium Redistribution Enables Deep Photothermal‐Immunotherapy,Advanced science,,Europe PMC,journal,2026-09-08,Clinical & Life Science,Global,,,,,Research activity,ICP-TOF / mass cytometry,0.88,0.8,0.26
"Metal and metal mixture biomarkers across three U.S. cohorts: MASALA, MESA-LA, and Strong Heart Family Study.",J Expo Sci Environ Epidemiol,https://europepmc.org/article/MED/42706413,Europe PMC,journal,2026-09-07,Environmental & Water,Global,,,,,Research activity,General sample introduction,0.88,0.8,0.26
Water quality as an economic barrier to photocatalytic green hydrogen production.,RSC Adv,https://europepmc.org/article/MED/42708046,Europe PMC,journal,2026-09-07,Semiconductor & High Purity,Global,,,,,Research activity,General sample introduction,0.88,0.8,0.26
Synergistic Coupling of Thermal Decomposition-Ammonia Dissolution and Segmented Crystallization for High-Purity Ammonium Paratungstate.,Materials (Basel),https://europepmc.org/article/MED/42738224,Europe PMC,journal,2026-09-06,Semiconductor & High Purity,Global,,,,,Research activity,General sample introduction,0.88,0.8,0.26
Rapid and Reversible Capture of PFOS from Complex Water Matrices by an Earth-Abundant Iron(III)-Carboxylate Metal-Organic Framework.,Polymers (Basel),https://europepmc.org/article/MED/42737180,Europe PMC,journal,2026-09-05,Environmental & Water,Global,,,,,Research activity,General sample introduction,0.88,0.8,0.26
"Agilent launches new ICP-MS, GC Systems and Digital Lab Execution platform in India - Indian Pharma Post","Agilent launches new ICP-MS, GC Systems and Digital Lab Execution platform in India Indian Pharma Post",https://news.google.com/rss/articles/CBMizAFBVV95cUxQYm14anRJVFhuclZqYzFoYzdCV2JBWW9hcFZWdDBuVGV5LWJlbEgyS0E4V1Nld0poX2JVendsOXVISmdfS0J1V0MtMEFoTEF0b3RTUktlRW9kVTZGRUo1S29sSHpPeWtNS3pJTVdKSGx6LUNtVUd2RlhBajh4c3hKVFVLcno0b0Y4aDJPZ1RwWk9uMmVrTVlPaVE2endaQVVDWlN4WEx2b0plNG04ZHFhTENSb0czYzdIZ2RvU2tEUzlNTU9EcWRqQWdxbEbSAdMBQVVfeXFMTU5ZMkZDUVpZVXdCakhIaXlINktJNUpRZTM2Z0FXQkdFRG1Dd2VEUkhLczV1N1BXaGJheV9xMEY3TC1oeVRTTVBWM2FoSFZfaldnVlhYMUE3MEYxaWtlWDhxXzFPeGp0MTlGUnhERDJCOElkeEJjaWk2dHhMZDZnSElheEtZT0ZWeS1mRk1UUHdGeXRGa1kyeUp4eTNfODlYRnpoYzRGdmhBcTVyMlhnRmQ0WGxmcjhQU1JBdmdKSE81MGhsMnd5bDNuZld4b3J2R2F5TQ?oc=5,Google News public RSS,news,2026-09-04,Pharma & Biopharma,Global,,,Agilent,,Market development,General sample introduction,0.62,0.65,0.45
An Optimized Lipid Nanoparticle for Tumor Suppressor Restoration and Immunotherapy for Oral Squamous Cell Carcinoma,"Summary Oral squamous cell carcinoma (OSCC) represents 90% of all head and neck cancers. Despite decades of research, the 5-year survival rate is 50%, and strikingly, the overall incidence rate is projected to increase by 30% in the next te",https://reporter.nih.gov/project-details/1K99DE034831-01A1,NIH RePORTER,grant,2026-09-04,Clinical & Life Science,PA,UNIVERSITY OF PENNSYLVANIA,,,,Funding,ICP-TOF / mass cytometry,0.88,0.55,0.67
Endogenous Lithium Status in Major Depression: A Retrospective Analysis of EDTA Blood Samples,Eur Psychiatry,,Europe PMC,journal,2026-09-04,Battery & Critical Minerals,Global,,,,,Research activity,General sample introduction,0.88,0.8,0.26
Harnessing Cuproptosis Against Chemoresistant Ovarian Cancer,"ABSTRACT High-grade serous ovarian cancer (HGSOC) remains the deadliest gynecologic malignancy, with most patients relapsing after initial response to platinum-based chemotherapy. Recurrent disease is almost uniformly drug­resistant, reflec",https://reporter.nih.gov/project-details/1R21CA317274-01,NIH RePORTER,grant,2026-09-03,Pharma & Biopharma,MA,BETH ISRAEL DEACONESS MEDICAL CENTER,,,,Funding,Interface cones,0.88,0.55,0.67
Laser-ablation ICP-MS remains active in geochronology and materials research,Recent methods and applications preserve demand for robust laser-ablation transfer and interface components.,https://search.crossref.org/?q=laser%20ablation%20ICP-MS,Crossref public index,journal,2026-09-03,Research & Academia,Global,,,,,Research activity,Laser ablation interfaces,0.88,0.84,0.28
Macrophages in Intraocular Pressure Homeostasis and Glaucoma,"ABSTRACT Intraocular pressure (IOP), the primary risk factor for glaucoma, is typically tightly regulated in healthy eyes by the conventional outflow tract. However, approximately 10% of individuals develop ocular hypertension which places ",https://reporter.nih.gov/project-details/1R01EY039250-01,NIH RePORTER,grant,2026-09-03,Clinical & Life Science,NC,DUKE UNIVERSITY,,,,Funding,ICP-TOF / mass cytometry,0.88,0.55,0.67
"Dissolution Behavior of Mineral Elements in Dahongpao Tea, Its Association with Flavor Quality, and Potential Contribution of Infusions to Dietary Reference Intakes.",Foods,https://europepmc.org/article/MED/42737363,Europe PMC,journal,2026-09-02,Semiconductor & High Purity,Global,,,,,Research activity,General sample introduction,0.88,0.8,0.26
Doing more with less: how modern ICP-MS is helping labs to navigate the productivity squeeze - Labmate Online,Doing more with less: how modern ICP-MS is helping labs to navigate the productivity squeeze Labmate Online,https://news.google.com/rss/articles/CBMinwJBVV95cUxPYnBIT2lfRGZibVVVUkpQeGlVWlc5R0dvVkIwb2ZXcXpoVlBOQUJZNVBfOHhIOTlKT1cwWGpsdE5EVVZ0TEtkQjhRaGh0QUoxLWpvS2puWkQzQ3BpZm1JWXRWU2x4amczNGxLc0NXREZ6clkwTnBnd2M0X1dIdnJpSUpsM3R3Z0k0dnN2azVyU3hVd3RxMjdYaXdLVHZ3LTFYb3l2ODUycGZQZk8wOGJxY1RMSS0zV21ucVRVTVp0TURMN0NuZXJDWmZwNFhHVkxEcExqckNSU1hCZnpqVE9UNGtIeEZyME0tZUZxb2RpYndQMGRmRjkyaVE4cUlKczN4bTZpQWptV3RLdGVQdGdSQXBzNDBrNmNMUEN1a0lmZw?oc=5,Google News public RSS,news,2026-09-02,General ICP-MS,Global,,,,,Research activity,General sample introduction,0.62,0.65,0.32
Mineralogical and geochemical provenance reference for turquoise from the Teghout Cu-Mo deposit in Armenia.,Sci Rep,https://europepmc.org/article/MED/42686795,Europe PMC,journal,2026-09-02,Research & Academia,Global,,,,,Research activity,Laser ablation interfaces,0.88,0.8,0.26
A Subcellular Keap1-Nrf2 Disruption Strategy for Atopic Dermatitis Therapy.,J Med Chem,https://europepmc.org/article/MED/42720490,Europe PMC,journal,2026-09-01,Clinical & Life Science,Global,,,,,Research activity,ICP-TOF / mass cytometry,0.88,0.8,0.26
"Anti-PD1 driven tissue pathogenesis, towards preventing and treating irAE toxicity during cancer therapy","Project Summary Immunotherapy, the new fourth arm of cancer care is routinely used alongside surgery, radiation, and chemotherapy. Immunotherapy has transformed patient outcomes for melanoma skin cancer and is being tested in 29 other cance",https://reporter.nih.gov/project-details/1R01CA316570-01,NIH RePORTER,grant,2026-09-01,Clinical & Life Science,NY,WEILL MEDICAL COLL OF CORNELL UNIV,,,,Funding,ICP-TOF / mass cytometry,0.88,0.55,0.67
Defining host and Clostridioides difficile responses to metal and oxidative stress during inflammation.,"PROJECT SUMMARY/ABSTRACT All domains of life require nutrient metals, such as manganese, for fundamental life processes, therefore immune-dependent metal depletion can prevent the growth of microbial pathogens in a process called nutritiona",https://reporter.nih.gov/project-details/1F31AI200285-01,NIH RePORTER,grant,2026-09-01,Food & Agriculture,TN,VANDERBILT UNIVERSITY,,,,Funding,Interface cones,0.88,0.55,0.67
"Development of EDI-239382, a novel IRAK4 inhibitor to control inflammation driven metastasis, immune dysfunction and chemoresistance niche in ovarian tumors.","ABSTRACT Epithelial ovarian cancer (EOC) is an aggressive and life-threatening gynecologic malignancy. Despite decades of research, the 5-year survival rate for EOC patients remains dismally poor, with current therapies reaching a plateau. ",https://reporter.nih.gov/project-details/1R43CA309899-01,NIH RePORTER,grant,2026-09-01,Clinical & Life Science,NY,EDI THERAPEUTICS LLC,,,,Funding,ICP-TOF / mass cytometry,0.88,0.55,0.67
Dissolution-redeposition dynamics as a universal restructuring mechanism of electrocatalysts.,Chem Circ,https://europepmc.org/article/MED/42724801,Europe PMC,journal,2026-09-01,Battery & Critical Minerals,Global,,,,,Research activity,General sample introduction,0.88,0.8,0.26
Foam cell formation at the host-pathogen interface in tuberculosis and cryptococcosis,"Summary. Foam cells are lipid-laden macrophages that are associated with chronic inflammation in metabolic, infectious, and autoimmune diseases, plus with some cancers. Our previous work generated a shift from the atherogenesis paradigm in ",https://reporter.nih.gov/project-details/1R21AI194657-01A1,NIH RePORTER,grant,2026-09-01,Clinical & Life Science,NJ,RUTGERS BIOMEDICAL AND HEALTH SCIENCES,,,,Funding,Interface cones,0.88,0.55,0.67
Host and bacterial factors mediate adverse pregnancy outcomes during perinatal listeriosis,"ABSTRACT Specialized pathogens that colonize gestational tissues during pregnancy are a major cause of morbidity and mortality. While these pathogens can induce devastating adverse pregnancy outcomes (APO) including spontaneous miscarriage,",https://reporter.nih.gov/project-details/1F32AI203393-01,NIH RePORTER,grant,2026-09-01,Clinical & Life Science,WI,UNIVERSITY OF WISCONSIN-MADISON,,,,Funding,Torches & injectors,0.88,0.55,0.67
Induction of acquired fetal tolerance through an EPO-dependent pathway,Project Summary Acquired tolerance plays a central role across a broad spectrum of human biology spanning organ transplantation and pregnancy. The work proposed here draws inspiration from our work examining EpoR signaling in conventional t,https://reporter.nih.gov/project-details/1R01AI201522-01,NIH RePORTER,grant,2026-09-01,Clinical & Life Science,CA,STANFORD UNIVERSITY,,,,Funding,Interface cones,0.88,0.55,0.67
Investigating PI3K Signaling in Metabolite-Mediated Immunosuppression in Ovarian Cancer,"PROJECT SUMMARY High-grade serous ovarian cancer (HGSOC) is the leading subtype of ovarian cancer and accounts for the majority of disease-related mortality. These poor clinical outcomes are attributed to late-stage diagnosis, frequent recu",https://reporter.nih.gov/project-details/1F30CA318410-01,NIH RePORTER,grant,2026-09-01,Clinical & Life Science,NY,ROSWELL PARK CANCER INSTITUTE CORP,,,,Funding,ICP-TOF / mass cytometry,0.88,0.55,0.67
Local Neoadjuvant Immunotherapy to Reduce Recurrence in Resectable Oral Cancers,Project Summary/Abstract The objective of this project is to develop a sustained-release MultiDomain Peptide (MDP) hydrogel formulation of an iNOS inhibitor L-NIL and the STING-agonist CDN to be used in combination with an immune checkpoint,https://reporter.nih.gov/project-details/1R43CA302284-01A1,NIH RePORTER,grant,2026-09-01,Clinical & Life Science,TX,TIBURON BIO INC.,,,,Funding,ICP-TOF / mass cytometry,0.88,0.55,0.67
Mechanisms of Metal Receptors Controlling Inorganic Phenotypes,PROJECT SUMMARY There is a growing need in the biomedical research community to understand the fundamental roles and mechanisms that regulate inorganic chemistry involved in cellular physiology. While many of the d-block metals have been la,https://reporter.nih.gov/project-details/1R35GM163921-01,NIH RePORTER,grant,2026-09-01,Environmental & Water,MI,HENRY FORD HEALTH + MICHIGAN STATE UNIVERSITY HEALTH SCIENCES,,,,Funding,Autosampler & tubing,0.88,0.55,0.67
Metabolic perturbations induced by cancer-derived large oncosomes in the tumor microenvironment,"Extracellular vesicles (EVs) are membrane-bound particles that mediate intercellular communication by transferring bioactive molecules. While exosomes (Exo) have been the main focus of EV research, recent studies, including ours, highlight ",https://reporter.nih.gov/project-details/1R21CA313517-01,NIH RePORTER,grant,2026-09-01,Clinical & Life Science,CA,CEDARS-SINAI MEDICAL CENTER,,,,Funding,Nebulizers,0.88,0.55,0.67
Metal Ions in Longgu (Fossilized Bone) as a Natural Synergistic Network for Multi-Target Therapy in Psychiatric Disorders.,Chem Biodivers,https://europepmc.org/article/MED/42695497,Europe PMC,journal,2026-09-01,Research & Academia,Global,,,,,Research activity,Laser ablation interfaces,0.88,0.8,0.26
Multi-Omic Mass Spectrometry Imaging of Inflammatory Disease Biomarkers,"Project Summary The molecular classes of prostaglandins, proteins, and metals are interconnected in biological system, driving fundamental biological processes like inflammation, cell signaling, and disease development. Our understanding of",https://reporter.nih.gov/project-details/1K99GM166955-01,NIH RePORTER,grant,2026-09-01,Research & Academia,MD,JOHNS HOPKINS UNIVERSITY,,,,Funding,Torches & injectors,0.88,0.82,0.67
Multiple Organ Dysfunction Syndrome in Children with Severe Malaria,"Malaria is increasingly relevant to United States public health with approximately 2,000 cases diagnosed annually among travelers, humanitarian workers, and military personnel returning from endemic regions. Worldwide, malaria remains one o",https://reporter.nih.gov/project-details/1K23AI202745-01,NIH RePORTER,grant,2026-09-01,Clinical & Life Science,OH,RESEARCH INST NATIONWIDE CHILDREN'S HOSP,,,,Funding,Interface cones,0.88,0.55,0.67
Pharmacology and Immunopathology,"ABSTRACT The Pharmacology and Immunopathology Shared Resource Core will support the Projects and the Clinical Core of the Tri-I TBRU Consortium by providing: (i) standardized high-dimensional immunophenotyping of mouse and human samples, in",https://reporter.nih.gov/project-details/2P01AI202868-06,NIH RePORTER,grant,2026-09-01,Clinical & Life Science,NY,WEILL MEDICAL COLL OF CORNELL UNIV,,,,Funding,Torches & injectors,0.88,0.55,0.67
Radiation-Triggered Chemokine-Secreting Probiotics for Boron Neutron Capture Therapy Based Radioimmunotherapy.,Adv Sci (Weinh),https://europepmc.org/article/MED/42681801,Europe PMC,journal,2026-09-01,Clinical & Life Science,Global,,,,,Research activity,ICP-TOF / mass cytometry,0.88,0.8,0.26
Regulation of Selenium Metabolism and Selenoprotein Synthesis,"PROJECT SUMMARY Selenium is an essential micronutrient that functions through its incorporation into selenoproteins, a unique family of proteins containing the amino acid selenocysteine (Sec). These proteins maintain redox balance, detoxify",https://reporter.nih.gov/project-details/1R35GM165628-01,NIH RePORTER,grant,2026-09-01,Environmental & Water,FL,H. LEE MOFFITT CANCER CTR & RES INST,,,,Funding,Nebulizers,0.88,0.82,0.67
Regulation of liver regeneration by hepatocyte-derived extracellular vesicles,"Abstract Text The liver exhibits a remarkable regenerative capacity following injury, a process predominantly mediated by hepatocyte proliferation. While cytokines and growth factors are known to play key roles in initiating and sustaining ",https://reporter.nih.gov/project-details/1R01DK142985-01A1,NIH RePORTER,grant,2026-09-01,Clinical & Life Science,VA,VIRGINIA COMMONWEALTH UNIVERSITY,,,,Funding,ICP-TOF / mass cytometry,0.88,0.55,0.67
Regulation of type I interferon signaling by A20 (TNFAIP3) in autoimmune and autoinflammatory disease,"ABSTRACT Mutations in the gene TNFAIP3, which encodes the ubiquitin-editing enzyme A20, underlie a spectrum of inflammatory diseases. For example, genome-wide association studies revealed that single nucleotide polymorphisms in TNFAIP3 conf",https://reporter.nih.gov/project-details/1F30AI200161-01,NIH RePORTER,grant,2026-09-01,Clinical & Life Science,PA,UNIVERSITY OF PITTSBURGH AT PITTSBURGH,,,,Funding,ICP-TOF / mass cytometry,0.88,0.55,0.67
Resolution Phase Neutrophils After Tissue Injury,Abstract Acute Respiratory Distress Syndrome (ARDS) is a leading cause of respiratory failure with excess morbidity and mortality. There is an urgent and unmet clinical need to better understand the immunological events in ARDS to inform mu,https://reporter.nih.gov/project-details/1R01HL184333-01A1,NIH RePORTER,grant,2026-09-01,Clinical & Life Science,MO,WASHINGTON UNIVERSITY,,,,Funding,ICP-TOF / mass cytometry,0.88,0.55,0.67
Role of CASP8 and HRAS co-mutation in oral epithelium malignant transformation,"PROJECT SUMMARY/ABSTRACT Smoking-associated, HPV-negative oral squamous cell carcinoma (OSCC) is highly aggressive, with a five-year survival rate below 50% for advanced-stage patients. HRAS and CASP8 mutations frequently co-occur in OSCC, ",https://reporter.nih.gov/project-details/1R03DE035544-01A1,NIH RePORTER,grant,2026-09-01,Clinical & Life Science,NY,STATE UNIVERSITY OF NEW YORK AT BUFFALO,,,,Funding,ICP-TOF / mass cytometry,0.88,0.55,0.67
"Source‐Independent Enrichment of Light Lanthanides: Microbial Mobilization, Selective Uptake, and Intracellular Storage",Environ Microbiol,,Europe PMC,journal,2026-09-01,Battery & Critical Minerals,Global,,,,,Research activity,Nebulizers,0.88,0.8,0.26
Synthetic biology core for vector construction and strain optimization,"SUMMARY – Core 1 The goal of this core is to develop optimized therapeutic bacterial strains for anti-tumor immunity, tumor colonization, and payload delivery for targeted tumor treatment for the three projects in this program. Recent advan",https://reporter.nih.gov/project-details/1P01CA300738-01A1,NIH RePORTER,grant,2026-09-01,Pharma & Biopharma,MA,UNIVERSITY OF MASSACHUSETTS AMHERST,,,,Funding,ICP-TOF / mass cytometry,0.88,0.55,0.67
Targeting PD-1-Expressing Tumor-Associated Macrophages To Overcome Immunoresistant Lung Adenocarcinoma,"PROJECT SUMMARY / ABSTRACT Lung cancer is the leading cause of cancer-related deaths in the United States, with lung adenocarcinoma (LUAD) as the most common subtype of non-small cell lung cancer (NSCLC). A major challenge in LUAD treatment",https://reporter.nih.gov/project-details/1R01CA308295-01,NIH RePORTER,grant,2026-09-01,Clinical & Life Science,TX,BAYLOR COLLEGE OF MEDICINE,,,,Funding,ICP-TOF / mass cytometry,0.88,0.55,0.67
The molecular and structural basis of glycoRNA-receptor interaction,"Project Summary RNA has long been confined to the nucleus and cytoplasm, while glycosylation occurs primarily within the endoplasmic reticulum and Golgi apparatus. This spatial separation led to the long-standing assumption that RNA could n",https://reporter.nih.gov/project-details/1K99GM166994-01,NIH RePORTER,grant,2026-09-01,Clinical & Life Science,CT,YALE UNIVERSITY,,,,Funding,ICP-TOF / mass cytometry,0.88,0.55,0.67
Trace metals in environmental media and their association with liver disease,"PROJECT ABSTRACT Chronic liver disease (CLD) is a massive threat to public health. CLD is a complex disease spectrum that includes hepatic steatosis and fibrosis, the end stage of which is cirrhosis. Progression from cirrhosis to hepatocell",https://reporter.nih.gov/project-details/1R21ES039078-01,NIH RePORTER,grant,2026-09-01,Environmental & Water,NC,NORTH CAROLINA STATE UNIVERSITY RALEIGH,,,,Funding,Torches & injectors,0.88,0.55,0.67
Unlocking early pancreatic cancer detection through zinc sensitive metabolic MRI,PROJECT SUMMARY/ABSTRACT This proposal will develop a non-invasive molecular magnetic resonance imaging (MRI) biomarker to detect pancreatic ductal adenocarcinoma (PDAC) by imaging dysregulated pancreatic zinc secretion. PDAC is the most co,https://reporter.nih.gov/project-details/1R01CA316385-01,NIH RePORTER,grant,2026-09-01,Clinical & Life Science,MA,MASSACHUSETTS GENERAL HOSPITAL,,,,Funding,Interface cones,0.88,0.82,0.67
Elemental profiling of processed foods using ICP-MS and chemometric evaluation of elemental patterns,,https://doi.org/10.1016/j.foodchem.2026.150087,Elsevier BV,journal,2026-09,Pharma & Biopharma,Global,,,,,Research activity,General sample introduction,0.88,0.78,0.28
Dual metabolic checkpoint blockade via a 3D-Printed metalloplatform remodels the tumor ecosystem for systemic antitumor immunity.,Bioact Mater,https://europepmc.org/article/MED/42724565,Europe PMC,journal,2026-08-31,Clinical & Life Science,Global,,,,,Research activity,ICP-TOF / mass cytometry,0.88,0.8,0.26
Impurities Determination in High-purity Cerium Oxide by Aerosol Dilution ICP-MS After Solvent Extraction Separation,,https://doi.org/10.46770/as.2026.037,Atomic Spectroscopy Press Limited,journal,2026-08-31,Environmental & Water,Global,,,,,Research activity,Nebulizers,0.88,0.78,0.28
"Laboratory Modernization Strengthens QPS Holdings, LLC’s Long-Term Commitment to Elemental Bioanalysis - Via TT","Laboratory Modernization Strengthens QPS Holdings, LLC’s Long-Term Commitment to Elemental Bioanalysis Via TT",https://news.google.com/rss/articles/CBMi_gFBVV95cUxQQXdTY1FYQ01vQk1HVWlxSGVRVWRzNVhQSHFBRV81dlZDM3IzMUxmUHZnLXdybkZnM0FvN2xYV0VKSzEwNUpqU3ZOYkUzeDR3TEN6SVRSMURiQTFiMFpkeFFqVEtDY2RYREo3VlpxbTNSTnhUcC1uVC1rR2s5VWVTNEIwYjNkQ3g4YnZEcEp5SFN1TXgtdzB4QWlRUEY4Q1N5UmpNVGpLYmQxY2Vlcjc1bkhXZUpCenByOUlkWjQ5MjBmZTNLRmtKbkE2Zjlkb0ZxWWxOMktNcXdiWXdBM2diTFJyVUZFZEUwbWZyYzZVU2RhT3VCcXpoYlkzaVVNZw?oc=5,Google News public RSS,news,2026-08-31,General ICP-MS,Global,,,,,Research activity,General sample introduction,0.62,0.65,0.32
Iron release dynamics in Indo-Gangetic alluvial soils under variable moisture conditions: Insights from multi-model kinetic and geochemical speciation analysis.,PLoS One,https://europepmc.org/article/MED/42664237,Europe PMC,journal,2026-08-28,Battery & Critical Minerals,Global,,,,,Research activity,General sample introduction,0.88,0.8,0.26
Evaluation of Arsenic (As) Removal from Synthetic Drinking Water Using Under-Sink Filters by ICP-MS,"Arsenic (As) in drinking water is known to cause serious health issues, and point-of-use under-sink filtration systems are commonly used to mitigate arsenic exposure at the domestic level. The arsenic removal performance of a commercially a",https://doi.org/10.18596/jotcsa.1897009,The Turkish Chemical Society,journal,2026-08-26,Environmental & Water,Global,Yıldız Technical University,,,,Research activity,Interface cones,0.88,0.78,0.28
Optimization of Cytokinesis-Block Micronucleus Assay for Clastogenic Risk Assessment of Silver-Containing Nanomaterials.,Nanomaterials (Basel),https://europepmc.org/article/MED/42726539,Europe PMC,journal,2026-08-26,Semiconductor & High Purity,Global,,,,,Research activity,General sample introduction,0.88,0.8,0.26
Study on Process Optimization and Mechanism of Quartz Sand Acid Leaching and Purification.,Materials (Basel),https://europepmc.org/article/MED/42738042,Europe PMC,journal,2026-08-25,Semiconductor & High Purity,Global,,,,,Research activity,General sample introduction,0.88,0.8,0.26
Mass-cytometry research sustains specialist ICP-TOF consumable demand,Continued clinical and single-cell research creates a specialist market for ICP-TOF and mass-cytometry sample-interface components.,https://pubmed.ncbi.nlm.nih.gov/?term=mass+cytometry,PubMed research index,journal,2026-08-24,Clinical & Life Science,Global,,,,,Research activity,ICP-TOF / mass cytometry,0.88,0.8,0.3
"Assessment of heavy metals and naturally occurring radioactive materials (NORM) from historical mine wastelands: a case study of Brakpan, South Africa.",Environ Monit Assess,https://europepmc.org/article/MED/42625077,Europe PMC,journal,2026-08-21,Environmental & Water,Global,,,,,Research activity,General sample introduction,0.88,0.8,0.26
Latent Fingermark Development Using CVD-Synthesized Two-Dimensional GaS x Te 1- x Alloy Nanosheets.,Molecules,https://europepmc.org/article/MED/42653992,Europe PMC,journal,2026-08-20,Semiconductor & High Purity,Global,,,,,Research activity,General sample introduction,0.88,0.8,0.26
Mechanically Robust Dicing-Free Thermoelectric Module Fabrication Using Anion-Cation co-Doped Bismuth Tellurides.,Small,https://europepmc.org/article/MED/42622341,Europe PMC,journal,2026-08-20,Semiconductor & High Purity,Global,,,,,Research activity,General sample introduction,0.88,0.8,0.26
"From ""Undetectable"" to ""Sensitive Detection"": Advances in Derivatization Techniques for LC-MS Analysis of Genotoxic Impurities.",Molecules,https://europepmc.org/article/MED/42653970,Europe PMC,journal,2026-08-19,Pharma & Biopharma,Global,,,,,Research activity,General sample introduction,0.88,0.8,0.26
Lattice engineering of thermally evaporated perovskite enables monolithically integrated micro-display.,Sci Adv,https://europepmc.org/article/MED/42616871,Europe PMC,journal,2026-08-19,Semiconductor & High Purity,Global,,,,,Research activity,General sample introduction,0.88,0.8,0.26
Initial Performance Evaluation of an Ultraviolet 157 nm Laser Ablation System for ICP–MS Analysis,"Abstract Laser wavelength largely governs analytical accuracy in laser ablation microanalysis. Most routine laser ablation systems rely on 193 nm excimer lasers, while the considerably shorter 157 nm wavelength has only been applied sparing",https://doi.org/10.1021/acs.analchem.6c03922,American Chemical Society (ACS),journal,2026-08-17,Environmental & Water,Global,"Northwest University , , ,",,,,Research activity,Laser ablation interfaces,0.88,0.78,0.28
"Titanium Degradation Products from Dental Implants: Mechanisms of Release, Biodistribution, and Analytical Detection in Biological Matrices.",Int J Mol Sci,https://europepmc.org/article/MED/42653350,Europe PMC,journal,2026-08-17,Clinical & Life Science,Global,,,,,Research activity,ICP-TOF / mass cytometry,0.88,0.8,0.26
Beyond the Status Quo: Particulate Matter Standards in Oral Dosage Forms.,J Xenobiot,https://europepmc.org/article/MED/42646065,Europe PMC,journal,2026-08-15,Environmental & Water,Global,,,,,Research activity,General sample introduction,0.88,0.8,0.26
"Genesis of the Giant Aynak Copper Deposit, Afghanistan: Constraints from Sulphide Geochemistry (ICP-MS) and Fluid Inclusions","Located 30 km south–southeast of Kabul in Logar province, Aynak is the largest and best-known copper orebody in Afghanistan. The deposit is hosted by the Loy Khwar Formation, a Neoproterozoic–Cambrian metasedimentary sequence of dolomite ma",https://doi.org/10.3390/min16080844,MDPI AG,journal,2026-08-15,Battery & Critical Minerals,Global,"Department of Earth Sciences, Durham University, Durham DH1 3LE, UK",,,,Research activity,General sample introduction,0.88,0.78,0.28
ScaleBarOn and Muad'Data: simple Python tools for elemental imaging data visualization and comparative scaling.,J Anal At Spectrom,https://europepmc.org/article/MED/42657225,Europe PMC,journal,2026-08-15,Battery & Critical Minerals,Global,,,,,Research activity,General sample introduction,0.88,0.8,0.26
Toxins in Tandem: Defining Dose-Response and Renal Functional Impairment from Micro- and Nano-Plastic and Arsenic Co-Exposure,"Summary Statement/Abstract Micro- and nano-plastics (MNPs) are detected in human blood, urine, and kidney tissue, establishing that MNPs are systemically absorbed and reach filtration organs. Arsenic (As), a widespread metalloid contaminant",https://reporter.nih.gov/project-details/1R03ES037408-01A1,NIH RePORTER,grant,2026-08-15,Clinical & Life Science,NM,UNIVERSITY OF NEW MEXICO HEALTH SCIS CTR,,,,Funding,Torches & injectors,0.88,0.55,0.67
"Deciphering the Source and Formation Mechanism of Immature Crude Oils in the Paleocene Linhe Formation, Hetao Basin.",ACS Omega,https://europepmc.org/article/MED/42662773,Europe PMC,journal,2026-08-14,Battery & Critical Minerals,Global,,,,,Research activity,General sample introduction,0.88,0.8,0.26
Engineering Cobalt Bis(dicarbollide)-Loaded Polymeric Nanocarriers: From Controlled Fabrication to Drug Delivery for BNCT.,J Funct Biomater,https://europepmc.org/article/MED/42646206,Europe PMC,journal,2026-08-14,Clinical & Life Science,Global,,,,,Research activity,ICP-TOF / mass cytometry,0.88,0.8,0.26
Trace-level ruthenium incorporated with transition metal components enabled the development of high-efficiency Li-CO 2 batteries.,Chem Sci,https://europepmc.org/article/MED/42626418,Europe PMC,journal,2026-08-14,Battery & Critical Minerals,Global,,,,,Research activity,General sample introduction,0.88,0.8,0.26
"Advancing Lead Exposure Studies in Remote Settings: Method Development and Application of Lead Stable Isotope Analysis in Dried Blood Spots from Suriname, South America.",Toxics,https://europepmc.org/article/MED/42646997,Europe PMC,journal,2026-08-13,Environmental & Water,Global,,,,,Research activity,General sample introduction,0.88,0.8,0.26
Optimization of electrode material and geometry to enhance TTFields-like anticancer effects in MCF-7 breast cancer cells.,Sci Rep,https://europepmc.org/article/MED/42595870,Europe PMC,journal,2026-08-13,Clinical & Life Science,Global,,,,,Research activity,ICP-TOF / mass cytometry,0.88,0.8,0.26
Preconception and early pregnancy exposure to environmentally and biologically persistent chemicals: Impacts on establishing a healthy pregnancy,"ABSTRACT Among couples seeking to grow their family, approximately 12-15% will experience infertility and, of those who become pregnant, 25% will be affected by pregnancy loss. Preconception exposure to endocrine-disrupting chemicals, inclu",https://reporter.nih.gov/project-details/1R01ES038845-01,NIH RePORTER,grant,2026-08-13,Environmental & Water,MA,UNIVERSITY OF MASSACHUSETTS AMHERST,,,,Funding,General sample introduction,0.88,0.55,0.67
Childhood Lead Exposure in Primary Health Care Settings in Indonesia: A Cross-Sectional Study in Bogor City and Bogor Regency.,Int J Environ Res Public Health,https://europepmc.org/article/MED/42652361,Europe PMC,journal,2026-08-12,Battery & Critical Minerals,Global,,,,,Research activity,General sample introduction,0.88,0.8,0.26
Engineered probiotics block arsenite absorption in the gastrointestinal tract.,Trends Biotechnol,https://europepmc.org/article/MED/42580936,Europe PMC,journal,2026-08-11,Clinical & Life Science,Global,,,,,Research activity,ICP-TOF / mass cytometry,0.88,0.8,0.26
ICP–MS Elemental Profiling as a Diagnostic Tool for Follicular Thyroid Carcinoma,"Abstract The differential diagnosis of follicular thyroid carcinoma and benign follicular lesions remains one of the greatest challenges in contemporary thyroid cytopathology. Currently, the diagnosis of follicular thyroid carcinoma is esta",https://doi.org/10.21203/rs.3.rs-10611141/v1,Springer Science and Business Media LLC,journal,2026-08-11,Pharma & Biopharma,Global,"Institute of Nuclear Physics, Polish Academy of Sciences",,,,Research activity,General sample introduction,0.88,0.78,0.28
"Multi-Elemental and Ionic Characterization of Metallurgical Matrices (Bauxite Residue) via Microwave-Assisted Closed-Vessel Digestion, ICP-MS, and Suppressed Ion Chromatography","Abstract The chemical characterization of highly alkaline bauxite residue (red mud) the primary industrial byproduct of the Bayer alumina process presents a severe analytical bottleneck due to its complex, refractory matrix comprising eleva",https://doi.org/10.21203/rs.3.rs-10610931/v1,Springer Science and Business Media LLC,journal,2026-08-11,Battery & Critical Minerals,Global,Utkal University,,,,Research activity,Torches & injectors,0.88,0.78,0.28
Direct and efficient Fischer-Tropsch synthesis on a defect-engineered cobalt-incorporated zirconium metal-organic framework.,RSC Adv,https://europepmc.org/article/MED/42577793,Europe PMC,journal,2026-08-10,Battery & Critical Minerals,Global,,,,,Research activity,General sample introduction,0.88,0.8,0.26
"Inhalation Bioaccessibility, Pollution Assessment, and Speciation of Heavy Metals in PM 2.5RD Road Dust from Urban and Semi-Urban Areas of Pakistan.",Toxics,https://europepmc.org/article/MED/42646986,Europe PMC,journal,2026-08-10,Battery & Critical Minerals,Global,,,,,Research activity,General sample introduction,0.88,0.8,0.26
Fast Neutron-Induced Enhancement of the I8 Exciton Emission in ZnO Bulk Single Crystals.,Nanomaterials (Basel),https://europepmc.org/article/MED/42646388,Europe PMC,journal,2026-08-09,Semiconductor & High Purity,Global,,,,,Research activity,General sample introduction,0.88,0.8,0.26
"Quinoxalinone-based, endoplasmic reticulum-targeting photosensitizer nanoparticles for tumor photodynamic therapy.",Bioeng Transl Med,https://europepmc.org/article/MED/42577522,Europe PMC,journal,2026-08-09,Clinical & Life Science,Global,,,,,Research activity,ICP-TOF / mass cytometry,0.88,0.8,0.26
Development and Validation of an ICP-MS Method using Ammonium Fluoride to Replace Hydrofluoric Acid for Analysis of Cosmetic Ingredients.,J AOAC Int,https://europepmc.org/article/MED/42569923,Europe PMC,journal,2026-08-08,Pharma & Biopharma,Global,,,,,Research activity,General sample introduction,0.88,0.8,0.26
Visible-Spectrum Proxy and Texture Features Coupled with Optimized Regression for Predicting Key Minerals in Chinese Wolfberry.,Foods,https://europepmc.org/article/MED/42650481,Europe PMC,journal,2026-08-08,Pharma & Biopharma,Global,,,,,Research activity,General sample introduction,0.88,0.8,0.26
Beyond Total Content: Assessing the Bioaccessibility of Metals in Tattoo Inks Using Validated Extraction Media.,Anal Sci Adv,https://europepmc.org/article/MED/42571162,Europe PMC,journal,2026-08-07,Pharma & Biopharma,Global,,,,,Research activity,General sample introduction,0.88,0.8,0.26
Quantitative Investigation of the Fate and Behavior of Antimony Micro/Nanoparticles in Simulated Body Fluids.,Nanomaterials (Basel),https://europepmc.org/article/MED/42646384,Europe PMC,journal,2026-08-07,Environmental & Water,Global,,,,,Research activity,General sample introduction,0.88,0.8,0.26
Bioleaching of olivine and enstatite with formation of Mg-oxalate mediated by engineered Gluconobacter oxydans.,Sci Rep,https://europepmc.org/article/MED/42595772,Europe PMC,journal,2026-08-05,Battery & Critical Minerals,Global,,,,,Research activity,General sample introduction,0.88,0.8,0.26
Evaluation of Ion Chromatography Methods for Bromate Determination in Wastewaters.,J Chromatogr A,https://europepmc.org/article/MED/42570618,Europe PMC,journal,2026-08-05,Environmental & Water,Global,,,,,Research activity,General sample introduction,0.88,0.8,0.26
Expansion of critical-minerals processing increases complex-matrix testing,"Public investment in critical-minerals extraction, refining and recycling supports additional elemental-analysis capacity.",https://www.industry.gov.au/mining-oil-and-gas/minerals/critical-minerals,Australian Government,government,2026-08-04,Battery & Critical Minerals,Australia,,,,,Funding,Nebulizers,0.92,0.82,0.58
Laser-Induced Breakdown Spectroscopy and Chemometrics of Diffuser Alloys for Tritium Production and Byproduct Purification.,ACS Meas Sci Au,https://europepmc.org/article/MED/42631155,Europe PMC,journal,2026-08-04,Pharma & Biopharma,Global,,,,,Research activity,General sample introduction,0.88,0.8,0.26
"Caste-specific nutritional signatures: Comparative physicochemical characterization of royal, worker, and drone jelly and larvae across developmental stages in Apis mellifera L.",Vet Res Commun,https://europepmc.org/article/MED/42545554,Europe PMC,journal,2026-08-03,Battery & Critical Minerals,Global,,,,,Research activity,General sample introduction,0.88,0.8,0.26
Nanotoxicity of Ultrasmall Silver Nanoclusters to Cyanobacteria.,Toxics,https://europepmc.org/article/MED/42646966,Europe PMC,journal,2026-08-03,Semiconductor & High Purity,Global,,,,,Research activity,General sample introduction,0.88,0.8,0.26
Dietary and Environmental Exposure to Toxic Elements in Endometriosis: A Missing Piece of the Etiological Puzzle?,Nutrients,https://europepmc.org/article/MED/42588112,Europe PMC,journal,2026-08-02,Environmental & Water,Global,,,,,Research activity,General sample introduction,0.88,0.8,0.26
Chronic manganese exposure as an environmental risk factor for Alzheimer’s disease pathogenesis,"Project Summary/Abstract Alzheimer’s disease and related dementias (ADRD) arise from genetic predispositions combined with modifiable environmental risk factors. Among these, chronic exposure to neurotoxic metals, such as manganese (Mn), is",https://reporter.nih.gov/project-details/1F31AG102004-01,NIH RePORTER,grant,2026-08-01,Environmental & Water,TN,VANDERBILT UNIVERSITY,,,,Funding,Torches & injectors,0.88,0.55,0.67
Deferoxamine-B-Functionalized Silicon Nanowire Field-Effect Transistor Interfaces for Ultralow-Concentration Fe3+ Detection in Semiconductor Process Chemicals.,ACS Appl Mater Interfaces,https://europepmc.org/article/MED/42504480,Europe PMC,journal,2026-08-01,Semiconductor & High Purity,Global,,,,,Research activity,Interface cones,0.88,0.8,0.26
Development of a Flow-through Cell for Ultrasonic Extraction (UE)─Single Particle (SP)─ICP-MS─an Approach for Nano/Microparticle Elemental and Isotopic Analysis.,Anal Chem,https://europepmc.org/article/MED/42610915,Europe PMC,journal,2026-08-01,Battery & Critical Minerals,Global,,,,,Research activity,General sample introduction,0.88,0.8,0.26
Evaluating Extraction of Magnesium and Lithium Compounds from Seawater Using Byproducts of Demonstration-Scale Bipolar Membrane Electrodialysis.,ChemSusChem,https://europepmc.org/article/MED/42584025,Europe PMC,journal,2026-08-01,Battery & Critical Minerals,Global,,,,,Research activity,General sample introduction,0.88,0.8,0.26
Gold Plasmophores for Plasmon-Enhanced Photoelectrochemical Sensing Based on Metal Nanostructures.,J Phys Chem A,https://europepmc.org/article/MED/42503715,Europe PMC,journal,2026-08-01,Semiconductor & High Purity,Global,,,,,Research activity,General sample introduction,0.88,0.8,0.26
Integrating Flow Imaging Analysis and Single-Particle ICP-TOFMS for Comprehensive Micro- and Nanoplastic Characterization.,Anal Chem,https://europepmc.org/article/MED/42674046,Europe PMC,journal,2026-08-01,Clinical & Life Science,Global,,,,,Research activity,ICP-TOF / mass cytometry,0.88,0.8,0.26
MOF-Derived Semiconductor Materials for Wastewater-Driven Energy Production and Environmental Remediation.,Water Environ Res,https://europepmc.org/article/MED/42609115,Europe PMC,journal,2026-08-01,Environmental & Water,Global,,,,,Research activity,General sample introduction,0.88,0.8,0.26
Manganese-Doped Carbon Nanodots as Next-Generation MRI and Fluorescence Imaging Agents.,ACS Nano,https://europepmc.org/article/MED/42473920,Europe PMC,journal,2026-08-01,Clinical & Life Science,Global,,,,,Research activity,ICP-TOF / mass cytometry,0.88,0.8,0.26
Oxidizing EuAl2: A Precursor for the Synthesis of Di- and Trivalent Europium Oxides.,Inorg Chem,https://europepmc.org/article/MED/42606232,Europe PMC,journal,2026-08-01,Pharma & Biopharma,Global,,,,,Research activity,General sample introduction,0.88,0.8,0.26
Quantitative LA-ICP-MS Imaging of Elemental Distributions with Protein Correlation in 3D Tumor Models.,Anal Chem,https://europepmc.org/article/MED/42578862,Europe PMC,journal,2026-08-01,Clinical & Life Science,Global,,,,,Research activity,Laser ablation interfaces,0.88,0.8,0.26
Quantitative Single-Cell Multielemental Analysis Using Metal-Loaded Microparticles: toward a Universal Quantification Workflow in Mass Cytometry.,Anal Chem,https://europepmc.org/article/MED/42503649,Europe PMC,journal,2026-08-01,Clinical & Life Science,Global,,,,,Research activity,ICP-TOF / mass cytometry,0.88,0.8,0.26
"Association Between Heavy Metal Exposure and Autism Spectrum Disorders: Discrepancies, Research Gaps, and Future Priorities of Human Epidemiological Studies.",Geohealth,https://europepmc.org/article/MED/42540380,Europe PMC,journal,2026-07-31,Environmental & Water,Global,,,,,Research activity,General sample introduction,0.88,0.8,0.26
Effects of Environmental pH on White Hydra Feeding Response,,,Europe PMC,journal,2026-07-31,Battery & Critical Minerals,Global,,,,,Research activity,General sample introduction,0.88,0.8,0.26
Enhanced photocatalytic performance of LaFeO 3 /g-C 3 N 4 heterojunctions for the degradation of orange G dye under visible light.,RSC Adv,https://europepmc.org/article/MED/42539966,Europe PMC,journal,2026-07-31,Semiconductor & High Purity,Global,,,,,Research activity,General sample introduction,0.88,0.8,0.26
"ICP-MS Elemental Profiling and Antioxidant Characterization of Romanian Artisanal Pălincă-Based Beverages Enriched with Honey, Wild Fruits, and Wood Materials.",Molecules,https://europepmc.org/article/MED/42588522,Europe PMC,journal,2026-07-31,Battery & Critical Minerals,Global,,,,,Research activity,General sample introduction,0.88,0.8,0.26
Reduction-Driven Modulation of Relaxivity in Graphene Oxide Derivatives.,ACS Omega,https://europepmc.org/article/MED/42598396,Europe PMC,journal,2026-07-31,Pharma & Biopharma,Global,,,,,Research activity,General sample introduction,0.88,0.8,0.26
Microwave-assisted non-destructive recycling of cathode active materials and aluminium foil from spent lithium-ion batteries.,Waste Manag,https://europepmc.org/article/MED/42537260,Europe PMC,journal,2026-07-30,Battery & Critical Minerals,Global,,,,,Research activity,General sample introduction,0.88,0.8,0.26
Stepwise Anchoring of Atomically Dispersed Fe-Fe Diatomic Sites via a Prussian Blue Analogue Route for Advanced Oxygen Reduction in Zinc-Air Batteries.,Small,https://europepmc.org/article/MED/42529823,Europe PMC,journal,2026-07-30,Battery & Critical Minerals,Global,,,,,Research activity,General sample introduction,0.88,0.8,0.26
High efficiency gold extraction by 2D metallic 1T/1T' phase transition metal dichalcogenides.,Nat Commun,https://europepmc.org/article/MED/42660871,Europe PMC,journal,2026-07-29,Battery & Critical Minerals,Global,,,,,Research activity,High-efficiency introduction,0.88,0.8,0.26
Defect and interface engineering of visible-light-active semiconductor nanomaterials for sustainable photocatalytic pathogen inactivation.,Nanoscale Adv,https://europepmc.org/article/MED/42524080,Europe PMC,journal,2026-07-28,Semiconductor & High Purity,Global,,,,,Research activity,Interface cones,0.88,0.8,0.26
Dual-Ion Co-Storage via Solvation Structure Tuning Toward Ultrafast and Durable Zinc-Organic Batteries.,Nanomicro Lett,https://europepmc.org/article/MED/42518109,Europe PMC,journal,2026-07-28,Battery & Critical Minerals,Global,,,,,Research activity,General sample introduction,0.88,0.8,0.26
New insights into the Trans-Saharan gold trade in the Islamic Middle Ages revealed by multi-isotopic (Pb-Fe-Cu) and elemental characterization of Fatimid gold coins.,PLoS One,https://europepmc.org/article/MED/42520032,Europe PMC,journal,2026-07-28,Pharma & Biopharma,Global,,,,,Research activity,General sample introduction,0.88,0.8,0.26
A Multiple Enzyme-Mimetic Platinum-Ruthenium Nanohybrid Prodrug Potentiates Chemo-/Chemodynamic-/Immuno-Therapy of Hypoxic Tumors.,Adv Healthc Mater,https://europepmc.org/article/MED/42500932,Europe PMC,journal,2026-07-25,Clinical & Life Science,Global,,,,,Research activity,ICP-TOF / mass cytometry,0.88,0.8,0.26
"Forensic Comparison of Jewellery, Soil, and Sand Samples Using Elemental Profiling by Inductively Coupled Plasma Mass Spectrometry (ICP-MS)","Abstract Background Elemental analysis of metallic and geological materials is an important component of forensic investigations, since fragments of metals, alloys, ores, and metallurgical products may serve as physical evidence for establi",https://doi.org/10.21203/rs.3.rs-10432072/v1,Springer Science and Business Media LLC,journal,2026-07-24,Environmental & Water,Global,the Khadicha Sulaymonova Republican Center of Forensic Expertise,,Agilent,,Research activity,Torches & injectors,0.88,0.78,0.28
Rapid Determination of Sr-90 in Urine by MS/MS Mode with O2 as the Cell Gas on Triple Quadrupole Inductively Coupled Plasma Mass Spectrometry (ICP-MS/MS),"Abstract A high-throughput ICP-MS/MS method was developed and validated for rapid determination of Sr-90 in urine to support radiological emergency response. Using an Agilent 8900 ICP-MS/MS with O₂ collision/reaction gas, isobaric interfere",https://doi.org/10.21203/rs.3.rs-10395955/v1,Springer Science and Business Media LLC,journal,2026-07-23,Clinical & Life Science,Global,Centers for Disease Control and Prevention,,Agilent,,Research activity,Torches & injectors,0.88,0.78,0.28
Metal dependent regulation of sesquiterpene biosynthesis and redox signalling in Santalum album.,Biometals,https://europepmc.org/article/MED/42484987,Europe PMC,journal,2026-07-22,Research & Academia,Global,,,,,Research activity,Laser ablation interfaces,0.88,0.8,0.26
Representative Chemical Formulas of Cadmium Selenide Quantum Dots Determined with a Combination of Mass Spectrometry and Nuclear Magnetic Resonance.,Nanomaterials (Basel),https://europepmc.org/article/MED/42506528,Europe PMC,journal,2026-07-22,Semiconductor & High Purity,Global,,,,,Research activity,General sample introduction,0.88,0.8,0.26
Solvent-Anchored Electrolyte Enables Stable Operation of 600 Wh Kg -1 Lithium Metal Pouch Cells Under High-Voltage.,Adv Mater,https://europepmc.org/article/MED/42485508,Europe PMC,journal,2026-07-22,Battery & Critical Minerals,Global,,,,,Research activity,General sample introduction,0.88,0.8,0.26
Systemic Copper Chelation Reduces Collagen Deposition and Preserves Secretory Function in Irradiated Mouse Salivary Glands.,Adv Radiat Oncol,https://europepmc.org/article/MED/42668541,Europe PMC,journal,2026-07-22,Environmental & Water,Global,,,,,Research activity,General sample introduction,0.88,0.8,0.26
Commercial laboratories prioritize faster washout and unattended operation,"High-throughput laboratories continue to seek lower carryover, shorter washout and fewer probe or nebulizer blockages.",https://www.nist.gov/laboratories,Public laboratory trend seed,other,2026-07-20,Commercial Testing,Global,,,,,Operational pain,Spray chambers,0.55,0.9,0.66
Improved 140 Nd Production for the 140 Nd/ 140 Pr In Vivo Generator through Target Recycling and Radiochemical Optimization.,ACS Omega,https://europepmc.org/article/MED/42569058,Europe PMC,journal,2026-07-18,Battery & Critical Minerals,Global,,,,,Research activity,General sample introduction,0.88,0.8,0.26
Research on the Composition and Manufacturing Technology of the Single-Eared Octagonal Gold Cup Unearthed from the Turki Mountain Tomb in Inner Mongolia.,Materials (Basel),https://europepmc.org/article/MED/42513817,Europe PMC,journal,2026-07-17,Semiconductor & High Purity,Global,,,,,Research activity,General sample introduction,0.88,0.8,0.26
Assessment of Elemental Impurities and Associated Health Risks in Common Active Pharmaceutical Ingredients Using ICP-MS.,Biol Trace Elem Res,https://europepmc.org/article/MED/42461535,Europe PMC,journal,2026-07-16,Pharma & Biopharma,Global,,,,,Research activity,General sample introduction,0.88,0.8,0.26
Aberrant Mechano-Oxygen Coupling as a Driver of Zinc-Enriched Ectopic Mineralization in Osteoarthritis,"ABSTRACT Interfaces are nature’s engineering solutions for connecting tissues with distinct mechanical and chemical properties to maintain joint function. When exposed to aberrant mechanical loads, the finely tuned equilibrium between carti",https://reporter.nih.gov/project-details/1R56DE036307-01,NIH RePORTER,grant,2026-07-15,Clinical & Life Science,CA,"UNIVERSITY OF CALIFORNIA, SAN FRANCISCO",,,,Funding,Interface cones,0.88,0.55,0.67
Felsic hydrothermal deposit formation by chalcophile metal concentration through mafic recharge and fluid-mediated sulfide dissolution.,Sci Adv,https://europepmc.org/article/MED/42455946,Europe PMC,journal,2026-07-15,Battery & Critical Minerals,Global,,,,,Research activity,General sample introduction,0.88,0.8,0.26
Correction to “Rapid and Accurate Determination of 226Ra from Drinking Water Using Macropa-Mediated Cloud Point Extraction Coupled with ICP-MS/MS”,,https://doi.org/10.1021/acs.analchem.6c04397,American Chemical Society (ACS),journal,2026-07-13,Environmental & Water,Global,"Université Laval , , 1045, avenue de la Médecine, Pavillon Alexandre-Vachon , ,",,,,Research activity,General sample introduction,0.88,0.78,0.28
Deciphering the Significance of Lipoylation in Prostate Cancer Bone Metastasis to Develop Innovative Therapeutics,"Abstract Most patients with advanced Prostate cancer (PCa) often develop bone metastases (BoM), leading to bone pain, skeletal fracture, and increased mortality rates. The underlying pathophysiology of PCa-BoM is complex, primarily due to a",https://reporter.nih.gov/project-details/1R01CA311683-01,NIH RePORTER,grant,2026-07-13,Pharma & Biopharma,MS,UNIVERSITY OF MISSISSIPPI MED CTR,,,,Funding,General sample introduction,0.88,0.55,0.67
Liquid Metal Composites Enabled High-Safety Flexible Solid-State Aluminum Batteries.,Adv Mater,https://europepmc.org/article/MED/42438301,Europe PMC,journal,2026-07-12,Battery & Critical Minerals,Global,,,,,Research activity,General sample introduction,0.88,0.8,0.26
Ultra-Low-Bubble-Density Quartz Glass Enabled by Stepwise Calcination of High-Purity Synthetic Quartz Powder.,Nanomaterials (Basel),https://europepmc.org/article/MED/42506491,Europe PMC,journal,2026-07-12,Semiconductor & High Purity,Global,,,,,Research activity,General sample introduction,0.88,0.8,0.26
Assessment of Essential and Toxic Elements in Commercial Diet Catering Meal Plants in Poland: Compliance with Nutritional Recommendations.,Foods,https://europepmc.org/article/MED/42511206,Europe PMC,journal,2026-07-11,Food & Agriculture,Global,,,,,Research activity,General sample introduction,0.88,0.8,0.26
Quantifying cellular concentrations of arsenic species for risk assessment in human populations,"ABSTRACT Approximately 200 million people worldwide, consume water contaminated with inorganic arsenic (As), a toxicant that increases the risk of cancer, cardiovascular disease, and other conditions. In the U.S., >2 million are exposed to ",https://reporter.nih.gov/project-details/1R21ES038615-01,NIH RePORTER,grant,2026-07-11,Clinical & Life Science,IL,UNIVERSITY OF CHICAGO,,,,Funding,Torches & injectors,0.88,0.82,0.67
Intracellular and Extracellular Platinum Quantification at Single-Cell Scale with LA-ICP-TOFMS.,ACS Omega,https://europepmc.org/article/MED/42540452,Europe PMC,journal,2026-07-10,Clinical & Life Science,Global,,,,,Research activity,Laser ablation interfaces,0.88,0.8,0.26
"Characterization of Nutritional and Flavor Profiles of Aromatic Black Rice, India.",Int J Food Sci,https://europepmc.org/article/MED/42422582,Europe PMC,journal,2026-07-08,Food & Agriculture,Global,,,,,Research activity,General sample introduction,0.88,0.8,0.26
Multimodal FRACTAL-MSI and Image Fusion Improves Detection and Resolution of Biomolecule Imaging.,ACS Cent Sci,https://europepmc.org/article/MED/42666888,Europe PMC,journal,2026-07-06,Clinical & Life Science,Global,,,,,Research activity,ICP-TOF / mass cytometry,0.88,0.8,0.26
High Operating Potential Induces Conversion in Li-Rich Chalcogenides.,ACS Appl Mater Interfaces,https://europepmc.org/article/MED/42402805,Europe PMC,journal,2026-07-05,Battery & Critical Minerals,Global,,,,,Research activity,Interface cones,0.88,0.8,0.26
"Mitochondria-Targeting Metal Complexes: Design Principles, Mechanisms of Action, and Translational Perspectives.",Biomolecules,https://europepmc.org/article/MED/42509781,Europe PMC,journal,2026-07-04,Clinical & Life Science,Global,,,,,Research activity,ICP-TOF / mass cytometry,0.88,0.8,0.26
Recovery of lithium from a zinnwaldite-bearing concentrate derived from tailings using commonly available flue-gas desulfurization gypsum.,RSC Adv,https://europepmc.org/article/MED/42405114,Europe PMC,journal,2026-07-03,Battery & Critical Minerals,Global,,,,,Research activity,General sample introduction,0.88,0.8,0.26
Research Progress on the Regulatory Mechanisms of Salt-Stress Response and Functional Genes in Populus .,Curr Issues Mol Biol,https://europepmc.org/article/MED/42510925,Europe PMC,journal,2026-07-03,Research & Academia,Global,,,,,Research activity,Laser ablation interfaces,0.88,0.8,0.26
Reconstruction of hydrothermal activity in impact crater through elemental changes using ICP-MS and XRF and its application to Martian research,"Meteorite impact events are commonly observed not only on Earth but also on other planets, and have been considered as a fundamental process in planetary evolution. Understanding extreme environments that developed after meteorite impacts, ",https://doi.org/10.5194/epsc2026-1052,Copernicus GmbH,journal,2026-07-02,Environmental & Water,Global,,,,,Research activity,Torches & injectors,0.88,0.78,0.28
Lithium Isotopic Analysis of Spodumene by Secondary Ion Mass Spectrometry.,Rapid Commun Mass Spectrom,https://europepmc.org/article/MED/41988736,Europe PMC,journal,2026-07-01,Battery & Critical Minerals,Global,,,,,Research activity,General sample introduction,0.88,0.8,0.26
New Tools and Approaches for Understanding Metal-Mediated Interactions in the Extracellular Space,"PROJECT DESCRIPTION Trace metal micronutrients, such as copper, iron, and zinc are vital to a host of biological processes, but their dyshomeostasis is associated with a number of disease states. The context in which a metal resides within ",https://reporter.nih.gov/project-details/1R35GM161892-01,NIH RePORTER,grant,2026-07-01,Clinical & Life Science,CA,UNIVERSITY OF CALIFORNIA AT DAVIS,,,,Funding,Torches & injectors,0.88,0.55,0.67
Optimizing the Development Process in Direct Photolithography for Efficient PeLEDs.,Small Methods,https://europepmc.org/article/MED/42387363,Europe PMC,journal,2026-07-01,Semiconductor & High Purity,Global,,,,,Research activity,General sample introduction,0.88,0.8,0.26
"Safe, high-performance, moisture-activated batteries for powering next-generation Internet-of-Things devices.",Sci Adv,https://europepmc.org/article/MED/42384801,Europe PMC,journal,2026-07-01,Battery & Critical Minerals,Global,,,,,Research activity,General sample introduction,0.88,0.8,0.26
"Ultrasensitive Fluorimetric Detection of Trace Se(IV) as 4,5-Benzopiazselenol on Nonpolar Adsorbents.",Water Environ Res,https://europepmc.org/article/MED/42446934,Europe PMC,journal,2026-07-01,Environmental & Water,Global,,,,,Research activity,General sample introduction,0.88,0.8,0.26
Improving Accuracy of Critical Element Analysis by LA-ICP-MS in the Mineral Sphalerite,,https://doi.org/10.1093/mam/ozag053.849,Oxford University Press (OUP),journal,2026-07,Battery & Critical Minerals,Global,"U.S. Geological Survey, Denver Federal Center , Denver, CO ,",,,,Research activity,Laser ablation interfaces,0.88,0.78,0.28
A Global Imprint of Gadolinium-Based Contrast Agents Used in Magnetic Resonance Imaging in Drinking Water.,Environ Sci Technol,https://europepmc.org/article/MED/42377106,Europe PMC,journal,2026-06-30,Environmental & Water,Global,,,,,Research activity,General sample introduction,0.88,0.8,0.26
Battery manufacturing quality control increases multielement screening demand,Public instrument-vendor application material highlights ICP-MS multielement screening for quality control in battery manufacturing.,https://www.agilent.com/en/product/atomic-spectroscopy/inductively-coupled-plasma-mass-spectrometry-icp-ms,Instrument manufacturer application hub,manufacturer,2026-06-30,Battery & Critical Minerals,Global,,,,,Market development,Torches & injectors,0.78,0.91,0.55
"Development and application of a Schiff-base colorimetric sensor for lead (Pb 2+ ) detection in borehole water from Kaduna metropolis, Nigeria.",Environ Monit Assess,https://europepmc.org/article/MED/42380646,Europe PMC,journal,2026-06-30,Environmental & Water,Global,,,,,Research activity,General sample introduction,0.88,0.8,0.26
Lead and cadmium levels in blood among painters and battery workers: A case control study.,Bioinformation,https://europepmc.org/article/MED/42701760,Europe PMC,journal,2026-06-30,Battery & Critical Minerals,Global,,,,,Research activity,General sample introduction,0.88,0.8,0.26
Raw data for: Characterization and spatially resolved analysis of ZnO nanoparticles as cement additives by SP-ICP-MS and LA-ICP-MS.,,https://doi.org/10.17811/ruo_datasets.84674,Universidad de Oviedo,journal,2026-06-30,Environmental & Water,Global,,,,,Research activity,Laser ablation interfaces,0.88,0.78,0.28
Electrode-free bioelectrochemical intercalation for scalable lithium recovery.,Nat Commun,https://europepmc.org/article/MED/42373612,Europe PMC,journal,2026-06-29,Battery & Critical Minerals,Global,,,,,Research activity,General sample introduction,0.88,0.8,0.26
Guiding off-target nanomedicine repurposing in spleen for cancer immunotherapy.,J Nanobiotechnology,https://europepmc.org/article/MED/42365348,Europe PMC,journal,2026-06-27,Clinical & Life Science,Global,,,,,Research activity,ICP-TOF / mass cytometry,0.88,0.8,0.26
Recycling-compatible electroplating of enriched tin-119 targets for the production of antimony-119 for targeted Auger electron therapy.,EJNMMI Radiopharm Chem,https://europepmc.org/article/MED/42364043,Europe PMC,journal,2026-06-27,Battery & Critical Minerals,Global,,,,,Research activity,General sample introduction,0.88,0.8,0.26
Microhardness and Chemical Composition of Glass Ionomer and Glass Hybrid Cements Modified with Experimental Bioactive Glasses,Acta Stomatol Croat,,Europe PMC,journal,2026-06-26,Pharma & Biopharma,Global,,,,,Research activity,General sample introduction,0.88,0.8,0.26
Modes of Occurrence of Gallium in Al-Rich Coal: A Case Study of Permian Coal in Jungar Coalfield.,ACS Omega,https://europepmc.org/article/MED/42518382,Europe PMC,journal,2026-06-26,Semiconductor & High Purity,Global,,,,,Research activity,General sample introduction,0.88,0.8,0.26
Nickel in agri-food systems: a review.,Front Plant Sci,https://europepmc.org/article/MED/42433899,Europe PMC,journal,2026-06-26,Battery & Critical Minerals,Global,,,,,Research activity,General sample introduction,0.88,0.8,0.26
Single-cell ionomes of terrestrial cryosphere algae.,Commun Earth Environ,https://europepmc.org/article/MED/42367199,Europe PMC,journal,2026-06-26,Pharma & Biopharma,Global,,,,,Research activity,General sample introduction,0.88,0.8,0.26
A Green Magnetite-Coated Waste Biomass for Simultaneous Removal of Multiple Toxic Metals from Water.,ACS Omega,https://europepmc.org/article/MED/42428909,Europe PMC,journal,2026-06-24,Environmental & Water,Global,,,,,Research activity,General sample introduction,0.88,0.8,0.26
Heavy metals in carbonated waters and beverages on the South Korean market.,Food Addit Contam Part B Surveill,https://europepmc.org/article/MED/42339673,Europe PMC,journal,2026-06-24,Food & Agriculture,Global,,,,,Research activity,General sample introduction,0.88,0.8,0.26
Performance and stability of LaTiO 2 N based photoanodes at varying electrolyte temperatures and irradiances.,EES Solar,https://europepmc.org/article/MED/42428228,Europe PMC,journal,2026-06-24,Battery & Critical Minerals,Global,,,,,Research activity,General sample introduction,0.88,0.8,0.26
Elemental Analysis of Herbal Food Supplements using ICP-MS for Toxicant and Nutritional Profiling,"Abstract Botanical dietary supplements (like wheat, barley, teff, oats, white lupin, pumpkin seed, and chickpeas) may contain trace amounts of toxicants in addition to important micronutrients. Developing and validating a reliable protocol ",https://doi.org/10.64898/2026.06.17.733016,openRxiv,journal,2026-06-23,Food & Agriculture,Global,"Department of Physics, Debre Markos University, Debre Markos, Ethiopia",,PerkinElmer,,Research activity,Torches & injectors,0.88,0.78,0.28
Integrating High Resolution Elemental Mapping with Spatial Transcriptomics to Analyze Metal Based Pathttps://apps.era.nih.gov/gmii/manage/view.era?applId=11296190#hways in Tumor Growth and Spread,"Summary Over 90% of cancer fatalities are due to tumor recurrence and metastasis, highlighting a critical need for advanced insights into tumor pathogenesis and the tumor microenvironment (TME). Despite significant advances, a gap remains i",https://reporter.nih.gov/project-details/1R37CA299857-01A1,NIH RePORTER,grant,2026-06-23,Clinical & Life Science,CA,CEDARS-SINAI MEDICAL CENTER,,,,Funding,Torches & injectors,0.88,0.55,0.67
LA-ICP-MS protocols for U-Pb geochronology and trace element analysis of zircons: Optimized implementation at the PetroChron laboratory.,MethodsX,https://europepmc.org/article/MED/42382151,Europe PMC,journal,2026-06-23,Battery & Critical Minerals,Global,,,,,Research activity,Laser ablation interfaces,0.88,0.8,0.26
Revealing the ubiquitous existence of Neptunium-237 in Japanese drinking water: Implications for nuclear emergency preparedness.,Water Res,https://europepmc.org/article/MED/42378972,Europe PMC,journal,2026-06-20,Environmental & Water,Global,,,,,Research activity,General sample introduction,0.88,0.8,0.26
Circulating Elements in the Bloodstream of Growing Foals: Focus on Heavy Metals and Bone Remodeling Across Growth Stages.,Biol Trace Elem Res,https://europepmc.org/article/MED/42319646,Europe PMC,journal,2026-06-19,Battery & Critical Minerals,Global,,,,,Research activity,General sample introduction,0.88,0.8,0.26
Molecular Insights Shaping the Design of Metal-Organic Framework-Based Electrolytes.,Chem Mater,https://europepmc.org/article/MED/42465223,Europe PMC,journal,2026-06-19,Battery & Critical Minerals,Global,,,,,Research activity,General sample introduction,0.88,0.8,0.26
Performance and stability of membrane-photoelectrode assemblies with BiVO 4 photoanodes for water splitting.,Sustain Energy Fuels,https://europepmc.org/article/MED/42441160,Europe PMC,journal,2026-06-19,Battery & Critical Minerals,Global,,,,,Research activity,General sample introduction,0.88,0.8,0.26
Spectrally-Resolved Synergy in Photothermal Catalysis: A Temperature-regulated Transition of Hot-electron Transfer for Methanol Steam Reforming.,ACS Omega,https://europepmc.org/article/MED/42395977,Europe PMC,journal,2026-06-18,Semiconductor & High Purity,Global,,,,,Research activity,General sample introduction,0.88,0.8,0.26
"The Effect of Microwave Oven Extraction Temperature, Time, and Power Optimization on the Determination of Heavy Metals in Apricot by ICP-MS.",ACS Omega,https://europepmc.org/article/MED/42396001,Europe PMC,journal,2026-06-18,Battery & Critical Minerals,Global,,,,,Research activity,General sample introduction,0.88,0.8,0.26
Quantification of 24 Inorganic Impurities in Vismodegib and Idelalisib Anti-Cancer Drug Substances by Using ICP-MS.,J AOAC Int,https://europepmc.org/article/MED/42308554,Europe PMC,journal,2026-06-17,Pharma & Biopharma,Global,,,,,Research activity,General sample introduction,0.88,0.8,0.26
Quantification of 24 inorganic impurities in vismodegib and idelalisib anticancer drug substances using ICP-MS,article,https://doi.org/10.1093/jaoacint/qsag055,OpenAlex,journal,2026-06-16,Pharma & Biopharma,IN,Koneru Lakshmaiah Education Foundation,https://openalex.org/I875944469,,,Research activity,General sample introduction,0.88,0.8,0.3
In-situ laser ablation MC-ICP-MS of lead white in paintings,Abstract This study develops and validates an in-situ LA-MC-ICP-MS method for lead isotope ratios (LIR) measurements of lead carbonate pigments at the micrometre scale. Two matrix-matched synthetic lead whites (PDLW1 and PDLW2) were produce,https://doi.org/10.1038/s40494-026-02720-3,Springer Science and Business Media LLC,journal,2026-06-13,Research & Academia,Global,,,,,Research activity,Torches & injectors,0.88,0.78,0.28
Confinement-Regulated Crystal Phase Engineering Enables Structured Semiconductor Fiber Systems for Plant Transpiration Dynamics Monitoring.,Adv Mater,https://europepmc.org/article/MED/42281520,Europe PMC,journal,2026-06-12,Semiconductor & High Purity,Global,,,,,Research activity,General sample introduction,0.88,0.8,0.26
Metals and metalloids contamination in injectable hyaluronic acid dermal fillers: Multi-element evidence of market variability.,J Trace Elem Med Biol,https://europepmc.org/article/MED/42296864,Europe PMC,journal,2026-06-12,Pharma & Biopharma,Global,,,,,Research activity,General sample introduction,0.88,0.8,0.26
"A 12.8 ka Microspherule and Nanoparticle Marker Horizon in Stratified Paleoamerican Deposits at Smith Mountain Lake (44PY152), USA",,,Europe PMC,journal,2026-06-10,Research & Academia,Global,,,,,Research activity,Laser ablation interfaces,0.88,0.8,0.26
"Chemical Inertness Dominated Intrinsic Safety: Unraveling the ""Dissolution-Catalysis-Runaway"" Mechanism in Sodium-Ion Battery Cathode Materials.",J Phys Chem Lett,https://europepmc.org/article/MED/42267924,Europe PMC,journal,2026-06-10,Battery & Critical Minerals,Global,,,,,Research activity,General sample introduction,0.88,0.8,0.26
Label-Free and High-Throughput Quantification of Nanoparticle-Cell Interactions at the Single-Cell Level with Flow Cytometry.,Anal Chem,https://europepmc.org/article/MED/42267743,Europe PMC,journal,2026-06-10,Clinical & Life Science,Global,,,,,Research activity,ICP-TOF / mass cytometry,0.88,0.8,0.26
Mitochondria-ER contacts function as an iron supply hub.,Nat Cell Biol,https://europepmc.org/article/MED/42270976,Europe PMC,journal,2026-06-10,Clinical & Life Science,Global,,,,,Research activity,ICP-TOF / mass cytometry,0.88,0.8,0.26
Trace element mobility during the injection of water-dissolved CO 2 into basalts.,Sci Rep,https://europepmc.org/article/MED/42270787,Europe PMC,journal,2026-06-10,Environmental & Water,Global,,,,,Research activity,General sample introduction,0.88,0.8,0.26
Rapid and Accurate Determination of 226 Ra from Drinking Water Using Macropa-Mediated Cloud Point Extraction Coupled with ICP-MS/MS,,https://doi.org/10.1021/acs.analchem.5c07724,American Chemical Society (ACS),journal,2026-06-09,Environmental & Water,Global,"Laboratoire de radioécologie, Département de chimie, Faculté des sciences et de génie, Université Laval, 1045, avenue de la Médecine, Pavillon Alexandre-Vachon, Québec G1V 0A6, Canada",,,,Research activity,General sample introduction,0.88,0.78,0.28
Single Cell-Resolution Imaging of Drug Resistance via Toxic Metal Pre-exposure in Lung Patient Tumor Microenvironment,"SUMMARY Kentucky’s Appalachian population has by far the highest lung cancer incidence and mortality rates in the US, where toxic metal exposure can be an important co-morbidity. Despite improved lung cancer patient survival via targeted th",https://reporter.nih.gov/project-details/1R21CA307890-01,NIH RePORTER,grant,2026-06-09,Pharma & Biopharma,KY,UNIVERSITY OF KENTUCKY,,,,Funding,Torches & injectors,0.88,0.55,0.67
Geochemistry and X-ray diffraction data from rock salts and saltwork wastes of Canada: data compilation.,Data Brief,https://europepmc.org/article/MED/42358919,Europe PMC,journal,2026-06-06,Battery & Critical Minerals,Global,,,,,Research activity,General sample introduction,0.88,0.8,0.26
An Exploratory Study on Beneficial Effect of BE-FD-1 (Mineral-Enriched Raphanus sativus L. Leaf Extract) in High-Fat-Diet- and Streptozotocin-Induced Diabetic Mice.,Nutrients,https://europepmc.org/article/MED/42280477,Europe PMC,journal,2026-06-05,Battery & Critical Minerals,Global,,,,,Research activity,General sample introduction,0.88,0.8,0.26
Novel magnetic nanosorbent graphene oxide-based for the automatic and simultaneous determination of arsenic and antimony by MSPE-FI-HG-ICP-MS.,Mikrochim Acta,https://europepmc.org/article/MED/42240669,Europe PMC,journal,2026-06-04,Environmental & Water,Global,,,,,Research activity,General sample introduction,0.88,0.8,0.26
Therapeutic Silencing of Tmprss6 Reduces Iron-Induced Inflammation and Prolongs Survival in MDS Mice.,Am J Hematol,https://europepmc.org/article/MED/42240074,Europe PMC,journal,2026-06-04,Environmental & Water,Global,,,,,Research activity,General sample introduction,0.88,0.8,0.26
Bone Marrow-Derived Macrophages Loaded with Boron Carbide Nanoparticles Targeting the Glioblastoma Microenvironment for Boron Neutron Capture Therapy.,Int J Nanomedicine,https://europepmc.org/article/MED/42261359,Europe PMC,journal,2026-06-03,Clinical & Life Science,Global,,,,,Research activity,ICP-TOF / mass cytometry,0.88,0.8,0.26
A simple photothermal paper-based analytical device using silver nanomaterials for quantitative mercury ion monitoring in drinking water and Wolffia samples.,Analyst,https://europepmc.org/article/MED/41995071,Europe PMC,journal,2026-06-02,Environmental & Water,Global,,,,,Research activity,General sample introduction,0.88,0.8,0.26
Coupled K–Ca and Rb–Sr dating by LA-ICP-MS/MS – reaction gas optimisation and geological applications,Abstract. Both the Rb-Sr and K-Ca β-decay isotopic systems can be used to date a range of mica and feldspar group minerals and have the potential to unravel cooling and alteration processes in a wide range of geological settings. The develo,https://doi.org/10.5194/egusphere-2026-2790,Copernicus GmbH,journal,2026-06-02,Environmental & Water,Global,"Adelaide University (Adelaide, Australia)",,,,Research activity,Interface cones,0.88,0.78,0.28
"Supplementary material to ""Coupled K–Ca and Rb–Sr dating by LA-ICP-MS/MS – reaction gas optimisation and geological applications""",,https://doi.org/10.5194/egusphere-2026-2790-supplement,Copernicus GmbH,journal,2026-06-02,Environmental & Water,Global,"Adelaide University (Adelaide, Australia)",,,,Research activity,Laser ablation interfaces,0.88,0.78,0.28
Bacterial Ghosts as Innovative Transport Vehicles for Platinum-Based Anticancer Drugs.,ChemMedChem,https://europepmc.org/article/MED/42350154,Europe PMC,journal,2026-06-01,Clinical & Life Science,Global,,,,,Research activity,ICP-TOF / mass cytometry,0.88,0.8,0.26
Climatic imprint on interfacially controlled platinum-palladium resources.,PNAS Nexus,https://europepmc.org/article/MED/42292879,Europe PMC,journal,2026-06-01,Battery & Critical Minerals,Global,,,,,Research activity,General sample introduction,0.88,0.8,0.26
Effects of Lysozyme and Silver Anode Treatment on Pseudomonas aeruginosa Growth and Biofilm Formation in Raw Milk.,J Food Sci,https://europepmc.org/article/MED/42263215,Europe PMC,journal,2026-06-01,Battery & Critical Minerals,Global,,,,,Research activity,General sample introduction,0.88,0.8,0.26
Environmental Radioactivity Research Using ICP-MS/MS ICP-MS/MSを用いた環境放射能研究,,https://doi.org/10.5702/massspec.25-036,The Mass Spectrometry Society of Japan,journal,2026-06-01,Environmental & Water,Global,"Department of Chemistry, Faculty of Science, Gakushuin University",,,,Research activity,General sample introduction,0.88,0.78,0.28
Standardless LA-ICP-MS fission-track dating in apatite: comparison with uranium thin film and LA-ICP-MS ζ-calibration,"Abstract Over the past two decades, the fission-track community has sought to calibrate the ages with LA-ICP-MS. This technique has not only made thermochronology faster but also enabled the determination of U-Pb ages and the measurements o",https://doi.org/10.21203/rs.3.rs-9545186/v1,Springer Science and Business Media LLC,journal,2026-06-01,Battery & Critical Minerals,Global,ChronusCamp Research – Isotope Geology Laboratory - Itapira,,,,Research activity,Torches & injectors,0.88,0.78,0.28
Volcanic glass geochemical fingerprints of the Black Sea tephra layers in the last ~60 kyr.,Sci Data,https://europepmc.org/article/MED/42219380,Europe PMC,journal,2026-06-01,Research & Academia,Global,,,,,Research activity,Laser ablation interfaces,0.88,0.8,0.26
Advances in (LA)-ICP-MS techniques and applications for the in elemental analysis the field of cultural heritage: A review,,https://doi.org/10.1016/j.talanta.2026.129492,Elsevier BV,journal,2026-06,Pharma & Biopharma,Global,,,,,Research activity,General sample introduction,0.88,0.78,0.28
"Comprehensive green analytical methods (TD-GC–MS, HPLC-MS/MS) for monitoring small organic and inorganic disinfection by-products in drinking water",,https://doi.org/10.1016/j.microc.2026.118108,Elsevier BV,journal,2026-06,Environmental & Water,Global,,,,,Research activity,General sample introduction,0.88,0.78,0.28
Extraction and quantification of lead in meconium: Analysis through inductively coupled plasma–mass spectrometer (ICP-MS),,https://doi.org/10.1016/j.mex.2026.103857,Elsevier BV,journal,2026-06,Clinical & Life Science,Global,,,,,Research activity,Torches & injectors,0.88,0.78,0.28
Crossover dynamics of non-Fickian ionic diffusion in solids.,Nat Commun,https://europepmc.org/article/MED/42218216,Europe PMC,journal,2026-05-30,Battery & Critical Minerals,Global,,,,,Research activity,General sample introduction,0.88,0.8,0.26
Low Intake of Zinc and Vitamin D Is Associated with High Blood Lead Level Proportion Amongst Male Workers with Lead Exposure.,Nutrients,https://europepmc.org/article/MED/42280415,Europe PMC,journal,2026-05-30,Battery & Critical Minerals,Global,,,,,Research activity,General sample introduction,0.88,0.8,0.26
Antibiotic-attributable arsenicosis risk: toxicity and carcinogenesis,"Abstract Arsenic is a global environmental toxin and known human carcinogen that contaminates the drinking water of over 200 million people. Despite accounting for host factors such as genetics and diet, there is significant inter- individu",https://reporter.nih.gov/project-details/1F31ES038785-01,NIH RePORTER,grant,2026-05-28,Environmental & Water,MT,MONTANA STATE UNIVERSITY - BOZEMAN,,,,Funding,Torches & injectors,0.88,0.55,0.67
Inductively coupled plasma mass spectrometry (ICP-MS) v1,ICP-MS is used to measure the concentration of trace elements in tissues.,https://doi.org/10.17504/protocols.io.n92ldob8ng5b/v1,Springer Science and Business Media LLC,journal,2026-05-28,Environmental & Water,Global,,,,,Research activity,Torches & injectors,0.88,0.78,0.28
Seasonal speciation of dissolved germanium in Bohemian reservoirs with contrasting chemistry and trophic status.,Environ Sci Process Impacts,https://europepmc.org/article/MED/42017378,Europe PMC,journal,2026-05-27,Environmental & Water,Global,,,,,Research activity,General sample introduction,0.88,0.8,0.26
Preserving Gadolinium Speciation in Environmental Waters: Establishing Hold Times and Storage Protocols for Reliable Analysis.,ACS ES T Water,https://europepmc.org/article/MED/42311630,Europe PMC,journal,2026-05-26,Environmental & Water,Global,,,,,Research activity,General sample introduction,0.88,0.8,0.26
The production and electrochemical performance analysis of an O3-NaTi 0.2 Mn 0.2 Fe 0.2 Ni 0.2 Co 0.2 O 2 high-entropy oxide cathode for Na-ion batteries.,RSC Adv,https://europepmc.org/article/MED/42211358,Europe PMC,journal,2026-05-26,Battery & Critical Minerals,Global,,,,,Research activity,General sample introduction,0.88,0.8,0.26
ANÁLISE DE ESPECTRÔMETRIA DE ICP-MS E ESPECTRÔMETRIA DE ICP-OES PARA ELEMENTOS EM PÓ RESIDUAL DE LÂMPADAS FLUORESCENTES ICP-MS AND ICP-OES SPECTROMETRY ANALYSIS FOR RESIDUAL POWDER ELEMENTS FROM FLUORESCENT LAMPS ANÁLISIS ESPECTROMÉTRICO ICP-MS E ICP-OES PARA ELEMENTOS RESIDUALES EN POLVO PROCEDENTES DE LÁMPARAS FLUORESCENTES,O processo de iluminação das áreas públicas e privadas foi um ponto importante para o bem estar da humanidade e garantia de segurança pública e residencial. Os avanços de dispositivos luminosos alcançados por ilustres cientistas como Thomas,https://doi.org/10.56238/levv17n60-066,Seven Events,journal,2026-05-25,Environmental & Water,Global,,,,,Research activity,General sample introduction,0.88,0.78,0.28
Rediscovering Sodium Ionophores as Selective Agents for Lithium Recognition and Extraction.,Angew Chem Int Ed Engl,https://europepmc.org/article/MED/42175836,Europe PMC,journal,2026-05-23,Battery & Critical Minerals,Global,,,,,Research activity,General sample introduction,0.88,0.8,0.26
"Deep-penetrating geochemical techniques for concealed deposits covered by semi-humid grassland: Zhaishang gold deposit, Western Qinling Orogen, China.",Sci Rep,https://europepmc.org/article/MED/42174104,Europe PMC,journal,2026-05-22,Battery & Critical Minerals,Global,,,,,Research activity,General sample introduction,0.88,0.8,0.26
Catecholamine-mediated resistance to iron limitation in Neisseria gonorrhoeae,"PROJECT SUMMARY/ABSTRACT Neisseria gonorrhoeae (Gc) causes the sexually transmitted infection gonorrhea. Rates of gonorrhea are increasing, along with resistance to multiple antibiotics, and there is no licensed vaccine. New approaches are ",https://reporter.nih.gov/project-details/1R21AI190642-01A1,NIH RePORTER,grant,2026-05-21,Pharma & Biopharma,VA,UNIVERSITY OF VIRGINIA,,,,Funding,Nebulizers,0.88,0.55,0.67
Semiconductor ICP-MS resources emphasize ultra-trace contamination control,Public application resources continue to position ICP-MS and ICP-QQQ for semiconductor and high-purity chemical analysis.,https://www.agilent.com/en/product/atomic-spectroscopy/inductively-coupled-plasma-mass-spectrometry-icp-ms,Instrument manufacturer semiconductor resources,manufacturer,2026-05-21,Semiconductor & High Purity,Global,,,,,Market development,High-efficiency introduction,0.78,0.9,0.56
Tridentate Coordination-Driven Covalent Organic Frameworks Incorporating Recycled Cobalt(II) for Enhanced Photocatalytic CO 2 Reduction.,Small,https://europepmc.org/article/MED/42165116,Europe PMC,journal,2026-05-21,Battery & Critical Minerals,Global,,,,,Research activity,General sample introduction,0.88,0.8,0.26
Development of an aptamer-functionalized sorbent for the selective and specific extraction of lead from environmental and biological samples.,Anal Bioanal Chem,https://europepmc.org/article/MED/42159680,Europe PMC,journal,2026-05-20,Environmental & Water,Global,,,,,Research activity,General sample introduction,0.88,0.8,0.26
Potentially Toxic Elements in Phosphate Processing: A Comparative Assessment of Solid Wastes and Effluents from Beneficiation and Fertilizer Production in Southwest Tunisia.,Toxics,https://europepmc.org/article/MED/42198565,Europe PMC,journal,2026-05-15,Battery & Critical Minerals,Global,,,,,Research activity,General sample introduction,0.88,0.8,0.26
Synthesis and Characterization of Hemp Oil-Impregnated Chitosan-Polyvinyl Alcohol Hydrogels for Synergistic Copper (II) Ions Removal from Water,,,Europe PMC,journal,2026-05-13,Environmental & Water,Global,,,,,Research activity,General sample introduction,0.88,0.8,0.26
"Human Milk as a Biomonitor of Toxic Metal Exposure: Sources, Transfer Mechanisms, and Implications for Infant Health-A Review.",Nutrients,https://europepmc.org/article/MED/42196987,Europe PMC,journal,2026-05-12,Environmental & Water,Global,,,,,Research activity,General sample introduction,0.88,0.8,0.26
Tetraphenylborate-based anionic metal-organic framework as an efficient single-ion conductor for solid-state sodium batteries.,Chem Sci,https://europepmc.org/article/MED/42244838,Europe PMC,journal,2026-05-12,Battery & Critical Minerals,Global,,,,,Research activity,General sample introduction,0.88,0.8,0.26
Toward Multi(radio)metalated DNA: Enzymatic Polymerization of Metal-Chelate-Modified Deoxyribonucleoside Triphosphates.,Angew Chem Int Ed Engl,https://europepmc.org/article/MED/42095405,Europe PMC,journal,2026-05-07,Clinical & Life Science,Global,,,,,Research activity,ICP-TOF / mass cytometry,0.88,0.8,0.26
Utilizing Glycosaminoglycans as a Theragnostic Approach for Treating Platinum-Resistant Gynecological Malignancies,"Project Summary. Project Summary. Ovarian cancer (OC) is usually diagnosed at advanced stages, and platinum-based chemotherapy with surgical debulking remains the most effective first line treatment for all OC subtypes. Although the initial",https://reporter.nih.gov/project-details/1R21CA308922-01,NIH RePORTER,grant,2026-05-07,Environmental & Water,VA,VIRGINIA COMMONWEALTH UNIVERSITY,,,,Funding,Torches & injectors,0.88,0.55,0.67
Wafer-Scale 2D High-Entropy Transition Metal Dichalcogenide Thin-Film Catalysts for Efficient and Durable Photoelectrochemical Hydrogen Production.,Adv Mater,https://europepmc.org/article/MED/42087836,Europe PMC,journal,2026-05-06,Semiconductor & High Purity,Global,,,,,Research activity,General sample introduction,0.88,0.8,0.26
Continental evolution influenced by relamination of deeply subducted continental crust.,Nat Geosci,https://europepmc.org/article/MED/42137577,Europe PMC,journal,2026-05-05,Research & Academia,Global,,,,,Research activity,Laser ablation interfaces,0.88,0.8,0.26
Elucidating natural resistance among Salmonellae to MCOLN2-mediated nutritional immunity,"Abstract Salmonella enterica is an intracellular bacterial pathogen that causes millions of cases of gastroenteritis and typhoid fever each year. Over 1,500 S. enterica serovars have been found to infect humans, and these serovars vary wide",https://reporter.nih.gov/project-details/1F31AI197477-01,NIH RePORTER,grant,2026-05-01,Environmental & Water,NC,DUKE UNIVERSITY,,,,Funding,Torches & injectors,0.88,0.55,0.67
"Multiproxy Analysys of Ambers From the Romualdo Formation (Cretaceous), Araripe Basin, Ceará State, Brazil",,,Europe PMC,journal,2026-04-30,Research & Academia,Global,,,,,Research activity,Laser ablation interfaces,0.88,0.8,0.26
β-Thujaplicin Mobilizes Renal Tubular Iron to Alleviate Diabetic Kidney Disease.,Ren Fail,https://europepmc.org/article/MED/42057440,Europe PMC,journal,2026-04-29,Clinical & Life Science,Global,,,,,Research activity,ICP-TOF / mass cytometry,0.88,0.8,0.26
A Holistic Approach to Enhancing Bakery Products' Quality and Health Benefits with Saffron Petals-A Review.,Foods,https://europepmc.org/article/MED/42121464,Europe PMC,journal,2026-04-27,Battery & Critical Minerals,Global,,,,,Research activity,General sample introduction,0.88,0.8,0.26
Integrated assessment of environmentally realistic heavy metal and trace element contamination in Yeşilırmak river triggers genotoxic and oxidative damage in Allium cepa L.,Sci Rep,https://europepmc.org/article/MED/42045485,Europe PMC,journal,2026-04-27,Environmental & Water,Global,,,,,Research activity,General sample introduction,0.88,0.8,0.26
Biotemplated Artificial Olive Leaf-Structured TiO 2 Decorated with Pt and Au for Enhanced Photocatalytic Hydrogen Production.,Biomimetics (Basel),https://europepmc.org/article/MED/42187367,Europe PMC,journal,2026-04-26,Semiconductor & High Purity,Global,,,,,Research activity,General sample introduction,0.88,0.8,0.26
Nanoparticles of uranium and rare earth elements in polymetallic mine waste.,J Hazard Mater,https://europepmc.org/article/MED/42066606,Europe PMC,journal,2026-04-26,Battery & Critical Minerals,Global,,,,,Research activity,General sample introduction,0.88,0.8,0.26
Elemental Readouts for Cell-Relevant Corona Profiling: ICP-MS Strategies in Nanoparticle Bioanalysis,"Cellular bioanalysis increasingly requires quantitative tools that link nanoparticle surface coronas to cell recognition, uptake, and responses. This paper outlines how elemental mass spectrometry, including single-particle and separation-c",https://doi.org/10.25258/ijddt.16.20s.56,Dr. Yashwant Research Labs Pvt. Ltd.,journal,2026-04-25,Environmental & Water,Global,"Department of Chemistry & Biochemistry, Rowan University, Glassboro, New Jersey, United States.",,,,Research activity,Interface cones,0.88,0.78,0.28
Evaluation of Platinum Transfer to Breast Milk in Cervical Cancer Patient Undergoing Cisplatin-Based Chemotherapy.,Biol Trace Elem Res,https://europepmc.org/article/MED/42034865,Europe PMC,journal,2026-04-25,Pharma & Biopharma,Global,,,,,Research activity,General sample introduction,0.88,0.8,0.26
Elemental Barcoding Beyond Optics: Metal-Isotopic Suspension Array for Emerging High-Throughput Diagnostics,article,https://doi.org/10.1021/acs.accounts.6c00101,OpenAlex,journal,2026-04-24,Clinical & Life Science,CN,Sichuan University,https://openalex.org/I24185976,,,Research activity,ICP-TOF / mass cytometry,0.88,0.8,0.3
Neural impairments caused by energy storage material NCM811 via aberrated synaptic pruning: role of Th17 cells in microglia polarization.,J Neuroinflammation,https://europepmc.org/article/MED/42032721,Europe PMC,journal,2026-04-24,Battery & Critical Minerals,Global,,,,,Research activity,General sample introduction,0.88,0.8,0.26
On-chip trace detection of Cd 2+ and Pb 2+ of deep seawater using CMOS-integrated low-noise transimpedance amplifiers.,Commun Eng,https://europepmc.org/article/MED/42026227,Europe PMC,journal,2026-04-23,Semiconductor & High Purity,Global,,,,,Research activity,General sample introduction,0.88,0.8,0.26
Droplet-based laser ablation ICP-MS for direct elemental screening of oils with minimal sample preparation.,Talanta,https://europepmc.org/article/MED/42048929,Europe PMC,journal,2026-04-22,Environmental & Water,Global,,,,,Research activity,Laser ablation interfaces,0.88,0.8,0.26
Exploring Intracellular Se Speciation in Marine Phytoplankton by LC-ICP-MS/MS: from Se Enrichments to Extraction and Chromatographic Techniques.,Biol Trace Elem Res,https://europepmc.org/article/MED/42012781,Europe PMC,journal,2026-04-21,Environmental & Water,Global,,,,,Research activity,General sample introduction,0.88,0.8,0.26
Is Lithium Stabilization a Hidden Parameter in the Chemical Exfoliation of Metallic MoS 2 ?,ACS Appl Mater Interfaces,https://europepmc.org/article/MED/42012334,Europe PMC,journal,2026-04-21,Battery & Critical Minerals,Global,,,,,Research activity,Interface cones,0.88,0.8,0.26
"In Situ LA-ICP-MS Trace-Element and Sulfur Isotope Characteristics of Sulfides from Pb-Zn Ore Bodies in the Gariatong W-Mo Polymetallic Metallogenic System, Xizang, and Their Geological Implications","The peripheries of rare-metal metallogenic systems frequently host skarn-type or hydrothermal vein-type Pb-Zn deposits, though their genetic connections with parental systems remain debated. The newly identified Gariatong W-Mo polymetallic ",https://doi.org/10.3390/min16040424,MDPI AG,journal,2026-04-20,Battery & Critical Minerals,Global,"College of Earth and Planetary Sciences, Chengdu University of Technology, Chengdu 610059, China",,,,Research activity,Laser ablation interfaces,0.88,0.78,0.28
Metrology of rare earths and other elements in waste fluorescent lamp powder - A methodological comparison.,Anal Chim Acta,https://europepmc.org/article/MED/42128549,Europe PMC,journal,2026-04-17,Battery & Critical Minerals,Global,,,,,Research activity,General sample introduction,0.88,0.8,0.26
Analytical investigation of metal distribution from e-cigarette aerosols to lung deposition using multi-platform mass spectrometry.,Anal Bioanal Chem,https://europepmc.org/article/MED/41991746,Europe PMC,journal,2026-04-16,Battery & Critical Minerals,Global,,,,,Research activity,Nebulizers,0.88,0.8,0.26
Investigation and correction of size-dependent transport efficiencies of microparticles in SP ICP-MS analysis,article,https://doi.org/10.1016/j.talanta.2026.129835,OpenAlex,journal,2026-04-15,Clinical & Life Science,AT,University of Graz,https://openalex.org/I15766117,,,Research activity,ICP-TOF / mass cytometry,0.88,0.8,0.3
A Dual-Pronged Hafnia-Prodrug-Lipid Nanoplatform Coupling Radiosensitization and DNA Homologous Recombination Inhibition.,ACS Nano Med,https://europepmc.org/article/MED/42433260,Europe PMC,journal,2026-04-14,Clinical & Life Science,Global,,,,,Research activity,ICP-TOF / mass cytometry,0.88,0.8,0.26
Bioleaching of critical trace metals by Sphingomonas desiccabilis : substrate-driven selectivity in Earth and space analogues.,Front Microbiol,https://europepmc.org/article/MED/42039836,Europe PMC,journal,2026-04-10,Battery & Critical Minerals,Global,,,,,Research activity,General sample introduction,0.88,0.8,0.26
The effect of occupational lead toxicity on testosterone secretion and the L-arginine nitric oxide pathway.,Toxicol Ind Health,https://europepmc.org/article/MED/41961018,Europe PMC,journal,2026-04-10,Battery & Critical Minerals,Global,,,,,Research activity,General sample introduction,0.88,0.8,0.26
"Dataset on exoskeleton chemistry and surface morphology of the pill millipede, Arthrosphaera lutescens.",Sci Data,https://europepmc.org/article/MED/41951649,Europe PMC,journal,2026-04-09,Pharma & Biopharma,Global,,,,,Research activity,General sample introduction,0.88,0.8,0.26
Essential and Potentially Toxic Elements in Commercial Milk Formulas: Health Risk Assessment Through a Systematic Review and Meta-analysis.,Biol Trace Elem Res,https://europepmc.org/article/MED/41954851,Europe PMC,journal,2026-04-09,Battery & Critical Minerals,Global,,,,,Research activity,General sample introduction,0.88,0.8,0.26
Tracing the In Vivo Fate of Polystyrene Nanoplastics via a Lanthanide Copolymerization Labeling Strategy.,Environ Health (Wash),https://europepmc.org/article/MED/42344582,Europe PMC,journal,2026-04-08,Pharma & Biopharma,Global,,,,,Research activity,General sample introduction,0.88,0.8,0.26
Water filtration using softwood membranes provides a nature-based solution for nanoplastic removal.,Commun Earth Environ,https://europepmc.org/article/MED/42245332,Europe PMC,journal,2026-04-04,Environmental & Water,Global,,,,,Research activity,General sample introduction,0.88,0.8,0.26
Elemental Profiling of Fig ( Ficus carica L.) Cultivars: Nutritional Contribution and Dietary Risk Assessment.,Foods,https://europepmc.org/article/MED/41976486,Europe PMC,journal,2026-04-01,Food & Agriculture,Global,,,,,Research activity,General sample introduction,0.88,0.8,0.26
Gallium maltolate for the treatment of difficult-to-treat high-grade pediatric brain tumors,PROJECT ABSTRACT/SUMMARY Neoplasms of the central nervous system (CNS) are the most frequently encountered solid tumors of childhood and remain one of the top causes of death in children. Pediatric high-grade gliomas (pHGGs) and atypical te,https://reporter.nih.gov/project-details/1R01CA299189-01A1,NIH RePORTER,grant,2026-04-01,Pharma & Biopharma,WI,MEDICAL COLLEGE OF WISCONSIN,,,,Funding,Interface cones,0.88,0.82,0.67
The use of mass cytometry (CyTOF) to evaluate the cellular uptake of stable radiopharmaceutical surrogates in single cells: a proof-of-concept study,article,https://doi.org/10.1186/s41181-026-00442-2,OpenAlex,journal,2026-04-01,Clinical & Life Science,ES,Universidad de Oviedo,https://openalex.org/I165339363,,,Research activity,ICP-TOF / mass cytometry,0.88,0.8,0.3
Understanding the mechanism of action of repurposed antihypertensive drugs against Borrelia burgdorferi,"PROJECT SUMMARY/ABSTRACT Borrelia burgdorferi is the cause of over 475,000 cases of Lyme disease annually in the United States. There are currently no preventative measures for Lyme disease beyond tick avoidance. To provide additional means",https://reporter.nih.gov/project-details/1F31AI197469-01,NIH RePORTER,grant,2026-04-01,Pharma & Biopharma,MA,TUFTS UNIVERSITY BOSTON,,,,Funding,Torches & injectors,0.88,0.55,0.67
Inductively Coupled Plasma-Spectrometry (ICP-AES and ICP-MS),,https://doi.org/10.1017/9781009525435.010,Cambridge University Press,journal,2026-03-31,Environmental & Water,Global,,,,,Research activity,Torches & injectors,0.88,0.78,0.28
Achieving sub-part per trillion trace level PFAS quantification in drinking water using an optimized fast flow solid-phase extraction and UPLC-MS/MS method,"Per- and poly-fluoroalkyl substances (PFAS) are not efficiently degraded and hence cycle through the environment, persist for a very long time, accumulate in living organisms, and cause potential health and ecological risks. PFAS monitoring",https://doi.org/10.1371/journal.pwat.0000501,Public Library of Science (PLoS),journal,2026-03-30,Environmental & Water,Global,,,,,Research activity,Interface cones,0.88,0.78,0.28
Size-dependent transdermal absorption of cadmium sulphide quantum dots: an ex-vivo study using Franz diffusion cells.,J Hazard Mater,https://europepmc.org/article/MED/41916174,Europe PMC,journal,2026-03-27,Semiconductor & High Purity,Global,,,,,Research activity,General sample introduction,0.88,0.8,0.26
Single-cell assessment of iron content in primary human T cells using laser ablation inductively coupled plasma mass spectrometry.,Cell Rep Methods,https://europepmc.org/article/MED/41895262,Europe PMC,journal,2026-03-26,Clinical & Life Science,Global,,,,,Research activity,Torches & injectors,0.88,0.8,0.26
AI and Robotics Advancement in Analytical Mineral Characterization and Mining Processes: A Review and Research Trends Analysis.,Top Curr Chem (Cham),https://europepmc.org/article/MED/41870695,Europe PMC,journal,2026-03-23,Battery & Critical Minerals,Global,,,,,Research activity,General sample introduction,0.88,0.8,0.26
Kovdor‐ GRT – A New Natural Reference Material for Garnet U‐Pb Dating,article,https://doi.org/10.1111/ggr.70040,OpenAlex,journal,2026-03-22,Research & Academia,RU,Institute of Precambrian Geology and Geochronology,https://openalex.org/I4210149353,,,Research activity,Laser ablation interfaces,0.88,0.8,0.3
"Adsorptive and photocatalytic strategies for carmoisine removal: mechanisms, material innovations, and environmental implications.",RSC Adv,https://europepmc.org/article/MED/41868329,Europe PMC,journal,2026-03-20,Semiconductor & High Purity,Global,,,,,Research activity,General sample introduction,0.88,0.8,0.26
Characterisation of Scale Deposits in Drinking Water Pipes by FTIR and ICP-OES,Attenuated Total Reflection–Fourier Transform Infrared (ATR-FTIR) spectroscopy and Inductively Coupled Plasma–Optical Emission Spectrometry (ICP-OES) are widely used to investigate the chemical structure and elemental composition of materia,https://doi.org/10.3390/ma19061223,MDPI AG,journal,2026-03-20,Environmental & Water,Global,"Institute of Environmental Engineering, The Faculty of Environmental Engineering and Geodesy, Wrocław University of Environmental and Life Sciences, Grunwaldzki Square 24, 50-363 Wrocław, Poland",,,,Research activity,Interface cones,0.88,0.78,0.28
Surface-to-Bulk Elemental Profiling and Melissopalynological Characterization of Monofloral Bee Pollens: Implications for Nutritional Value and Health Risk Assessment.,Biol Trace Elem Res,https://europepmc.org/article/MED/41857348,Europe PMC,journal,2026-03-19,Battery & Critical Minerals,Global,,,,,Research activity,General sample introduction,0.88,0.8,0.26
Comparison of Analytical Methods for the Determination of Elemental Impurities in Pharmaceutical Products.,Crit Rev Anal Chem,https://europepmc.org/article/MED/41848101,Europe PMC,journal,2026-03-18,Pharma & Biopharma,Global,,,,,Research activity,General sample introduction,0.88,0.8,0.26
Determination of Elemental Impurities in Etoricoxib a Non-steroidal Anti-inflammatory Drug by using ICP-MS,"Etoricoxib and its genotoxic impurities were identified using a variety of analytical techniques (UV, HPLC, HPTLC etc.) in accordance with previously published studies. The ICP-MS technique was also used to try and identify the heavy metals",https://doi.org/10.52711/0974-360x.2026.00155,A and V Publications,journal,2026-03-16,Pharma & Biopharma,Global,"Department of Chemistry, Andhra University, Visakhapatnam, 530003, Andhra Pradesh, India. 1Dr Reddy’s Labs, Hyderabad, Telangana, India.",,,,Research activity,Interface cones,0.88,0.78,0.28
SPE-LC-MS/MS Analysis of Chiral and Achiral Fungicides in Drinking Water,"Fungicide contamination is an increasing global environmental concern, due to the harm they may pose to non-target organisms, their contribution to antimicrobial resistance, and the potential risks to human health when drinking water (DW) s",https://doi.org/10.3390/w18060680,MDPI AG,journal,2026-03-14,Environmental & Water,Global,"LSRE-LCM, ALiCE, Faculty of Engineering, University of Porto, Rua Dr. Roberto Frias, 4200-465 Porto, Portugal",,,,Research activity,Interface cones,0.88,0.78,0.28
New insights of origin determination and formation of emeralds from Afghanistan (Panjshir Valley) and Pakistan (Swat Valley): constraints from spectroscopy and LA-ICP-MS test,,https://doi.org/10.1007/s00269-026-01343-1,Springer Science and Business Media LLC,journal,2026-03-13,Battery & Critical Minerals,Global,,,,,Research activity,Laser ablation interfaces,0.88,0.78,0.28
"Characterization of trace element impurities and carbon isotope delta in HIPC-1, a high-purity graphite certified reference material.",Anal Bioanal Chem,https://europepmc.org/article/MED/41813874,Europe PMC,journal,2026-03-12,Pharma & Biopharma,Global,,,,,Research activity,General sample introduction,0.88,0.8,0.26
Carcinogenic and non-carcinogenic risk assessment of elemental impurities and bioactive compounds in six wild mushrooms using Monte Carlo simulation.,Sci Rep,https://europepmc.org/article/MED/41807450,Europe PMC,journal,2026-03-10,Pharma & Biopharma,Global,,,,,Research activity,General sample introduction,0.88,0.8,0.26
Standardized Elemental Composition Analysis of Graphene-Related 2D Materials (GR2M) With SEM/EDS and XPS Works Reliably.,Small,https://europepmc.org/article/MED/41800479,Europe PMC,journal,2026-03-09,Pharma & Biopharma,Global,,,,,Research activity,General sample introduction,0.88,0.8,0.26
Sub-micron-resolution temperature mapping of Zn negative electrode for flow batteries.,Nat Commun,https://europepmc.org/article/MED/41786753,Europe PMC,journal,2026-03-05,Battery & Critical Minerals,Global,,,,,Research activity,General sample introduction,0.88,0.8,0.26
Systematic Evaluation of Physicochemical Properties of PEGylated Gold Nanorods Reveals Cell-Specific Uptake Determinants in Human Immune Cell Subsets.,Small Sci,https://europepmc.org/article/MED/41810043,Europe PMC,journal,2026-03-05,Clinical & Life Science,Global,,,,,Research activity,Nebulizers,0.88,0.8,0.26
TyrRu: A Tyramide-Amplified Multimodal Ruthenium Tag for Elemental Mass Spectrometry and Immunofluorescence Imaging.,Chem Biomed Imaging,https://europepmc.org/article/MED/42657241,Europe PMC,journal,2026-03-05,Clinical & Life Science,Global,,,,,Research activity,ICP-TOF / mass cytometry,0.88,0.8,0.26
"Wildland-urban interface co-combustion of biomass, synthetic polymeric materials, and lithium-ion batteries generates a new class of ultrafine soot-metal-PAH hybrid particles.",Front Public Health,https://europepmc.org/article/MED/41853159,Europe PMC,journal,2026-03-03,Battery & Critical Minerals,Global,,,,,Research activity,Interface cones,0.88,0.8,0.26
Direct recycling of end-of-life lithium-ion batteries cathode active materials by hydrothermal route.,Sci Rep,https://europepmc.org/article/MED/41771993,Europe PMC,journal,2026-03-02,Battery & Critical Minerals,Global,,,,,Research activity,General sample introduction,0.88,0.8,0.26
"Mechanisms of Micro-Nanoplastics Uptake, Translocation, and Toxicity in In Vitro Human Intestinal Models: Implications for Health and Inflammation",PROJECT SUMMARY Micro-nano-plastics (MNPs) are small plastic particles resulting from the environmental breakdown of plastic waste over time. These particles have accumulated in ecosystems and entered the food web through contaminated water,https://reporter.nih.gov/project-details/1F31ES038445-01,NIH RePORTER,grant,2026-03-01,Clinical & Life Science,NJ,RUTGERS BIOMEDICAL AND HEALTH SCIENCES,,,,Funding,Nebulizers,0.88,0.82,0.67
Metabolic effects of manganese,"PROJECT SUMMARY The kinase Akt is a central mediator of insulin signaling. Its activation by insulin occurs when Akt is phosphorylated at two canonical sites, T308 and S473. Other covalent posttranslational modifications also contribute to ",https://reporter.nih.gov/project-details/1R01DK143625-01A1,NIH RePORTER,grant,2026-03-01,Environmental & Water,NY,COLUMBIA UNIVERSITY HEALTH SCIENCES,,,,Funding,General sample introduction,0.88,0.55,0.67
Regeneration of Spent Graphite from Lithium-Ion Batteries by Malic-Acid Leaching and Alkaline EDTA Chelation.,Int J Mol Sci,https://europepmc.org/article/MED/41828547,Europe PMC,journal,2026-03-01,Battery & Critical Minerals,Global,,,,,Research activity,General sample introduction,0.88,0.8,0.26
"Retrospective cohort study protocol to determine prenatal and infant lead exposure using novel dentition analysis in Flint, Michigan: Flint Tooth FAIRY (Flint assessment of in-utero and at-risk young).",BMJ Open,https://europepmc.org/article/MED/41760143,Europe PMC,journal,2026-02-27,Environmental & Water,Global,,,,,Research activity,General sample introduction,0.88,0.8,0.26
High-resolution XRF-CS/ICP-MS mineral element data calibration and potential applications in sub-Antarctic peat records | Scientific Reports - Nature,High-resolution XRF-CS/ICP-MS mineral element data calibration and potential applications in sub-Antarctic peat records | Scientific Reports Nature,https://news.google.com/rss/articles/CBMiX0FVX3lxTE9QY19BWElQMG10R1Q2SDlJNmE2dENHTmlOZk9xR0taZGZvWjEyeHc3X1dCUDdPSGVaQVVEb01wcEZyX0d0d28xbTA0cFNGTzFsUXp4UFJpTXNpRlh5Mjdz?oc=5,Google News public RSS,news,2026-02-26,General ICP-MS,Global,,,,,Research activity,General sample introduction,0.62,0.65,0.32
High-resolution XRF-CS/ICP-MS mineral element data calibration and potential applications in sub-Antarctic peat records.,Sci Rep,https://europepmc.org/article/MED/41748842,Europe PMC,journal,2026-02-26,Battery & Critical Minerals,Global,,,,,Research activity,General sample introduction,0.88,0.8,0.26
Revealing the Full Potential of Glycolated Mixed Ionic-Electronic Semiconductors – Symmetric Monomer Polymerization to Boost Electrochemical Transistor Performance,article,https://doi.org/10.1021/jacs.5c19024,OpenAlex,journal,2026-02-23,Semiconductor & High Purity,BE,IMEC,https://openalex.org/I4210114974,,,Research activity,General sample introduction,0.88,0.8,0.3
In situ Rb–Sr geochronology records multiple fluid pulses in Neoproterozoic sequences from the Lubambe-Mingomba Cu deposits in the Zambian Copperbelt,article,https://doi.org/10.1016/j.precamres.2026.108059,OpenAlex,journal,2026-02-20,Research & Academia,IE,University College Dublin,https://openalex.org/I100930933,,,Research activity,Laser ablation interfaces,0.88,0.8,0.3
"Geochemical and mineralogical data of wildfire ash and soil samples from post-fire areas: A case study of the August 2024 wildfire in Attica, Greece.",Data Brief,https://europepmc.org/article/MED/41800393,Europe PMC,journal,2026-02-19,Battery & Critical Minerals,Global,,,,,Research activity,General sample introduction,0.88,0.8,0.26
Investigating Plastic-Metal Interactions in Aquatic Environments Using Laser Ablation ICP-MS and Chemical Markers.,ACS ES T Water,https://europepmc.org/article/MED/41853479,Europe PMC,journal,2026-02-18,Environmental & Water,Global,,,,,Research activity,Laser ablation interfaces,0.88,0.8,0.26
Occurrence and Characterization of Acrylate-Based Self-Polishing Copolymer Anti-Fouling Paint Particles (SPC-APPs) in the Sediments of the Yangtze River Estuary.,Toxics,https://europepmc.org/article/MED/41745851,Europe PMC,journal,2026-02-17,Pharma & Biopharma,Global,,,,,Research activity,General sample introduction,0.88,0.8,0.26
sPD-L1 as an Early Sentinel of Immune Homeostasis Disruption in Lead-Exposed Workers: A Biomarker Discovery Study,,,Europe PMC,journal,2026-02-16,Battery & Critical Minerals,Global,,,,,Research activity,General sample introduction,0.88,0.8,0.26
Selenium Detection Technology in Water: A Review.,Molecules,https://europepmc.org/article/MED/41752450,Europe PMC,journal,2026-02-15,Environmental & Water,Global,,,,,Research activity,General sample introduction,0.88,0.8,0.26
Electrochemical fractionation of stable sulfur isotopes in a rechargeable lithium-sulfur battery: a revisit from the law of mass conservation.,Chem Sci,https://europepmc.org/article/MED/41716248,Europe PMC,journal,2026-02-14,Battery & Critical Minerals,Global,,,,,Research activity,General sample introduction,0.88,0.8,0.26
"ARIMA-Based Prediction of Heavy Metal Health Risks in Drinking Water Sources of Southwest Guizhou, China.",Toxics,https://europepmc.org/article/MED/41745840,Europe PMC,journal,2026-02-11,Environmental & Water,Global,,,,,Research activity,General sample introduction,0.88,0.8,0.26
Circular Potential of Lithium-Ion Battery Recycling Slags: Quantifying Microstructure and Elemental Distribution for a Holistic Valorization.,Adv Sci (Weinh),https://europepmc.org/article/MED/41669845,Europe PMC,journal,2026-02-11,Battery & Critical Minerals,Global,,,,,Research activity,General sample introduction,0.88,0.8,0.26
Detection and Fate of Microplastics and Nanoplastics and Technologies for Their Removal,article,https://doi.org/10.3390/molecules31040613,OpenAlex,journal,2026-02-10,Clinical & Life Science,CN,Shanxi Normal University,https://openalex.org/I94310126,,,Research activity,ICP-TOF / mass cytometry,0.88,0.8,0.3
Efficient Non-Invasive Rejuvenation of Spent Lithium Iron Phosphate Batteries Through Controlled Overdischarge.,Adv Mater,https://europepmc.org/article/MED/41664626,Europe PMC,journal,2026-02-10,Battery & Critical Minerals,Global,,,,,Research activity,General sample introduction,0.88,0.8,0.26
Depth-Dependent Emission from Silver Dopants in Single CdSe Nanoplatelets.,ACS Nano,https://europepmc.org/article/MED/41635283,Europe PMC,journal,2026-02-04,Semiconductor & High Purity,Global,,,,,Research activity,General sample introduction,0.88,0.8,0.26
Direct Detection of Volatile Organic Compounds through Cationization Using ICP-MS/MS,,https://doi.org/10.5702/massspectrometry.a0187,The Mass Spectrometry Society of Japan,journal,2026-02-03,Clinical & Life Science,Global,"Geochemical Research Center, The University of Tokyo",,,,Research activity,ICP-TOF / mass cytometry,0.88,0.78,0.28
Determination of 47 Elements in River Water Samples from the Himalayan Region by Tandem inductively Coupled Plasma mass spectrometry (ICP-MS/MS),"To understand the effect of water quality by the complex interaction of geogenic factors such as rock-water interactions, natural weathering, climate change-related processes such as glacier melt, altered precipitation, and anthropogenic co",https://doi.org/10.59143/isas.jisas.4.3.xfgd6005,Indian Society of Analytical Scientists,journal,2026-01-31,Environmental & Water,Global,,,,,Research activity,Interface cones,0.88,0.78,0.28
"Enhancement of iron, zinc, and calcium bioaccessibility and bioavailability in green gram ( Vigna radiata L.) supplemented with buttermilk through phytate reduction: an in vitro dietary evaluation.",Front Nutr,https://europepmc.org/article/MED/41693945,Europe PMC,journal,2026-01-30,Battery & Critical Minerals,Global,,,,,Research activity,General sample introduction,0.88,0.8,0.26
Methodologies for Assessing Chemical Toxicity to Aquatic Microorganisms: A Comparative Review.,Molecules,https://europepmc.org/article/MED/41683461,Europe PMC,journal,2026-01-30,Clinical & Life Science,Global,,,,,Research activity,ICP-TOF / mass cytometry,0.88,0.8,0.26
Microbial biomining from asteroidal material onboard the international space station.,NPJ Microgravity,https://europepmc.org/article/MED/41617698,Europe PMC,journal,2026-01-30,Clinical & Life Science,Global,,,,,Research activity,ICP-TOF / mass cytometry,0.88,0.8,0.26
Leaching of Oxyanionic Trace Contaminants from Metakaolin Geopolymers under Batch or Continuous Water Extraction.,ACS Omega,https://europepmc.org/article/MED/41696316,Europe PMC,journal,2026-01-23,Environmental & Water,Global,,,,,Research activity,General sample introduction,0.88,0.8,0.26
Direct method for Ra-226 analysis in water samples using ICP-QQQ-MS,"Abstract The paper describes a method of determination of Ra-226 in natural water using ICP-QQQ-MS, Agilent 8900, that enables an efficient direct determination of Ra-226 with high sensitivity without using any reaction gas and separation p",https://doi.org/10.1038/s41598-025-18775-4,Springer Science and Business Media LLC,journal,2026-01-22,Environmental & Water,Global,,,Agilent,,Research activity,Interface cones,0.88,0.78,0.28
Elemental impurity analysis remains a regulated pharmaceutical requirement,Risk-based control of elemental impurities continues to support demand for validated trace-element analysis.,https://www.ich.org/page/quality-guidelines,ICH Quality Guidelines,regulator,2026-01-21,Pharma & Biopharma,Global,,,,,Regulation,Nebulizers,0.96,0.86,0.52
Method Development and Validation for Detection of Selective Elemental Impurities in Clarithromycin API by ICP-MS,The present study focuses on the method development and validation for detection of selective elemental impurities in Clarithromycin active pharmaceutical ingredient (API) using Inductively Coupled Plasma–Mass Spectrometry (ICP-MS). Element,https://doi.org/10.36348/sijtcm.2026.v09i01.001,SASPR Edu International Pvt. Ltd,journal,2026-01-21,Pharma & Biopharma,Global,,,,,Research activity,Torches & injectors,0.88,0.78,0.28
Determination of Pesticide Residues in Drinking Water Using the LC-MS/MS Method and Evaluation of the Results for 2023 and 2024,,https://doi.org/10.3390/chemproc2025019003,MDPI,journal,2026-01-20,Environmental & Water,Global,"Public Health Authority of the Slovak Republic, National Reference Center for Pesticide Residues, Trnavská Street 52, 826 45 Bratislava, Slovakia",,,,Research activity,General sample introduction,0.88,0.78,0.28
Metal element drivers of rice sensory variation revealed by ICP-MS and electronic tongue predictive modeling - Nature,Metal element drivers of rice sensory variation revealed by ICP-MS and electronic tongue predictive modeling Nature,https://news.google.com/rss/articles/CBMiX0FVX3lxTE9JNkN3MjNPcldfcHJ5SUdpRHpxYlF3c0VORGlmSWVjUTBzbVhtNHV2UEMyaHQ2bVNUMHlvbnhLb3JEX2NVa1l1YlJranpHU0g5NXpaN2p2OWpYNUVURHpj?oc=5,Google News public RSS,news,2026-01-19,General ICP-MS,Global,,,,,Research activity,General sample introduction,0.62,0.65,0.32
"Correction: Fattah et al. Direct Dating of Natural Fracturing System in the Jurassic Source Rocks, NE-Iraq: Age Constraint on Multi Fracture-Filling Cements and Fractures Associated with Hydrocarbon Phases/Migration Utilizing LA ICP MS. Minerals 2025, 15, 907",In the original publication [...],https://doi.org/10.3390/min16010086,MDPI AG,journal,2026-01-16,Battery & Critical Minerals,Global,"Department of Petroleum Geosciences, Science Faculty, Soran University, Erbil 4400, Iraq",,,,Research activity,General sample introduction,0.88,0.78,0.28
Modulatory effects of CeO 2 nanoparticles on bleomycin-induced active pulmonary disease processes in animal and human airway epithelium models.,Part Fibre Toxicol,https://europepmc.org/article/MED/41545907,Europe PMC,journal,2026-01-16,Research & Academia,Global,,,,,Research activity,Laser ablation interfaces,0.88,0.8,0.26
"Environmental Mass Spectrometry Market Report 2026-2031, By Component, Product, and Geo - MarketsandMarkets","Environmental Mass Spectrometry Market Report 2026-2031, By Component, Product, and Geo MarketsandMarkets",https://news.google.com/rss/articles/CBMipAFBVV95cUxOcGZOSXNnMUtVV0g4d1FxQnQ0SnlJcmdKOGsyakJIbEFBRHBWT2hrSDNTTWFfRExkS3REQjNrVXRZOUtFV2E5VmticWdxZ2FTWE1mVVBRQTZnMWJPTUx4UE1oUC1Sb3BWMWhoMHJpWk1waEdIcWVCR0NSUl9wZ05kN0Fudlo0RzZINTN1dGlkcEl6VThuZkNuVkkwYWRVa0FwMk1vVw?oc=5,Google News public RSS,news,2026-01-14,Environmental & Water,Global,,,,,Market development,General sample introduction,0.62,0.65,0.45
Method development with LA-ICP-MS in U-Pb geochronology using design of experiment.,MethodsX,https://europepmc.org/article/MED/41631137,Europe PMC,journal,2026-01-14,Research & Academia,Global,,,,,Research activity,Laser ablation interfaces,0.88,0.8,0.26
Tunable cation coordination by polyoxometalates enables selective heavy metal separation and critical mineral recovery at redox electrochemical interfaces,article,https://doi.org/10.1016/j.seppur.2026.136885,OpenAlex,journal,2026-01-13,Battery & Critical Minerals,US,Pacific Northwest National Laboratory,https://openalex.org/I142606810,,,Research activity,Interface cones,0.88,0.8,0.3
Metals in water used by artisanal and small-scale gold miners for gold-mercury amalgamation in Western Kenya.,Environ Health,https://europepmc.org/article/MED/41501896,Europe PMC,journal,2026-01-07,Environmental & Water,Global,,,,,Research activity,General sample introduction,0.88,0.8,0.26
Simultaneous detection of elements and molecules using laser ablation-ICP-MS/MS.,Anal Sci,https://europepmc.org/article/MED/41493757,Europe PMC,journal,2026-01-06,Research & Academia,Global,,,,,Research activity,Laser ablation interfaces,0.88,0.8,0.26
Interfacial Evolution and Accelerated Aging Mechanism for LiFePO4/Graphite Pouch Batteries Under Multi-Step Indirect Activation,article,https://doi.org/10.1007/s40820-025-01971-2,OpenAlex,journal,2026-01-05,Battery & Critical Minerals,CN,Beijing Institute of Technology,https://openalex.org/I125839683,,,Research activity,General sample introduction,0.88,0.8,0.3
"Elemental impurities in Yataprasen Thai Polyherbal Formulation: source-dependent variation, and analytical method validation.",J Toxicol Sci,https://europepmc.org/article/MED/41621856,Europe PMC,journal,2026-01-01,Pharma & Biopharma,Global,,,,,Research activity,General sample introduction,0.88,0.8,0.26
Etching resistance and particle suppression behavior of Y₂O₃–ZrO₂ composite coatings in fluorine-based plasma,article,https://doi.org/10.1016/j.apsadv.2025.100926,OpenAlex,journal,2026-01-01,Semiconductor & High Purity,KR,Yonsei University,https://openalex.org/I193775966,,,Research activity,Torches & injectors,0.88,0.8,0.3
Interpreting the dynamic association of nanoplastics with Chlorella vulgaris : insight from single-cell analysis and Gaussian mixture modelling,article,https://doi.org/10.1039/d6en00046k,OpenAlex,journal,2026-01-01,Clinical & Life Science,GB,University of Birmingham,https://openalex.org/I79619799,,,Research activity,ICP-TOF / mass cytometry,0.88,0.8,0.3
Substrate and standard evaluation for correlative elemental mapping of biological samples by X-ray fluorescence microscopy and laser ablation ICP-MS,article,https://doi.org/10.1039/d5ja00371g,OpenAlex,journal,2026-01-01,Clinical & Life Science,US,Michigan State University,https://openalex.org/I87216513,,,Research activity,Laser ablation interfaces,0.88,0.8,0.3
TRACING ELEMENTS WITH PRECISION: A REVIEW OF INDUCTIVELY COUPLED PLASMA MASS SPECTROMETRY (ICP-MS),article,https://doi.org/10.22159/ijcr.2026v10i1.321,OpenAlex,journal,2026-01-01,Semiconductor & High Purity,US,Wilson College,https://openalex.org/I50219821,,,Research activity,Torches & injectors,0.88,0.8,0.3
Oral Health Status and Salivary Elemental Composition in Pregnancy: A Quantitative ICP-MS Study,,https://doi.org/10.5336/dentalsci.2025-111951,Turkiye Klinikleri,journal,2026,Pharma & Biopharma,Global,,,,,Research activity,General sample introduction,0.88,0.78,0.28
Quantitative determination of Cd in single hair strands using laser ablation inductively coupled plasma mass spectrometry (LA-ICP-MS),"ABSTRACT This study explores the use of laser ablation inductively coupled plasma mass spectrometry (LA-ICP-MS) for the direct quantification of cadmium in human hair, addressing the demand for rapid, spatially resolved, and minimally destr",https://doi.org/10.1590/1517-7076-rmat-2025-0408,FapUNIFESP (SciELO),journal,2026,Environmental & Water,Global,"Guizhou University, China",,,,Research activity,Torches & injectors,0.88,0.78,0.28
Sensitivity improvement for laser ablation Lu–Hf geochronology using iCap TQ ICP-MS/MS: applications to apatite,"Optimization of the skimmer cone insert configuration on an iCap TQ ICP-MS/MS enhances Lu and Hf sensitivities by a factor of 1.5–3.0, extending the applicability of laser ablation Lu–Hf geochronology for low-Lu apatite.",https://doi.org/10.1039/d6ja00104a,Royal Society of Chemistry (RSC),journal,2026,Research & Academia,Global,"State Key Laboratory of Lithospheric and Environmental Coevolution, Institute of Geology and Geophysics, Chinese Academy of Sciences, Beijing, 100029, P.R. China",,,,Research activity,Interface cones,0.88,0.78,0.28
Separation and characterization of gold nanomaterials with different shapes using AF4-ICP-MS and single-particle ICP-MS,Different shaped nanomaterials can be separated based on the signal intensity obtained by spICP-MS.,https://doi.org/10.1039/d5ja00468c,Royal Society of Chemistry (RSC),journal,2026,Battery & Critical Minerals,Global,"Graduate School of Pharmaceutical Sciences, Chiba University, 1-8-1 Inohana, Chuo, Chiba 260-8675, Japan",,,,Research activity,General sample introduction,0.88,0.78,0.28
Simultaneous Fe Isotope and Multi-Element Analysis of Microbiologically Influenced Corrosion by Laser Ablation Split-Stream MC-ICP-MS/ICP-ToF-MS,"Microbiologically influenced corrosion (MIC) is a pervasive process in natural and engineered environments, where microbial activity accelerates the deterioration of metallic and mineral substrates. Therefore, MIC poses significant economic",https://doi.org/10.2139/ssrn.7192414,Elsevier BV,journal,2026,Environmental & Water,Global,,,,,Research activity,Laser ablation interfaces,0.88,0.78,0.28
Timing of polyphase fluorite mineralization at the Niederschlag deposit (Erzgebirge/Krušné Hory region) – a comparative study of MC-ICP-MS Sm-Nd and LA-ICP-MS U-Pb fluorite geochronology,Fluorite is a common mineral in low-temperature (,https://doi.org/10.2139/ssrn.6959659,Elsevier BV,journal,2026,Battery & Critical Minerals,Global,,,,,Research activity,Laser ablation interfaces,0.88,0.78,0.28
Liquid Chromatography with Dual Mass Spectrometry Detection: An Approach to the Determination of Br-Containing Disinfection By-Products in Drinking Water,article,https://doi.org/10.3390/ijms27010386,OpenAlex,journal,2025-12-30,Environmental & Water,RU,Northern (Arctic) Federal University,https://openalex.org/I116191961,,,Research activity,General sample introduction,0.88,0.8,0.3
Molybdenum Isotope Analysis Using the Neoma MS/MS MC-ICP-MS,,https://doi.org/10.46770/as.2025.202,Atomic Spectroscopy Press Limited,journal,2025-12-30,Battery & Critical Minerals,Global,,,,,Research activity,General sample introduction,0.88,0.78,0.28
High-throughput identification of geographical origins of rubies using hyperspectral visible and fluorescence spectroscopy.,Spectrochim Acta A Mol Biomol Spectrosc,https://europepmc.org/article/MED/41494476,Europe PMC,journal,2025-12-29,Pharma & Biopharma,Global,,,,,Research activity,General sample introduction,0.88,0.8,0.26
"Improvements, Challenges, and the Investigation of Two Unknowns in Arsenic Urine Speciation Analysis by HPLC-ICP-MS: From Development to Post-implementation.",Ther Drug Monit,https://europepmc.org/article/MED/41348096,Europe PMC,journal,2025-12-23,Semiconductor & High Purity,Global,,,,,Research activity,General sample introduction,0.88,0.8,0.26
Cobalt Ion Adsorption on Polyvinyl Acetal Brushes: Impact on Silica-Nanoparticle Loading During Metal Post-Chemical Mechanical Planarization Cleaning,article,https://doi.org/10.1021/acsanm.5c04532,OpenAlex,journal,2025-12-19,Battery & Critical Minerals,KR,Hanyang University,https://openalex.org/I4575257,,,Research activity,General sample introduction,0.88,0.8,0.3
Mineral Phase-Resolved Quantification in LA-ICP-MS Imaging,article,https://doi.org/10.1021/acs.analchem.5c05398,OpenAlex,journal,2025-12-17,Clinical & Life Science,CH,ETH Zurich,https://openalex.org/I35440088,,,Research activity,Laser ablation interfaces,0.88,0.8,0.3
A battery-operated atomic emission spectrometer for determining tin and antimony in human blood using hydride generation and an atmospheric pressure glow discharge excitation source.,Anal Chim Acta,https://europepmc.org/article/MED/41526124,Europe PMC,journal,2025-12-13,Battery & Critical Minerals,Global,,,,,Research activity,General sample introduction,0.88,0.8,0.26
Nanoparticle Detection in Biology and Medicine: A Review.,Biosensors (Basel),https://europepmc.org/article/MED/41440290,Europe PMC,journal,2025-12-11,Semiconductor & High Purity,Global,,,,,Research activity,General sample introduction,0.88,0.8,0.26
Optimization of Mixed Mineral–Organic Acid Leaching for Critical Rare Earth Element Extraction from Philippine Coal Fly Ash,article,https://doi.org/10.3390/su172411076,OpenAlex,journal,2025-12-10,Battery & Critical Minerals,PH,Mindanao State University – Iligan Institute of Technology,https://openalex.org/I24245652,,,Research activity,General sample introduction,0.88,0.8,0.3
Mapping the global origins of soybean: a study using ICP-MS and chemometrics - Nature,Mapping the global origins of soybean: a study using ICP-MS and chemometrics Nature,https://news.google.com/rss/articles/CBMiX0FVX3lxTE12Sl9tX0ltaU5HS2xCSmppRzlWNVdXdGlzTXp2SUl3NVlvN1NqUHhqZXVQWWp6cEZJQmxzUVV2cUNzbnl4VDFDd3pBMTFPSmVrQ0hxLTRhQUZRTXZabHVF?oc=5,Google News public RSS,news,2025-12-09,General ICP-MS,Global,,,,,Research activity,General sample introduction,0.62,0.65,0.32
Origin of Mg-rich clay minerals in the first member of Maokou Formation in the middle Permian in the Central and Southern Sichuan Basin (China) and their implications on supergene and hypogene fluid regimes.,PLoS One,https://europepmc.org/article/MED/41348757,Europe PMC,journal,2025-12-05,Battery & Critical Minerals,Global,,,,,Research activity,General sample introduction,0.88,0.8,0.26
TOX‐AD: Imaging of Environmental Neurotoxicants Accumulated in Mouse Brains,Alzheimers Dement,,Europe PMC,journal,2025-12-01,Environmental & Water,Global,,,,,Research activity,General sample introduction,0.88,0.8,0.26
Evaluating LA-ICP-MS and digestion-based ICP-MS methods for trace elements determination in oil shale and its solid wastes,,https://doi.org/10.1016/j.talanta.2025.128319,Elsevier BV,journal,2025-12,Battery & Critical Minerals,Global,,,,,Research activity,Laser ablation interfaces,0.88,0.78,0.28
Coastal wetland deposition of cathode metals from the world's largest lithium-ion battery fire.,Sci Rep,https://europepmc.org/article/MED/41298457,Europe PMC,journal,2025-11-26,Battery & Critical Minerals,Global,,,,,Research activity,General sample introduction,0.88,0.8,0.26
Role of biotite content and structure in controlling Cesium diffusion in granitic rocks.,J Contam Hydrol,https://europepmc.org/article/MED/41330051,Europe PMC,journal,2025-11-26,Research & Academia,Global,,,,,Research activity,Laser ablation interfaces,0.88,0.8,0.26
Xact625i vs. PX-375: a comparative study of online XRF ambient multi-metal monitors vs. ICP-MS,article,https://doi.org/10.5194/amt-18-7021-2025,OpenAlex,journal,2025-11-25,Semiconductor & High Purity,CH,Paul Scherrer Institute,https://openalex.org/I2802229908,,,Research activity,General sample introduction,0.88,0.8,0.3
Airborne emissions and corrosion of stainless bellows under simulated semiconductor halide environment,article,https://doi.org/10.1016/j.jhazmat.2025.140484,OpenAlex,journal,2025-11-19,Semiconductor & High Purity,PR,National University College,https://openalex.org/I4210123907,,,Research activity,General sample introduction,0.88,0.8,0.3
Generation of hTERT-immortalized human mesenchymal stromal cells with optical and magnetic labels for in vivo transplantation and tracking,article,https://doi.org/10.1186/s13287-025-04748-x,OpenAlex,journal,2025-11-14,Clinical & Life Science,RU,Prokhorov General Physics Institute,https://openalex.org/I4210153510,,,Research activity,ICP-TOF / mass cytometry,0.88,0.8,0.3
Sequential versus Simultaneous Quantitative Analysis of Biomarkers in Individual Cells by ICP-MS and Mass Cytometry: A Focus on Immunotherapy,,https://doi.org/10.1021/acs.analchem.5c03660,American Chemical Society (ACS),journal,2025-11-12,Clinical & Life Science,Global,"Department of Physical and Analytical Chemistry, Faculty of Chemistry, University of Oviedo, c/Julián Clavería 8, Oviedo 33006, Spain",,,,Research activity,ICP-TOF / mass cytometry,0.88,0.78,0.28
Measurement of 227 Ac by Isotopic Ratio with 225 Ac Using ICP-MS,article,https://doi.org/10.1021/acsomega.5c09343,OpenAlex,journal,2025-11-11,Pharma & Biopharma,JP,Japan Radioisotope Association,https://openalex.org/I207319670,,,Research activity,General sample introduction,0.88,0.8,0.3
Analysis of Mo Isotopes Originating from the Reactor Core of the Fukushima Daiichi Nuclear Power Station Using Extraction Chromatographic Separation and ICP-MS/MS Measurement with an Oxygen Dynamic Reaction.,ACS Omega,https://europepmc.org/article/MED/41322581,Europe PMC,journal,2025-11-10,Semiconductor & High Purity,Global,,,,,Research activity,General sample introduction,0.88,0.8,0.26
Petrographic and geochemical evidence from pyrite for the genesis of the Bainiuchang Ag-polymetallic deposit southeastern Yunnan.,Sci Rep,https://europepmc.org/article/MED/41214075,Europe PMC,journal,2025-11-10,Battery & Critical Minerals,Global,,,,,Research activity,General sample introduction,0.88,0.8,0.26
Selective separation of heavy metals and nitric acid from semiconductor manufacturing wastewater using hydroxyoxime-based extractants and sub-atmospheric thermoseparation,article,https://doi.org/10.1016/j.cej.2025.170439,OpenAlex,journal,2025-11-05,Environmental & Water,KR,Korea Institute of Geoscience and Mineral Resources,https://openalex.org/I4210142421,,,Research activity,General sample introduction,0.88,0.8,0.3
ICP-MS Based Elemental Profiling of Crinum malabaricum: Ecological Applications in Phytoremediation and Bioindication,"ABSTRACT Aim: The present study aims to determine the essential macro and micronutrients, non-essential and potentially toxic heavy metal composition of C. malabaricum and to evaluate its potential role as a bioindicator species in aquatic ",https://doi.org/10.22541/au.176212995.57160275/v1,Wiley,journal,2025-11-03,Pharma & Biopharma,Global,Jawaharlal Nehru Tropical Botanic Garden and Research Institute,,Thermo Fisher,,Research activity,Torches & injectors,0.88,0.78,0.28
Potential-Controlled Deposition of Multilayer CO 2 Reduction Catalyst Films onto Silicon Photoelectrodes Demonstrates Thickness-Dependent Catalytic Rates.,ACS Appl Mater Interfaces,https://europepmc.org/article/MED/41178839,Europe PMC,journal,2025-11-03,Semiconductor & High Purity,Global,,,,,Research activity,Interface cones,0.88,0.8,0.26
"In Vitro and In Vivo Stability Assessment of the Novel, Macrocyclic Gadolinium-Based Contrast Agent Gadoquatrane.",Invest Radiol,https://europepmc.org/article/MED/40359923,Europe PMC,journal,2025-11-01,Research & Academia,Global,,,,,Research activity,Laser ablation interfaces,0.88,0.8,0.26
Private Well Water Safety: Practical Counseling Strategies for Primary Care.,J Am Board Fam Med,https://europepmc.org/article/MED/41720512,Europe PMC,journal,2025-11-01,Environmental & Water,Global,,,,,Research activity,General sample introduction,0.88,0.8,0.26
In situ La Ba geochronology by LA-ICP-MS/MS: A new method to rapidly date LREE-rich minerals,,https://doi.org/10.1016/j.chemgeo.2025.123045,Elsevier BV,journal,2025-11,Battery & Critical Minerals,Global,,,,,Research activity,Laser ablation interfaces,0.88,0.78,0.28
Measurement of uranium samples for nuclear forensics by laser ablation multi-collector inductively coupled plasma mass spectrometry using a pre-cell mass filter for collision/reaction cell (MC-ICP-MS/MS),,https://doi.org/10.1016/j.sab.2025.107287,Elsevier BV,journal,2025-11,Research & Academia,Global,,,,,Research activity,Torches & injectors,0.88,0.78,0.28
Recent advances in engineering chitosan-based nanoplatforms in biotherapeutic multi-delivery for multi-targeted disease treatments: Promises and outlooks,article,https://doi.org/10.1016/j.colcom.2025.100861,OpenAlex,journal,2025-10-30,Clinical & Life Science,IR,Iran University of Science and Technology,https://openalex.org/I67009956,,,Research activity,ICP-TOF / mass cytometry,0.88,0.8,0.3
On the rapid determination of strontium-90 in milk and drinking water using ICP-MS/MS for emergency preparedness,,https://doi.org/10.1007/s10967-025-10485-5,Springer Science and Business Media LLC,journal,2025-10-29,Environmental & Water,Global,,,,,Research activity,General sample introduction,0.88,0.78,0.28
Biocompatibility assessment of encapsulation materials for micro LED biomedical applications: in vivo and in vitro studies,article,https://doi.org/10.1007/s13534-025-00516-1,OpenAlex,journal,2025-10-28,Clinical & Life Science,KR,Gwangju Institute of Science and Technology,https://openalex.org/I39534123,,,Research activity,ICP-TOF / mass cytometry,0.88,0.8,0.3
A dry-wet quasi-ALE approach for transition metals: tungsten as a model system,article,https://doi.org/10.1016/j.apsusc.2025.164983,OpenAlex,journal,2025-10-25,Semiconductor & High Purity,BE,IMEC,https://openalex.org/I4210114974,,,Research activity,General sample introduction,0.88,0.8,0.3
Carboxylated Polystyrene Particles for Plastic Standards in Laser Ablation ICP–MS Trace Elements Analysis: Analytical Aspects and Environmental Relevance,article,https://doi.org/10.1021/acsmeasuresciau.5c00107,OpenAlex,journal,2025-10-24,Environmental & Water,FR,Centre National de la Recherche Scientifique,https://openalex.org/I1294671590,,,Research activity,Laser ablation interfaces,0.88,0.8,0.3
"Geochemical, geochronological, and environmental applications of tandem inductively coupled plasma mass spectrometry (ICP-MS/MS): A review",,https://doi.org/10.1007/s12665-025-12611-8,Springer Science and Business Media LLC,journal,2025-10-24,Clinical & Life Science,Global,,,,,Research activity,Torches & injectors,0.88,0.78,0.28
Determination of Essential and Toxic Elements by ICP–MS in Herbal Medicines,article,https://doi.org/10.1021/acsomega.5c05971,OpenAlex,journal,2025-10-23,Pharma & Biopharma,BR,Universidade Federal de São Paulo,https://openalex.org/I88273585,,,Research activity,General sample introduction,0.88,0.8,0.3
Cu-Contamination-Free Hybrid Bonding via MoS 2 Passivation Layer.,Nanomaterials (Basel),https://europepmc.org/article/MED/41149567,Europe PMC,journal,2025-10-21,Semiconductor & High Purity,Global,,,,,Research activity,General sample introduction,0.88,0.8,0.26
Quantitative Detection of Toxic Elements in Food Samples by Inductively Coupled Plasma Mass Spectrometry (ICP-MS),"With industrial development, food safety problems occur frequently. The contamination of harmful elements in food has received widespread attention, especially heavy metal elements such as lead, cadmium, mercury, arsenic, and other heavy me",https://doi.org/10.3390/pr13103361,MDPI AG,journal,2025-10-20,Clinical & Life Science,Global,"Faculty of Science, The University of Hongkong, Pokfulam, Hong Kong",,,,Research activity,Torches & injectors,0.88,0.78,0.28
"Arsenic and heavy metal contamination in drinking water from an industrial zone in Dhaka District, Bangladesh",article,https://doi.org/10.1371/journal.pone.0332601,OpenAlex,journal,2025-10-16,Environmental & Water,BD,Bangladesh Council of Scientific and Industrial Research,https://openalex.org/I17404232,,,Research activity,General sample introduction,0.88,0.8,0.3
Dilute Electrolyte with Vehicular Aggregates for Stable High‐Energy Lithium‐Metal Batteries,article,https://doi.org/10.1002/adma.202512236,OpenAlex,journal,2025-10-16,Battery & Critical Minerals,CN,Shanghai Jiao Tong University,https://openalex.org/I183067930,,,Research activity,General sample introduction,0.88,0.8,0.3
Leaching of Critical Rare-Earth Elements from Industrial Phosphogypsum from the Wizów Deposit,article,https://doi.org/10.1007/s11837-025-07839-5,OpenAlex,journal,2025-10-16,Pharma & Biopharma,PL,Instytut Chemii i Techniki Jądrowej,https://openalex.org/I4210097320,,,Research activity,General sample introduction,0.88,0.8,0.3
ICP-MS for Semiconductor Manufacturing Automation & Compliance: Ensuring Precision and Quality - cuindependent.com,ICP-MS for Semiconductor Manufacturing Automation & Compliance: Ensuring Precision and Quality cuindependent.com,https://news.google.com/rss/articles/CBMivwFBVV95cUxOdEJXMjFzeXhXR2lHYU1kWmlEYW40dVdLMGZOLVBDQlRvb1hBUWxPSHVxc3IwampraWcwS0xfN05mdzBmc0QzY0gzVm9Rbl9pSnE2UGNoY3Q3Z3pwR1A2eXYzUmtkdVRQN1VESmNOblFaSG1WTWRHUWJzbFFhVU9NR1N4Wi1mQ3A0bmdLTXI2T0EyY3FVX0Z6b1NtVDJZRENNb0pOdV9XbzdEUWkyUDZWRTlYeF9qRnFPS1lNbElDYw?oc=5,Google News public RSS,news,2025-10-14,Semiconductor & High Purity,Global,,,,,Regulation,Autosampler & tubing,0.62,0.65,0.58
Critical mineral potential of Indian phosphorites: Evidence of REE enrichment in Ediacaran sediments from the Cuddapah Basin,article,https://doi.org/10.1016/j.gexplo.2025.107918,OpenAlex,journal,2025-10-09,Battery & Critical Minerals,IN,National Geophysical Research Institute,https://openalex.org/I22716965,,,Research activity,General sample introduction,0.88,0.8,0.3
Silver nanoparticles behaviour in exposed human red blood cells by single cell–inductively coupled plasma–mass spectrometry,article,https://doi.org/10.1016/j.talanta.2025.128972,OpenAlex,journal,2025-10-08,Clinical & Life Science,FR,Centre National de la Recherche Scientifique,https://openalex.org/I1294671590,,,Research activity,ICP-TOF / mass cytometry,0.88,0.8,0.3
RioM ‐1: A New Calcite Reference Material for U‐Pb LA ‐ ICP ‐ MS Geochronology,article,https://doi.org/10.1111/ggr.70018,OpenAlex,journal,2025-10-06,Pharma & Biopharma,BR,Universidade Federal de Ouro Preto,https://openalex.org/I10824318,,,Research activity,Laser ablation interfaces,0.88,0.8,0.3
Analytical techniques and source apportionment for heavy metal(loid)s in groundwater: A comprehensive review,article,https://doi.org/10.1016/j.talo.2025.100572,OpenAlex,journal,2025-10-04,Environmental & Water,RS,University of Belgrade,https://openalex.org/I4068193,,,Research activity,General sample introduction,0.88,0.8,0.3
Modulatory effects of CeO2 nanoparticles on bleomycin-induced active pulmonary disease processes in animal and human airway epithelium models,,,Europe PMC,journal,2025-10-01,Research & Academia,Global,,,,,Research activity,Laser ablation interfaces,0.88,0.8,0.26
"Analysis of metal(loid)s and minerals in tissues of fish from a reservoir on the Euphrates River by ICP-MS/MS: health risks, nutritional benefits and correlations with fish size",,https://doi.org/10.1016/j.fct.2025.115652,Elsevier BV,journal,2025-10,Battery & Critical Minerals,Global,,,,,Research activity,General sample introduction,0.88,0.78,0.28
B-198 Comparative Analysis of Inductively Coupled Plasma-Mass Spectrometry (ICP-MS) with Kinetic Energy Discrimination Mode Using Helium and ICP-MS/MS with Collision/Reaction Cell Mode Using Oxygen for Whole Blood Lead Testing,"Abstract Background Lead exposure remains a significant public health concern, linked to mood disorders, hypertension, pregnancy complications, abdominal pain, and cognitive impairments. Since no safe blood lead level has been established, ",https://doi.org/10.1093/clinchem/hvaf086.588,Oxford University Press (OUP),journal,2025-10,Clinical & Life Science,Global,"Indiana University School of Medicine , Indianapolis, Indiana",,Agilent,,Research activity,Interface cones,0.88,0.78,0.28
Optimization and validation of a microwave assisted acid dissolution method for the complete dissolution of both γ and α – alumina for the analysis of trace elemental impurities using ICP-OES and ICP-MS,,https://doi.org/10.1016/j.microc.2025.115004,Elsevier BV,journal,2025-10,Pharma & Biopharma,Global,,,,,Research activity,General sample introduction,0.88,0.78,0.28
Rapid and precise determination of elemental impurities in pharmaceutical products by ICP-MS using combined standard addition and isotope dilution methods,,https://doi.org/10.1016/j.microc.2025.114785,Elsevier BV,journal,2025-10,Pharma & Biopharma,Global,,,,,Research activity,General sample introduction,0.88,0.78,0.28
Refining Methods to Determine the Isotopic Composition of Uranium Particles by Laser Ablation MC-ICP-MS,,https://doi.org/10.2172/3022091,Office of Scientific and Technical Information (OSTI),journal,2025-09-30,Research & Academia,Global,"Lawrence Livermore National Laboratory (LLNL), Livermore, CA (United States)",,,,Research activity,Laser ablation interfaces,0.88,0.78,0.28
Engineering Lanthanide Ion-Labeled Aptamers for ICP-MS Profiling of Serum-Derived Extracellular Vesicles from Colorectal Cancer,article,https://doi.org/10.1021/jacsau.5c00641,OpenAlex,journal,2025-09-25,Clinical & Life Science,CN,Chinese Academy of Sciences,https://openalex.org/I19820366,,,Research activity,ICP-TOF / mass cytometry,0.88,0.8,0.3
New state-of-the-art ICP-MS platform now operational - University of Tasmania,New state-of-the-art ICP-MS platform now operational University of Tasmania,https://news.google.com/rss/articles/CBMitgFBVV95cUxNTlhtSzdudGZOdk9FNWRYY1VrMzB6aUZFZ09UanBlRDBrTnBta0ljNEhEQV9meUhDZ1lKT292dmd2QVdlbkowN0JVZjlCVk9QTUtoUUkyZlBtM2xiNUtuZS1zbUtJc0paaXpDV1B1MHppY0plYW9MdWZIVVNxWU5oUENJSTZJOVR2c2plbFNUbmYwNlpTS3pTOFB4TkNGNEdnRjR0ZEJxX1BkbGJjSDFtLU1tNV95UQ?oc=5,Google News public RSS,news,2025-09-24,Research & Academia,Global,,,,,Instrument installation,General sample introduction,0.62,0.65,0.88
A review of the emerging role of engineered nanomaterials as nanoadsorbents in enhanced drinking water defluoridation,article,https://doi.org/10.1007/s44274-025-00345-0,OpenAlex,journal,2025-09-20,Environmental & Water,IN,Sri Sathya Sai Institute of Higher Learning,https://openalex.org/I4819740,,,Research activity,General sample introduction,0.88,0.8,0.3
"Early diagenetic controls on color variation in Eocene red beds: a case study from the Gercus Formation, Zagros Basin, Kurdistan Region, Iraq",article,https://doi.org/10.2110/jsr.2025.005,OpenAlex,journal,2025-09-18,Research & Academia,CZ,Palacký University Olomouc,https://openalex.org/I70703428,,,Research activity,Laser ablation interfaces,0.88,0.8,0.3
Rapid determination of heavy metals and arsenic in herbal medicines using energy-dispersive X-ray fluorescence spectrometry.,J Nat Med,https://europepmc.org/article/MED/40963030,Europe PMC,journal,2025-09-17,Pharma & Biopharma,Global,,,,,Research activity,General sample introduction,0.88,0.8,0.26
Two-stage heavy metal enrichment during carbonate rock weathering-pedogenesis: Micro-scale evidence from soil-rock interface,article,https://doi.org/10.1016/j.jhazmat.2025.139910,OpenAlex,journal,2025-09-17,Battery & Critical Minerals,CN,Sichuan University,https://openalex.org/I24185976,,,Research activity,Interface cones,0.88,0.8,0.3
Analysis of Heavy Metals in Industrial Wastewater Using Inductively Coupled Plasma Mass Spectrometry (ICP-MS),"This study focuses on the quantitative analysis of heavy metals in industrial wastewater using Inductively Coupled Plasma Mass Spectrometry (ICP-MS). The primary objective was to assess the concentrations of lead (Pb), cadmium (Cd), chromiu",https://doi.org/10.53555/s26vtk11,Green Publication,journal,2025-09-15,Environmental & Water,Global,,,,,Research activity,Torches & injectors,0.88,0.78,0.28
"Metallogenic environment for lithium mineralisation in bauxite from Salal-Haimna area, Reasi, North West Himalaya of Jammu-Kashmir, India",article,https://doi.org/10.1007/s44288-025-00240-4,OpenAlex,journal,2025-09-15,Battery & Critical Minerals,IN,Geological Survey of India,https://openalex.org/I64389444,,,Research activity,Laser ablation interfaces,0.88,0.8,0.3
Patterns of Autoimmune Biomarkers among Metal/Metalloid and Organochemical-Exposed Native American/Alaska Native Tribal members,"Tribal communities have been struggling for decades with many gene-associated, environmentally-induced chronic diseases, such as type II diabetes, cardiovascular diseases, stroke, and several types of cancers, all of which have been associa",https://reporter.nih.gov/project-details/1R21ES037735-01,NIH RePORTER,grant,2025-09-15,Environmental & Water,NM,UNIVERSITY OF NEW MEXICO HEALTH SCIS CTR,,,,Funding,Torches & injectors,0.88,0.55,0.67
(R21) Physicochemical and toxicological assessment of the particulate matter (PM) from the Los Angeles Wildland-Urban Interface (WUI) Fires and its impact on respiratory health,"EXECUTIVE SUMMARY/ABSTRACT The increasing frequency and intensity of wildfires are having serious public health consequences. Wildfire exposures have adverse health impacts, but the specific mechanistic effects remain unknown, especially fo",https://reporter.nih.gov/project-details/1R21ES038066-01,NIH RePORTER,grant,2025-09-12,Environmental & Water,NJ,RUTGERS BIOMEDICAL AND HEALTH SCIENCES,,,,Funding,Interface cones,0.88,0.82,0.67
Characterizing Metals and PFAS leaching from Tampons and their Adverse Effects on a Human Vaginal Mucosa Cell Model,"Project Summary More than 300 million people worldwide menstruate every day. However, the health of menstruators has been largely overlooked in medical research, health care, and policy but access to safe menstrual products is para- mount. ",https://reporter.nih.gov/project-details/1R21ES037785-01,NIH RePORTER,grant,2025-09-11,Pharma & Biopharma,NY,COLUMBIA UNIVERSITY HEALTH SCIENCES,,,,Funding,Torches & injectors,0.88,0.55,0.67
Emerging Analytical Techniques for Rare Earth Element Study: Basic Principles and Cutting-Edge Developments,article,https://doi.org/10.3390/analytica6030035,OpenAlex,journal,2025-09-10,Battery & Critical Minerals,ID,National Nuclear Energy Agency of Indonesia,https://openalex.org/I4210158665,,,Research activity,General sample introduction,0.88,0.8,0.3
Selenium Supplementation for Moderate-Severe Ulcerative Colitis Flares,"Selenium deficiency is common in ulcerative colitis (UC), even during periods of quiescent disease, and deficiency of selenium in UC is associated with an increased risk for disease flares and need for colectomy. Recent evidence demonstrate",https://reporter.nih.gov/project-details/5R01DK144103-02,NIH RePORTER,grant,2025-09-10,Environmental & Water,IL,NORTHWESTERN UNIVERSITY,,,,Funding,Nebulizers,0.88,0.55,0.67
Selenium Supplementation for Moderate-Severe Ulcerative Colitis Flares,"Selenium deficiency is common in ulcerative colitis (UC), even during periods of quiescent disease, and deficiency of selenium in UC is associated with an increased risk for disease flares and need for colectomy. Recent evidence demonstrate",https://reporter.nih.gov/project-details/1R01DK144103-01,NIH RePORTER,grant,2025-09-10,Environmental & Water,IL,NORTHWESTERN UNIVERSITY,,,,Funding,Nebulizers,0.88,0.55,0.67
A High-temperature and High-pressure Sintered Calcite Ceramic Reference Material CAL-D for in Situ Trace Element Microanalysis of Calcite by LA-ICP-MS,article,https://doi.org/10.46770/as.2025.093,OpenAlex,journal,2025-09-04,Pharma & Biopharma,CN,Chinese Academy of Geological Sciences,https://openalex.org/I2802497816,,,Research activity,Torches & injectors,0.88,0.8,0.3
Determination of Trace Level 241Pu and 241Am in Soil Reference Materials by Mass-shift ICP-MS/MS with UTEVA-DGA Chromatographic Separation,,https://doi.org/10.46770/as.2025.099,Atomic Spectroscopy Press Limited,journal,2025-09-04,Environmental & Water,Global,,,,,Research activity,ICP-TOF / mass cytometry,0.88,0.78,0.28
Classification of European Illex coindetii and Loligo forbesii Squid Stocks by Trace Element Analysis of Statoliths,article,https://doi.org/10.1111/fme.70016,OpenAlex,journal,2025-09-02,Research & Academia,DE,University of Rostock,https://openalex.org/I4665924,,,Research activity,Laser ablation interfaces,0.88,0.8,0.3
Ozone-mediated breakdown of microplastics in aqueous environments.,J Anal At Spectrom,https://europepmc.org/article/MED/40932909,Europe PMC,journal,2025-09-02,Environmental & Water,Global,,,,,Research activity,Laser ablation interfaces,0.88,0.8,0.26
Advances in ICP‐MS‐Based Nanoparticle Characterization: Techniques and Challenges in Biological Sample Analysis,article,https://doi.org/10.1002/jssc.70259,OpenAlex,journal,2025-09-01,Semiconductor & High Purity,CZ,Palacký University Olomouc,https://openalex.org/I70703428,,,Research activity,General sample introduction,0.88,0.8,0.3
Rapid identification method for inclusions in evaluating high-purity quartz,article,https://doi.org/10.1007/s12613-024-3066-6,OpenAlex,journal,2025-09-01,Semiconductor & High Purity,CN,China University of Geosciences (Beijing),https://openalex.org/I3125743391,,,Research activity,General sample introduction,0.88,0.8,0.3
Accurate and precise 230Th/232Th isotope ratio measurement by multi-collector inductively coupled plasma mass spectrometry using a pre-cell mass filter for collision/reaction cell (MC-ICP-MS/MS),,https://doi.org/10.1016/j.talanta.2025.127896,Elsevier BV,journal,2025-09,Clinical & Life Science,Global,,,,,Research activity,Torches & injectors,0.88,0.78,0.28
Laser ablation ICP-MS study of trace elements in scheelite in different types of mineralization from the Bohemian Massif,,https://doi.org/10.7306/gq.1798,Polish Geological Institute - National Research Institute (PGI-NRI),journal,2025-08-29,Research & Academia,Global,,,,,Research activity,Laser ablation interfaces,0.88,0.78,0.28
Elemental Impurity Detection Technique in Fluorodeoxyglucose (18F) Using Inductively Coupled Plasma Mass Spectrometry: Development and Validation,article,https://doi.org/10.30895/1991-2919-2025-15-4-444-450,OpenAlex,journal,2025-08-28,Pharma & Biopharma,Global,,,,,Research activity,Torches & injectors,0.88,0.8,0.3
"Direct Dating of Natural Fracturing System in the Jurassic Source Rocks, NE-Iraq: Age Constraint on Multi Fracture-Filling Cements and Fractures Associated with Hydrocarbon Phases/Migration Utilizing LA ICP MS","This study provides a detailed geochronological paragenesis of fracture systems from the Upper Jurassic petroleum source formation in NE Iraq, utilizing U-Pb dating, integrated with microprobe analyses and petrographic studies. Five fractur",https://doi.org/10.3390/min15090907,MDPI AG,journal,2025-08-27,Battery & Critical Minerals,Global,"Department of Petroleum Geosciences, Science Faculty, Soran University, Erbil 4400, Iraq",,,,Research activity,Autosampler & tubing,0.88,0.78,0.28
Heavy metal analysis in commercial spices and herbs by inductively coupled plasma mass spectrometry (ICP-MS) and estimated dietary exposure,article,https://doi.org/10.20517/jeea.2025.10,OpenAlex,journal,2025-08-27,Environmental & Water,AU,Griffith University,https://openalex.org/I11701301,,,Research activity,Torches & injectors,0.88,0.8,0.3
Immune profiling in oncology: bridging the gap between technology and treatment,article,https://doi.org/10.1007/s12032-025-03002-x,OpenAlex,journal,2025-08-26,Clinical & Life Science,MY,Universiti Sains Malaysia,https://openalex.org/I139322472,,,Research activity,ICP-TOF / mass cytometry,0.88,0.8,0.3
Mass spectrometric imaging and quantitative analysis of the in vivo biodistribution of trastuzumab using a rhodium(iii) sarcophagine complex.,Inorg Chem Front,https://europepmc.org/article/MED/40900767,Europe PMC,journal,2025-08-26,Clinical & Life Science,Global,,,,,Research activity,ICP-TOF / mass cytometry,0.88,0.8,0.26
"Review for ""Development and validation of an ICP-MS/MS method for the multielemental analysis of cerebrospinal fluid, examination of Alzheimer’s disease samples""",,https://doi.org/10.1111/jnc.70307/v1/review2,Wiley,journal,2025-08-26,Battery & Critical Minerals,Global,,,,,Research activity,General sample introduction,0.88,0.78,0.28
Apoptosis-Inducing Effect of Cytocompatible Poly(Acrylic Acid)-Coated Temperature-Sensitive Mn0.9Zn0.1Fe2O4 Magnetic Fluid on Breast Cancer Cells MCF-7,article,https://doi.org/10.1021/acsabm.5c01075,OpenAlex,journal,2025-08-25,Clinical & Life Science,IN,Charotar University of Science and Technology,https://openalex.org/I33459947,,,Research activity,ICP-TOF / mass cytometry,0.88,0.8,0.3
Arsenic speciation using HPLC–ICP–MS in white and brown rice and health risk assessment,article,https://doi.org/10.1007/s10653-025-02723-2,OpenAlex,journal,2025-08-25,Environmental & Water,MY,Universiti Putra Malaysia,https://openalex.org/I130343225,,,Research activity,General sample introduction,0.88,0.8,0.3
Spatial distribution of cadmium and mineral nutrients in grains of low- and high-cadmium accumulating Rice cultivars by laser ablation ICP-MS,article,https://doi.org/10.1016/j.foodchem.2025.146113,OpenAlex,journal,2025-08-25,Research & Academia,CN,Zhejiang University,https://openalex.org/I76130692,,,Research activity,Laser ablation interfaces,0.88,0.8,0.3
Delineating the Triphasic Side Reaction Products in High‐Energy Density Lithium‐Ion Batteries,article,https://doi.org/10.1002/adma.202509889,OpenAlex,journal,2025-08-23,Battery & Critical Minerals,US,Walker (United States),https://openalex.org/I4210164117,,,Research activity,General sample introduction,0.88,0.8,0.3
Volatility of mercury and related volatile metals at magmatic temperatures,article,https://doi.org/10.1016/j.chemgeo.2025.123018,OpenAlex,journal,2025-08-23,Research & Academia,FR,Centre de Recherches Pétrographiques et Géochimiques,https://openalex.org/I4210102569,,,Research activity,Laser ablation interfaces,0.88,0.8,0.3
"Geochemical behavior of gold and critical metals in the Goongarrie Ni-laterites, Western Australia",article,https://doi.org/10.1016/j.oregeorev.2025.106850,OpenAlex,journal,2025-08-22,Research & Academia,AU,Australian Resources Research Centre,https://openalex.org/I4210138528,,,Research activity,Laser ablation interfaces,0.88,0.8,0.3
"Source dynamics and environmental risk of street dust as a vector of human exposure to potentially toxic elements in Istanbul, Türkiye",article,https://doi.org/10.1038/s41598-025-11472-2,OpenAlex,journal,2025-08-20,Environmental & Water,TR,Giresun University,https://openalex.org/I148202161,,,Research activity,General sample introduction,0.88,0.8,0.3
Biodistribution of nanoplastics in mice: advancing analytical techniques using metal-doped plastics,article,https://doi.org/10.1038/s42003-025-08709-1,OpenAlex,journal,2025-08-19,Clinical & Life Science,DE,Universität Hamburg,https://openalex.org/I159176309,,,Research activity,ICP-TOF / mass cytometry,0.88,0.8,0.3
Development and Validation of a Method for Vitamin B12 Measurement in Nutritional Products by HPLC-ICP-MS,article,https://doi.org/10.1007/s12161-025-02882-z,OpenAlex,journal,2025-08-19,Environmental & Water,US,Center for Food Safety and Applied Nutrition,https://openalex.org/I1285792802,,,Research activity,General sample introduction,0.88,0.8,0.3
Determination of the Isotopic Composition of Indium by MC-ICP-MS Using an Improved Measurement Model for the Gravimetric Isotope Mixture Method,article,https://doi.org/10.1021/acs.analchem.5c00878,OpenAlex,journal,2025-08-15,Pharma & Biopharma,CA,National Research Council Canada,https://openalex.org/I4210159778,,,Research activity,General sample introduction,0.88,0.8,0.3
Zinc Supplementation in SCD: A Precursor to the Think Zinc for Bones Trial,"Abstract Patients with sickle cell disease (SCD) experience early onset bone morbidity; 60% of young adults with SCD live with low bone mass and are at increased risk for fracture. Zinc, an essential trace mineral, is crucial for red cell s",https://reporter.nih.gov/project-details/1R34HL177448-01A1,NIH RePORTER,grant,2025-08-15,Battery & Critical Minerals,CA,"UNIVERSITY OF CALIFORNIA, SAN FRANCISCO",,,,Funding,General sample introduction,0.88,0.55,0.67
Zinc Supplementation in SCD: A Precursor to the Think Zinc for Bones Trial,"Abstract Patients with sickle cell disease (SCD) experience early onset bone morbidity; 60% of young adults with SCD live with low bone mass and are at increased risk for fracture. Zinc, an essential trace mineral, is crucial for red cell s",https://reporter.nih.gov/project-details/5R34HL177448-02,NIH RePORTER,grant,2025-08-15,Battery & Critical Minerals,CA,"UNIVERSITY OF CALIFORNIA, SAN FRANCISCO",,,,Funding,General sample introduction,0.88,0.55,0.67
ICP-MS interface cone selection and maintenance receives renewed technical focus,"A major instrument manufacturer published updated technical guidance on cone selection, maintenance, sensitivity, stability and reliability.",https://www.agilent.com/en/product/atomic-spectroscopy/inductively-coupled-plasma-mass-spectrometry-icp-ms,Instrument manufacturer technical resource,manufacturer,2025-08-14,General ICP-MS,Global,,,,,Operational pain,Interface cones,0.78,0.94,0.62
Evaluating the safety and health concerns of plant-based milk alternatives through elemental profiling using ICP-MS,article,https://doi.org/10.1016/j.foohum.2025.100760,OpenAlex,journal,2025-08-13,Environmental & Water,IN,Indian Institute of Toxicology Research,https://openalex.org/I85145500,,,Research activity,General sample introduction,0.88,0.8,0.3
Photoacoustic imaging of endometriosis with nanoparticle contrast agents,"PROJECT SUMMARY Endometriosis is an incurable disease in which endometrial tissue grows outside the uterus, causing affected women to endure pain during periods and/or sexual intercourse and suffer from reduced fertility and diminished qual",https://reporter.nih.gov/project-details/1R21HD119964-01,NIH RePORTER,grant,2025-08-10,Environmental & Water,DE,UNIVERSITY OF DELAWARE,,,,Funding,Interface cones,0.88,0.55,0.67
Comprehensive characterization and extraction implications of ion adsorption rare earth deposit from a South American source,article,https://doi.org/10.1038/s41598-025-14891-3,OpenAlex,journal,2025-08-08,Battery & Critical Minerals,CA,University of Toronto,https://openalex.org/I185261750,,,Research activity,General sample introduction,0.88,0.8,0.3
"RETRACTED: A 12,800-year-old layer with cometary dust, microspherules, and platinum anomaly recorded in multiple cores from Baffin Bay",article,https://doi.org/10.1371/journal.pone.0328347,OpenAlex,journal,2025-08-06,Research & Academia,US,South Carolina Department of Natural Resources,https://openalex.org/I1313861171,,,Research activity,Laser ablation interfaces,0.88,0.8,0.3
Bioanalytical Core (Core B),Bioanalytical Core – Project Summary/Abstract The Bioanalytical Core (Core B) at the University of Arkansas for Medical Sciences (UAMS) provides services to members of the Center for Studies of Host Response to Cancer Therapy and other rese,https://reporter.nih.gov/project-details/1P30GM159561-01,NIH RePORTER,grant,2025-08-01,Pharma & Biopharma,AR,UNIV OF ARKANSAS FOR MED SCIS,,,,Funding,Torches & injectors,0.88,0.55,0.67
Bioanalytical Core (Core B),Bioanalytical Core – Project Summary/Abstract The Bioanalytical Core (Core B) at the University of Arkansas for Medical Sciences (UAMS) provides services to members of the Center for Studies of Host Response to Cancer Therapy and other rese,https://reporter.nih.gov/project-details/5P30GM159561-02,NIH RePORTER,grant,2025-08-01,Pharma & Biopharma,AR,UNIV OF ARKANSAS FOR MED SCIS,,,,Funding,Torches & injectors,0.88,0.55,0.67
Circular Dichroism Spectrometer,"Project Summary Texas State University requests a Jasco J-1500 CD spectrometer with accessories for automated sampling, automated titrations, fluorescence detection, and multi- and micro-sample holders for the study of protein and nucleic a",https://reporter.nih.gov/project-details/1S10GM158770-01,NIH RePORTER,grant,2025-08-01,Research & Academia,TX,TEXAS STATE UNIVERSITY,,Agilent,,Funding,Torches & injectors,0.88,0.82,0.67
Determination of the Elemental Impurity Levels in Different Mushroom Species and Probabilistic Risk Assessment,article,https://doi.org/10.1002/tox.24556,OpenAlex,journal,2025-08-01,Pharma & Biopharma,TR,Van Yüzüncü Yıl Üniversitesi,https://openalex.org/I118567650,,,Research activity,General sample introduction,0.88,0.8,0.3
Dual-Ligand Metal–Organic Framework for Ultrasensitive Fluorescence Detection of Uranium: An In Situ Trace Enrichment Strategy to Overcome Concentration Limitations,article,https://doi.org/10.1021/jacsau.5c00663,OpenAlex,journal,2025-08-01,Semiconductor & High Purity,CN,State Key Laboratory of Pollution Control and Resource Reuse,https://openalex.org/I4210090489,,,Research activity,General sample introduction,0.88,0.8,0.3
MRI contrast agents based on iron as alternatives to gadolinium agents.,"Abstract/Summary Iron coordination complexes are under development as alternatives to gadolinium-based MRI contrast agents (GBCA) to address the concerns of Gd retention in human bone and tissue. The important role of iron in human biology,",https://reporter.nih.gov/project-details/1R41CA301774-01,NIH RePORTER,grant,2025-08-01,Environmental & Water,NY,"FERRIC CONTRAST, INC.",,,,Funding,Torches & injectors,0.88,0.55,0.67
"PM2.5 Metals, Oxidative Potential, Exposure, and Risk Assessment (PM OPERA): A National Morbidity and Mortality Study","Outdoor fine particulate air pollution (PM2.5, particles with aerodynamic diameter < 2.5 𝜇m) is a leading cause of global morbidity and mortality, contributing to millions of premature deaths each year. Little is known about the extent to w",https://reporter.nih.gov/project-details/5R01ES035767-02,NIH RePORTER,grant,2025-08-01,Environmental & Water,CO,COLORADO STATE UNIVERSITY,,,,Funding,General sample introduction,0.88,0.55,0.67
Top-down generated micro- and nanoplastics reduce macrophage viability without eliciting a pro-inflammatory response,article,https://doi.org/10.1186/s43591-025-00138-5,OpenAlex,journal,2025-08-01,Clinical & Life Science,NL,Utrecht University,https://openalex.org/I193662353,,,Research activity,ICP-TOF / mass cytometry,0.88,0.8,0.3
Identifying a potential role of immune cells in gadolinium deposition within the brain,article,https://doi.org/10.1186/s12987-025-00674-5,OpenAlex,journal,2025-07-29,Clinical & Life Science,CH,University of Bern,https://openalex.org/I118564535,,,Research activity,ICP-TOF / mass cytometry,0.88,0.8,0.3
Investigating Zinc Migration from Rigid Needle Shield to Drug Formulation in Needle Tip of Pre-filled Syringe,article,https://doi.org/10.1007/s11095-025-03888-2,OpenAlex,journal,2025-07-29,Clinical & Life Science,US,"Merck & Co., Inc., Rahway, NJ, USA (United States)",https://openalex.org/I1285764155,,,Research activity,ICP-TOF / mass cytometry,0.88,0.8,0.3
"Modes of occurrence and influencing factors of lithium in Li-rich coal from the Jungar coalfield, China, insights of LA-ICP-MS",article,https://doi.org/10.1007/s40789-025-00823-z,OpenAlex,journal,2025-07-29,Battery & Critical Minerals,CN,China University of Geosciences (Beijing),https://openalex.org/I3125743391,,,Research activity,Laser ablation interfaces,0.88,0.8,0.3
GGR Handbook of Rock and Mineral Analysis Chapter 12 Laser Ablation‐ ICP ‐ MS for the In Situ Analysis of Geological Samples,article,https://doi.org/10.1111/ggr.70004,OpenAlex,journal,2025-07-27,Research & Academia,US,Friends United,https://openalex.org/I4210085975,,,Research activity,Laser ablation interfaces,0.88,0.8,0.3
Interconvertible and rejuvenated Lewis acidic electrolyte additive for lean electrolyte lithium sulfur batteries,article,https://doi.org/10.1038/s41467-025-62169-z,OpenAlex,journal,2025-07-24,Battery & Critical Minerals,KR,Korea Advanced Institute of Science and Technology,https://openalex.org/I157485424,,,Research activity,General sample introduction,0.88,0.8,0.3
Single cell ICP-MS for the assessment of potential nephroprotectors against cisplatin,article,https://doi.org/10.1007/s00604-025-07383-8,OpenAlex,journal,2025-07-23,Clinical & Life Science,ES,Universidad Complutense de Madrid,https://openalex.org/I121748325,,,Research activity,ICP-TOF / mass cytometry,0.88,0.8,0.3
Inhibiting inter-layer gliding in transition metal layered oxides through interphase engineering for sodium-ion batteries,article,https://doi.org/10.1038/s41467-025-61065-w,OpenAlex,journal,2025-07-21,Battery & Critical Minerals,CN,Wuhan University of Technology,https://openalex.org/I196699116,,,Research activity,General sample introduction,0.88,0.8,0.3
Water Oxidation and Degradation Mechanisms of BiVO 4 Photoanodes in Bicarbonate Electrolytes.,ACS Catal,https://europepmc.org/article/MED/40772286,Europe PMC,journal,2025-07-16,Battery & Critical Minerals,Global,,,,,Research activity,General sample introduction,0.88,0.8,0.26
Targeting Intracellular miRNA in Different Cancer Cell Models Using Gold Nanoprobes and Combined Mass Cytometry and Single Particle ICP-MS,,https://doi.org/10.1021/acs.nanolett.5c02886,American Chemical Society (ACS),journal,2025-07-15,Clinical & Life Science,Global,"Department of Physical and Analytical Chemistry, Faculty of Chemistry, University of Oviedo, Julián Clavería 8, 33006 Oviedo, Spain",,,,Research activity,Autosampler & tubing,0.88,0.78,0.28
Upgrading Ion Migration and Interface Chemistry via a Cyano-Containing COF in a Single-Ion Conductive Polymer toward High-Voltage Lithium–Metal Batteries,article,https://doi.org/10.1021/jacs.5c08267,OpenAlex,journal,2025-07-11,Battery & Critical Minerals,HK,Hong Kong University of Science and Technology,https://openalex.org/I200769079,,,Research activity,Interface cones,0.88,0.8,0.3
Colloidal quantum dots for optoelectronics,review,https://doi.org/10.1038/s43586-025-00413-y,OpenAlex,journal,2025-07-10,Semiconductor & High Purity,NL,Delft University of Technology,https://openalex.org/I98358874,,,Research activity,General sample introduction,0.88,0.8,0.3
"ICP-MS-based quantitative analysis and risk assessment of metal(loid)s in fish species from Chennai, India",article,https://doi.org/10.3389/fpubh.2025.1609067,OpenAlex,journal,2025-07-08,Battery & Critical Minerals,IN,Vellore Institute of Technology University,https://openalex.org/I876193797,,,Research activity,General sample introduction,0.88,0.8,0.3
Ionically Conductive Elastic Polymer Binder for Ultrahigh Loading Electrode in High‐Energy‐Density Lithium Batteries,article,https://doi.org/10.1002/adma.202506266,OpenAlex,journal,2025-07-07,Battery & Critical Minerals,KR,Pohang University of Science and Technology,https://openalex.org/I123900574,,,Research activity,General sample introduction,0.88,0.8,0.3
Sodium-induced phase shift in α-NaMnO2 and electrochemical properties of the full cells using hard carbon anodes derived from regional olive leaves,article,https://doi.org/10.1007/s42823-025-00942-2,OpenAlex,journal,2025-07-05,Battery & Critical Minerals,TR,Inonu University,https://openalex.org/I20126385,,,Research activity,General sample introduction,0.88,0.8,0.3
Biological Impact of True-to-Life PET and Titanium-Doped PET Nanoplastics on Human-Derived Monocyte (THP-1) Cells,article,https://doi.org/10.3390/nano15131040,OpenAlex,journal,2025-07-04,Clinical & Life Science,ES,Universitat Autònoma de Barcelona,https://openalex.org/I123044942,,,Research activity,ICP-TOF / mass cytometry,0.88,0.8,0.3
Hydrogen sensing with high-performance via O- ion spillover at Pd single atoms stabilized SnO2 interface,article,https://doi.org/10.1038/s43246-025-00865-5,OpenAlex,journal,2025-07-04,Semiconductor & High Purity,CN,Hefei University of Technology,https://openalex.org/I16365422,,,Research activity,Interface cones,0.88,0.8,0.3
Intracellular iron measurements by ICP-MS v1,This protocol describes intracellular iron measurements performed by Inductively coupled Plasma-Mass spectrometry.,https://doi.org/10.17504/protocols.io.j8nlkyb41g5r/v1,Springer Science and Business Media LLC,journal,2025-06-29,Environmental & Water,Global,,,,,Research activity,Torches & injectors,0.88,0.78,0.28
Digital Immunoassay for Biomarker Detection Based on Single-Particle Laser Ablation ICP MS,article,https://doi.org/10.1021/acs.analchem.5c00641,OpenAlex,journal,2025-06-25,Clinical & Life Science,CZ,Masaryk University,https://openalex.org/I21449261,,,Research activity,Laser ablation interfaces,0.88,0.8,0.3
Prussian Blue Analogs for Zinc Hybrid Ion Batteries: A Promising and Competitive Alternative to Aqueous Zinc‐Ion Batteries,article,https://doi.org/10.1002/exp.20240180,OpenAlex,journal,2025-06-22,Battery & Critical Minerals,CN,Zhejiang University of Technology,https://openalex.org/I55712492,,,Research activity,General sample introduction,0.88,0.8,0.3
"Manganese and iron in drinking water in three West-African countries: Implications for health, acceptability, and disinfection",article,https://doi.org/10.1371/journal.pwat.0000234,OpenAlex,journal,2025-06-18,Environmental & Water,US,University of North Carolina at Chapel Hill,https://openalex.org/I114027177,,,Research activity,General sample introduction,0.88,0.8,0.3
Mechanisms of Anode Interfacial Phenomena and Multi‐perspective Optimization in Aqueous Alkaline Zinc‐Air Batteries,article,https://doi.org/10.1002/adfm.202510263,OpenAlex,journal,2025-06-16,Battery & Critical Minerals,AU,The University of Queensland,https://openalex.org/I165143802,,,Research activity,General sample introduction,0.88,0.8,0.3
Rare earth element recycling: a review on sustainable solutions and impacts on semiconductor and chip industries,article,https://doi.org/10.1007/s10163-025-02276-7,OpenAlex,journal,2025-06-16,Battery & Critical Minerals,US,Wichita State University,https://openalex.org/I39587148,,,Research activity,General sample introduction,0.88,0.8,0.3
"Tracking the journey: Europium-doped polystyrene nanoplastics distribution in a model invertebrate (terrestrial isopod, Porcellio scaber, Crustacea) upon dietary exposure",article,https://doi.org/10.1016/j.ecoenv.2025.118491,OpenAlex,journal,2025-06-12,Research & Academia,SI,University of Ljubljana,https://openalex.org/I153976015,,,Research activity,Laser ablation interfaces,0.88,0.8,0.3
Surface nanoparticle monitoring for plasma etching chamber components using single particle inductively coupled plasma mass spectrometry (SP ICP-MS),article,https://doi.org/10.1116/6.0004481,OpenAlex,journal,2025-06-11,Semiconductor & High Purity,US,Air Liquide (United States),https://openalex.org/I4210133947,,,Research activity,Torches & injectors,0.88,0.8,0.3
Tracing Migration Routes of Sepia esculenta in the East China Sea Using ICP‐MS and ICP‐OES Analysis of Cuttlebone Elemental Signatures,"ABSTRACT Rationale Sepia esculenta is a commercially important cephalopod in Chinese coastal waters, exhibiting predictable offshore spawning migrations. Understanding its migratory behavior is critical for sustainable fishery management. B",https://doi.org/10.1002/rcm.10089,Wiley,journal,2025-06-11,Clinical & Life Science,Global,College of Marine Living Resource Sciences and Management Shanghai Ocean University Shanghai China,,Agilent,,Research activity,Torches & injectors,0.88,0.78,0.28
"ICP-MS System Market Trends, Scope and Size Analysis Report - Insightace Analytic","ICP-MS System Market Trends, Scope and Size Analysis Report Insightace Analytic",https://news.google.com/rss/articles/CBMidkFVX3lxTFBOQ0Z4OTdRblVxQWJ4QTZUUmk1UU5SWEt3djRlOUZMUjRxZ1A3OVJRREFJSWlia0d2WDlIVzZWamEtM3RrN2d2OWVMU3ZvVHI3eEp3UlJRS2NQX3BpaEJKNlpFbGdLWE41WXRvNXc2b2pjRGxBSWc?oc=5,Google News public RSS,news,2025-06-09,General ICP-MS,Global,,,,,Market development,General sample introduction,0.62,0.65,0.45
Automated high-temporal-resolution multi-element river water monitoring with ICP-MS,article,https://doi.org/10.1186/s12302-025-01131-8,OpenAlex,journal,2025-06-07,Environmental & Water,DE,Federal Institute of Hydrology,https://openalex.org/I4210128546,,,Research activity,General sample introduction,0.88,0.8,0.3
"Distribution and enrichment of scandium in minerals of the Bayan Obo REE-Nb-Fe deposit, Inner Mongolia, north China",article,https://doi.org/10.1016/j.jseaes.2025.106705,OpenAlex,journal,2025-06-06,Research & Academia,CN,Chinese Academy of Sciences,https://openalex.org/I19820366,,,Research activity,Laser ablation interfaces,0.88,0.8,0.3
Sustainable Recovery of Critical Minerals from Wastes by Green Biosurfactants: A Review,article,https://doi.org/10.3390/molecules30112461,OpenAlex,journal,2025-06-04,Battery & Critical Minerals,CA,Concordia University,https://openalex.org/I60158472,,,Research activity,General sample introduction,0.88,0.8,0.3
Prussian Blue Analogues as Anode Materials for Battery Applications: Complexities and Horizons,article,https://doi.org/10.1021/acs.chemmater.5c00213,OpenAlex,journal,2025-06-03,Battery & Critical Minerals,AT,Institute of Science and Technology Austria,https://openalex.org/I157556583,,,Research activity,General sample introduction,0.88,0.8,0.3
Screening Variants of Unknown Significance to Identify Pathogenic Variants of the Manganese Transporter SLC39A8,"Project Summary/Abstract Manganese (Mn) is a trace element essential for life. As a cofactor of many enzymes, Mn is crucial for many biological processes in humans. On the other hand, excessive Mn causes neurological disorders, including dy",https://reporter.nih.gov/project-details/1R03TR005599-01,NIH RePORTER,grant,2025-06-01,Clinical & Life Science,MI,MICHIGAN STATE UNIVERSITY,,,,Funding,Torches & injectors,0.88,0.82,0.67
Comparative assessment of uptake and effects of TiO2 and CeO2 nanoparticles in Algae using advanced single-entity analytical techniques,article,https://doi.org/10.1016/j.aquatox.2025.107430,OpenAlex,journal,2025-05-29,Clinical & Life Science,CH,University of Geneva,https://openalex.org/I114457229,,,Research activity,Nebulizers,0.88,0.8,0.3
Speciation of inorganic and organometallic arsenic in various matrices with a novel SPME fiber functionalized with iron nanoparticles prior to LC-ICP-MS determination,article,https://doi.org/10.1016/j.talanta.2025.128373,OpenAlex,journal,2025-05-24,Environmental & Water,TR,Izmir Institute of Technology,https://openalex.org/I120217413,,,Research activity,General sample introduction,0.88,0.8,0.3
Health risk assessment of toxic elements in Kashan drinking water reservoirs using Monte Carlo simulation and sensitivity analysis,article,https://doi.org/10.1038/s41598-025-01847-w,OpenAlex,journal,2025-05-22,Environmental & Water,IR,Kashan University of Medical Sciences,https://openalex.org/I198876898,,,Research activity,Interface cones,0.88,0.8,0.3
Temperature and time dependence on extraction of Molybdenum-99 hot atoms from neutron-irradiated β-molybdenum trioxide particles into water.,RSC Adv,https://europepmc.org/article/MED/40406017,Europe PMC,journal,2025-05-22,Semiconductor & High Purity,Global,,,,,Research activity,General sample introduction,0.88,0.8,0.26
1 Fundamentals for the Chemical Measurement Process,,https://doi.org/10.1515/9783111333946-001,De Gruyter,journal,2025-05-19,Pharma & Biopharma,Global,,,,,Research activity,General sample introduction,0.88,0.78,0.28
2 Atomic absorption spectrometry and atomic fluorescence spectrometry,,https://doi.org/10.1515/9783111333946-002,De Gruyter,journal,2025-05-19,Pharma & Biopharma,Global,,,,,Research activity,General sample introduction,0.88,0.78,0.28
3 Inductively coupled plasma and microwaveinduced plasma optical emission spectroscopy,,https://doi.org/10.1515/9783111333946-003,De Gruyter,journal,2025-05-19,Pharma & Biopharma,Global,,,,,Research activity,Torches & injectors,0.88,0.78,0.28
4 Inductively coupled plasma-mass spectrometry (ICP-MS),,https://doi.org/10.1515/9783111333946-004,De Gruyter,journal,2025-05-19,Pharma & Biopharma,Global,,,,,Research activity,Torches & injectors,0.88,0.78,0.28
5 X-ray fluorescence spectrometry,,https://doi.org/10.1515/9783111333946-005,De Gruyter,journal,2025-05-19,Pharma & Biopharma,Global,,,,,Research activity,General sample introduction,0.88,0.78,0.28
Contents,,https://doi.org/10.1515/9783111333946-toc,De Gruyter,journal,2025-05-19,Pharma & Biopharma,Global,,,,,Research activity,General sample introduction,0.88,0.78,0.28
Frontmatter,,https://doi.org/10.1515/9783111333946-fm,De Gruyter,journal,2025-05-19,Pharma & Biopharma,Global,,,,,Research activity,General sample introduction,0.88,0.78,0.28
Index,,https://doi.org/10.1515/9783111333946-006,De Gruyter,journal,2025-05-19,Pharma & Biopharma,Global,,,,,Research activity,General sample introduction,0.88,0.78,0.28
Elemental and isotopic profiling of potassium perchlorate salts for forensic explosives investigations,article,https://doi.org/10.1016/j.forc.2025.100666,OpenAlex,journal,2025-05-18,Pharma & Biopharma,NL,University of Amsterdam,https://openalex.org/I887064364,,,Research activity,General sample introduction,0.88,0.8,0.3
ICH-Q3D based elemental impurities study in an oral drug product: Risk assessment according to the component approach (option 2b) confirmed by the finished product analysis (option 3).,Ann Pharm Fr,https://europepmc.org/article/MED/40378920,Europe PMC,journal,2025-05-14,Pharma & Biopharma,Global,,,,,Research activity,General sample introduction,0.88,0.8,0.26
Association of Tumor Necrosis Factor Alpha Gene Polymorphism (TNF-α 308 G/A) with Enhanced Severity of Metal-Induced Chronic Kidney Disease via Upregulation of Transmembrane Protein Expression,article,https://doi.org/10.1007/s12011-025-04650-w,OpenAlex,journal,2025-05-12,Clinical & Life Science,EG,Mansoura University,https://openalex.org/I159247623,,,Research activity,ICP-TOF / mass cytometry,0.88,0.8,0.3
Understanding the clearance behaviour of elemental leachables during ultrafiltration/diafiltration from process streams,article,https://doi.org/10.1016/j.jpba.2025.116963,OpenAlex,journal,2025-05-12,Pharma & Biopharma,IE,National Institute for Bioprocessing Research and Training,https://openalex.org/I4210153114,,,Research activity,General sample introduction,0.88,0.8,0.3
Biomineralization of semiconductor quantum dots using DNA-functionalized protein nanoreactors,article,https://doi.org/10.1126/sciadv.adv6906,OpenAlex,journal,2025-05-07,Semiconductor & High Purity,US,Northwestern University,https://openalex.org/I111979921,,,Research activity,General sample introduction,0.88,0.8,0.3
Panoramic lead-immune system interactome reveals diversified mechanisms of immunotoxicity upon chronic lead exposure,article,https://doi.org/10.1007/s10565-025-10034-6,OpenAlex,journal,2025-05-07,Clinical & Life Science,CN,State Key Laboratory of Oncogene and Related Genes,https://openalex.org/I4210138900,,,Research activity,ICP-TOF / mass cytometry,0.88,0.8,0.3
Synergistic Molecular Engineering Strategies for Enhancing Diffusion Kinetics and Interfacial Stability of the δ‐MnO 2 Cathode in Aqueous Zinc‐Ion Batteries,article,https://doi.org/10.1002/cey2.70014,OpenAlex,journal,2025-05-07,Battery & Critical Minerals,CN,Chinese Academy of Sciences,https://openalex.org/I19820366,,,Research activity,General sample introduction,0.88,0.8,0.3
Elemental Analysis,,https://doi.org/10.1515/9783111333946,De Gruyter,journal,2025-05-06,Pharma & Biopharma,Global,,,,,Research activity,General sample introduction,0.88,0.78,0.28
Multiscale interfacial stabilization via prelithiation separator engineering for Ah-level anode-free lithium batteries,article,https://doi.org/10.1038/s41467-025-59521-8,OpenAlex,journal,2025-05-03,Battery & Critical Minerals,CN,Northwestern Polytechnical University,https://openalex.org/I17145004,,,Research activity,General sample introduction,0.88,0.8,0.3
Tellurium Speciation via Frontal Chromatography ICP-MS: An Innovative and Effective Approach for the Ultratrace Detection in Environmental Matrices,article,https://doi.org/10.1007/s41664-025-00366-x,OpenAlex,journal,2025-04-30,Battery & Critical Minerals,IT,University of Insubria,https://openalex.org/I115752224,,,Research activity,General sample introduction,0.88,0.8,0.3
"Construction of 1,8-naphthalimide modified nickel nanoclusters based nanohybrid platform for the detection of fast green and picric acid",article,https://doi.org/10.1016/j.foodchem.2025.144546,OpenAlex,journal,2025-04-26,Battery & Critical Minerals,IN,Panjab University,https://openalex.org/I51452335,,,Research activity,General sample introduction,0.88,0.8,0.3
Ruthenium Single‐Atom Nanozyme Driven Sonosensitizer with Oxygen Vacancies Enhances Electron–Hole Separation Efficacy and Remodels Tumor Microenvironment for Sonodynamic‐Amplified Ferroptosis,article,https://doi.org/10.1002/advs.202416997,OpenAlex,journal,2025-04-25,Environmental & Water,CN,Fujian Medical University,https://openalex.org/I129708740,,,Research activity,General sample introduction,0.88,0.8,0.3
Erratic behavior of platinum-group elements along an olivine-Cr-spinel cotectic in sulfide-undersaturated basaltic magma: roles of Cr-spinel and alloys.,Sci Rep,https://europepmc.org/article/MED/40274979,Europe PMC,journal,2025-04-24,Research & Academia,Global,,,,,Research activity,Laser ablation interfaces,0.88,0.8,0.26
Comparative Evaluation of Inductively Coupled Plasma Mass Spectrometry (ICP-MS) and X-Ray Fluorescence (XRF) Analysis Techniques for Screening Potentially Toxic Elements in Soil,article,https://doi.org/10.3390/toxics13040314,OpenAlex,journal,2025-04-18,Battery & Critical Minerals,IT,Istituto per il Sistema Produzione Animale in Ambiente Mediterraneo,https://openalex.org/I4210107272,,,Research activity,Torches & injectors,0.88,0.8,0.3
Innovative Microfluidic Technologies for Rapid Heavy Metal Ion Detection,article,https://doi.org/10.3390/chemosensors13040149,OpenAlex,journal,2025-04-18,Semiconductor & High Purity,CN,Beijing University of Technology,https://openalex.org/I37796252,,,Research activity,General sample introduction,0.88,0.8,0.3
Semiconductor ICP-MS Systems Market Size | CAGR of 4.9% - Market.us,Semiconductor ICP-MS Systems Market Size | CAGR of 4.9% Market.us,https://news.google.com/rss/articles/CBMibkFVX3lxTE40VnZ3bVNjUEJWcFNCcGY1aDNjRHBDbGNfSWI3bnVOM0NzckJHY2N5R2kyLWRoMHlMbC1tZ2hvM3NQRU9FNFBUZmhRRU9xSkpYRVNaOFF0ZG00c1M1RDN0NWlrZld0LUdmSHU1Q1R3?oc=5,Google News public RSS,news,2025-04-16,Semiconductor & High Purity,Global,,,,,Market development,General sample introduction,0.62,0.65,0.45
"Evaluation of antioxidant activity, anti-lipid peroxidation effect and elemental impurity risk of some wild Agaricus species mushrooms",article,https://doi.org/10.1186/s12870-025-06520-y,OpenAlex,journal,2025-04-14,Pharma & Biopharma,TR,Van Yüzüncü Yıl Üniversitesi,https://openalex.org/I118567650,,,Research activity,General sample introduction,0.88,0.8,0.3
"Mineralogical and geochemical investigations of the Li-rich clay strata from Central Yunnan, Southwest China",article,https://doi.org/10.1016/j.oregeorev.2025.106614,OpenAlex,journal,2025-04-11,Research & Academia,CN,Chang'an University,https://openalex.org/I25355098,,,Research activity,Laser ablation interfaces,0.88,0.8,0.3
Application of Quartz LA-ICP-MS Analysis in the Evaluation of High-Purity Quartz Deposits,"High-purity quartz is considered one of the world’s scarce mineral resources. During the evaluation process of high-purity quartz raw material deposits, metallurgical purification evaluation experiments are often required to assess the qual",https://doi.org/10.3390/min15040400,MDPI AG,journal,2025-04-10,Battery & Critical Minerals,Global,"Zhengzhou Institutes of Multipurpose Utilization of Mineral Resource, China Academy of Geological Sciences, Zhengzhou 450006, China",,,,Research activity,Laser ablation interfaces,0.88,0.78,0.28
Data-driven design of electrolyte additives supporting high-performance 5 V LiNi0.5Mn1.5O4 positive electrodes,article,https://doi.org/10.1038/s41467-025-57961-w,OpenAlex,journal,2025-04-10,Battery & Critical Minerals,US,Argonne National Laboratory,https://openalex.org/I1282105669,,,Research activity,General sample introduction,0.88,0.8,0.3
Evaluation of elemental impurities and particle size distribution in nanomedicine using asymmetric flow field-flow fractionation hyphenated to inductively coupled plasma mass spectrometry,article,https://doi.org/10.1016/j.talanta.2025.128116,OpenAlex,journal,2025-04-08,Pharma & Biopharma,JP,Chiba University,https://openalex.org/I159385669,,,Research activity,Torches & injectors,0.88,0.8,0.3
Memristive InAs‐Based Semiconductors with Anisotropic Ion Transport,article,https://doi.org/10.1002/adma.202500056,OpenAlex,journal,2025-04-07,Semiconductor & High Purity,KR,Yonsei University,https://openalex.org/I193775966,,,Research activity,General sample introduction,0.88,0.8,0.3
Assessment of health risk and identification of pollution sources of heavy metals in water in Chongqing's wastewater treatment plants based on ICP-MS,article,https://doi.org/10.1016/j.envpol.2025.126193,OpenAlex,journal,2025-04-04,Environmental & Water,CN,Chongqing Medical University,https://openalex.org/I87780372,,,Research activity,General sample introduction,0.88,0.8,0.3
Breaking the mobility–stability dichotomy in organic semiconductors through adaptive surface doping,article,https://doi.org/10.1073/pnas.2419673122,OpenAlex,journal,2025-04-03,Semiconductor & High Purity,CN,Tianjin University,https://openalex.org/I162868743,,,Research activity,General sample introduction,0.88,0.8,0.3
Determination of Molybdenum Isotopic Compositions in Eleven Geological Reference Materials by MC-ICP-MS Combined with BPHA Resin Separation,article,https://doi.org/10.46770/as.2024.287,OpenAlex,journal,2025-04-03,Environmental & Water,CN,Guangzhou Institute of Geochemistry,https://openalex.org/I3018690959,,,Research activity,General sample introduction,0.88,0.8,0.3
Preparation and Characterization of Synthetic Lepidolite Reference Material for In-situ Lithium Isotope Analysis via LA-MC-ICP-MS,article,https://doi.org/10.46770/as.2025.054,OpenAlex,journal,2025-04-03,Battery & Critical Minerals,CN,Northwest University,https://openalex.org/I37802460,,,Research activity,General sample introduction,0.88,0.8,0.3
Study of the Trace Element Composition of Drinking Water in Almaty City and Human Health Risk Assessment,article,https://doi.org/10.3390/ijerph22040560,OpenAlex,journal,2025-04-03,Environmental & Water,KZ,National Nuclear Center of the Republic of Kazakhstan,https://openalex.org/I4210132247,,,Research activity,General sample introduction,0.88,0.8,0.3
Specific redox and iron homeostasis responses in the root tip of Arabidopsis upon zinc excess.,New Phytol,https://europepmc.org/article/MED/40165747,Europe PMC,journal,2025-04-01,Research & Academia,Global,,,,,Research activity,Laser ablation interfaces,0.88,0.8,0.26
Assessing the Recrystallisation of Planktonic Foraminifera in Pelagic Sediments and the Reliability of Mg/Ca Values With Laser Ablation (LA‐) ICP‐MS,Abstract The calcite tests of foraminifera used for reconstructions of past oceanic and climatic conditions are altered after deposition in pelagic sediments by recrystallisation but this process remains poorly understood. To investigate th,https://doi.org/10.1029/2024pa004964,American Geophysical Union (AGU),journal,2025-04,Research & Academia,Global,GEOMAR Helmholtz Centre for Ocean Research Kiel Kiel Germany,,,,Research activity,Laser ablation interfaces,0.88,0.78,0.28
Laser-ablation vs. bulk tissue ICP-MS for conifer tissue elemental analysis,,https://doi.org/10.1016/j.chemosphere.2025.144200,Elsevier BV,journal,2025-04,Pharma & Biopharma,Global,,,,,Research activity,General sample introduction,0.88,0.78,0.28
Comparison of the Level and Mechanisms of Toxicity of Nanoparticles of Underwater Welding in Bioassay with Three Marine Microalgae,article,https://doi.org/10.3390/nano15070518,OpenAlex,journal,2025-03-29,Clinical & Life Science,RU,Siberian Research Institute of Agriculture and Peat,https://openalex.org/I4210115448,,,Research activity,ICP-TOF / mass cytometry,0.88,0.8,0.3
Trace and risk level determination procedure for carcinogenic and genotoxic inorganic catalysts and environmental contaminants from the medicinal manufacturing components and packaging materials by using ICP-MS,article,https://doi.org/10.1016/j.nxmate.2025.100612,OpenAlex,journal,2025-03-28,Environmental & Water,IN,Koneru Lakshmaiah Education Foundation,https://openalex.org/I875944469,,,Research activity,General sample introduction,0.88,0.8,0.3
Elemental Impurities Estimation in Adenosine Injection using ICP-MS,"Diagnostic property and therapeutic property makes adenosine a preferable agent. Through purinergic adenosine receptors; adenosine works pharmacologically. Due to its vasodilatory effects, myocardial perfusion stress imaging done by adenosi",https://doi.org/10.52711/0974-360x.2025.00189,A and V Publications,journal,2025-03-27,Pharma & Biopharma,Global,"Maharishi School of Pharmaceutical Sciences, Maharishi University of Information Technology, Lucknow - 226013, Uttar Pradesh, India.",,,,Research activity,General sample introduction,0.88,0.78,0.28
The Geochemical Characteristics of Ore-Forming Fluids in the Jebel Stah Fluorite Deposit in Northeast Tunisia: Insights from LA-ICP-MS and Sr Isotope Analyses,article,https://doi.org/10.3390/min15040331,OpenAlex,journal,2025-03-21,Battery & Critical Minerals,TN,Tunis El Manar University,https://openalex.org/I63596082,,,Research activity,Laser ablation interfaces,0.88,0.8,0.3
"Zircon LA-ICP-MS Dating and Geochemical Characteristics of Rhyolites from the Qushi Area, Tengchong Terrane, Yunnan Province","The Qushi rhyolites, situated in the eastern sector of the Tengchong terrane, are critical to understanding the Early Cretaceous tectono-magmatic evolution of the Eastern Tethyan Tectonic Domain. Zircon LA-ICP-MS U-Pb geochronology indicate",https://doi.org/10.3390/min15030315,MDPI AG,journal,2025-03-18,Battery & Critical Minerals,Global,"Ordos Institute of Technology, Ordos 017010, China",,,,Research activity,Laser ablation interfaces,0.88,0.78,0.28
"Correction: Wang et al. Timing and Nature of Gemstone Tsavorite from Kenya: Constraints from In Situ U-Pb LA-ICP-MS Dating. Minerals 2025, 15, 46",There was an error in Figure 5 of the original publication [...],https://doi.org/10.3390/min15030298,MDPI AG,journal,2025-03-14,Battery & Critical Minerals,Global,"School of Gemology, China University of Geosciences Beijing, 29 Xue Yuan Road, Beijing 100083, China",,,,Research activity,Laser ablation interfaces,0.88,0.78,0.28
Clarifying the origin of molecular O2 in cathode oxides,article,https://doi.org/10.1038/s41563-025-02144-7,OpenAlex,journal,2025-03-10,Battery & Critical Minerals,FR,Centre National de la Recherche Scientifique,https://openalex.org/I1294671590,,,Research activity,General sample introduction,0.88,0.8,0.3
The Product Quality Research Institute elemental impurity interlaboratory study: Results and implications for industry,article,https://doi.org/10.1016/j.jtemin.2025.100227,OpenAlex,journal,2025-03-09,Research & Academia,US,RTI International,https://openalex.org/I180297670,,,Research activity,General sample introduction,0.88,0.8,0.3
Utah geologists win $1M NSF grant for state-of-the-art mass spectrometer - The University of Utah,Utah geologists win $1M NSF grant for state-of-the-art mass spectrometer The University of Utah,https://news.google.com/rss/articles/CBMitwFBVV95cUxNS0ZmbWNEdTBtYmhMNFFmbjJlVjVtMTlIa0VDZDhWLWNrV2M5eWg1SWlmc3ZHNE4zMEF0NW8tUHNEdXYxMTN6bS14aHNhRHZUTWYxM0o1ZzEzRXNPOVAwR2l6a1pyOTJxS2EtMHBwaF8ta3NVZlR1bGJwOC0wRGk5UDdlNkh1WWs4Q2NKY004aVB4WUpobS1jVWJCYTQ4dDVpUTNhVzlza25LRk53SGl3bGFZRmtDLUU?oc=5,Google News public RSS,news,2025-03-06,Research & Academia,Global,,,,,Funding,General sample introduction,0.62,0.65,0.65
Advanced deep learning models for predicting elemental concentrations in iron ore mine using XRF data: a cost-effective alternative to ICP-MS methods,article,https://doi.org/10.1007/s10653-025-02419-7,OpenAlex,journal,2025-03-05,Battery & Critical Minerals,IR,University of Jiroft,https://openalex.org/I1280764379,,,Research activity,General sample introduction,0.88,0.8,0.3
Simultaneous Estimation of Fenofibric Acid Tablets' Elemental Impurities using Inductively Coupled Plasma Mass Spectrometry (ICP-MS),"Control of elemental impurities in medications and pharmaceuticals, as outlined in USP and ICH Q3D, is a mandatory prerequisite for regulatory approval. This study introduces a microwave-assisted sample preparation method for Fenofibric Aci",https://doi.org/10.52711/2231-5675.2025.00001,A and V Publications,journal,2025-03-04,Pharma & Biopharma,Global,"B.K. Mody Government Pharmacy College, Polytechnic Campus, Near Aji Dam, Rajkot, Gujarat, India, Postal Code: 360003.",,,,Research activity,Torches & injectors,0.88,0.78,0.28
In situ ICP-MS analysis of passivation process and selective dissolution of Fe-15Cr alloy in sulfuric acid,article,https://doi.org/10.1016/j.corsci.2025.112846,OpenAlex,journal,2025-03-03,Semiconductor & High Purity,AT,Johannes Kepler University of Linz,https://openalex.org/I121883995,,,Research activity,General sample introduction,0.88,0.8,0.3
A novel microextraction method for further elemental impurity determination in oily pharmaceutical excipients by ICP-MS,article,https://doi.org/10.1016/j.jpbao.2025.100063,OpenAlex,journal,2025-03-01,Pharma & Biopharma,BR,Universidade Federal de Santa Maria,https://openalex.org/I33501960,,,Research activity,General sample introduction,0.88,0.8,0.3
Benefits of ICP-MS for the Elemental Compositional Analysis of Lithium-Ion Battery Electrolytes,"This month’s column investigates the elemental composition of electrolytes in lithium-ion batteries (LIBs) using inductively coupled plasma–mass spectrometry (ICP-MS). In addition to offering quantitative results for the target elements, th",https://doi.org/10.56530/spectroscopy.eg1583l1,"Multimedia Pharma Sciences, LLC",journal,2025-03-01,Battery & Critical Minerals,Global,Agilent Technologies,,,,Research activity,Torches & injectors,0.88,0.78,0.28
Major-to-Ultratrace Element Analysis of Environmental Water Sample in Urban Area by Using ICP-MS ICP-MSによる都市域環境水試料の超高感度多元素分析,,https://doi.org/10.5702/massspec.24-019,The Mass Spectrometry Society of Japan,journal,2025-03-01,Clinical & Life Science,Global,Eurofins Nihon Soken K.K.,,,,Research activity,ICP-TOF / mass cytometry,0.88,0.78,0.28
Measurements of Trace Radioisotopes Utilising LA-ICP-MS —Applications to Geochronology— LA-ICP-MSを用いた微量な放射性同位体の計測―年代測定法への応用―,,https://doi.org/10.5702/massspec.24-016,The Mass Spectrometry Society of Japan,journal,2025-03-01,Clinical & Life Science,Global,"Institute for Space-Earth Environmental Research, Nagoya University",,,,Research activity,Laser ablation interfaces,0.88,0.78,0.28
PAD4 Inhibitor-Loaded Magnetic Fe3O4 Nanoparticles for Magnetic Targeted Chemotherapy and Magnetic Resonance Imaging of Lung Cancer,article,https://doi.org/10.2147/ijn.s502814,OpenAlex,journal,2025-03-01,Clinical & Life Science,CN,Capital Medical University,https://openalex.org/I183519381,,,Research activity,ICP-TOF / mass cytometry,0.88,0.8,0.3
Investigation of chromatographic procedures for the analysis of cationic impurities in uranium and plutonium matrices by ICP-OES and ICP-MS,,https://doi.org/10.1016/j.sab.2025.107136,Elsevier BV,journal,2025-03,Pharma & Biopharma,Global,,,,,Research activity,General sample introduction,0.88,0.78,0.28
A cosmopolitan calcifying benthic foraminifera in agglutinated disguise as a geochemical recorder of coastal environments,article,https://doi.org/10.1073/pnas.2413054122,OpenAlex,journal,2025-02-27,Environmental & Water,IL,Ben-Gurion University of the Negev,https://openalex.org/I124227911,,,Research activity,Laser ablation interfaces,0.88,0.8,0.3
Quantitative native speciation of ppb-level metals in semiconductor-manufacturing-used strong acids and a base,article,https://doi.org/10.1016/j.talanta.2025.127819,OpenAlex,journal,2025-02-27,Semiconductor & High Purity,TW,National United University,https://openalex.org/I125934054,,,Research activity,General sample introduction,0.88,0.8,0.3
"Mineral Chemistry of Li-Bearing Minerals at the Giant Tanco Pegmatite, Canada",article,https://doi.org/10.3390/min15030221,OpenAlex,journal,2025-02-24,Research & Academia,CA,Brandon University,https://openalex.org/I48890080,,,Research activity,Laser ablation interfaces,0.88,0.8,0.3
G-Quadruplex and DNAzyme dual-driven DNA detection system for real-time quantitative detection of environmental lead ions,article,https://doi.org/10.1016/j.jhazmat.2025.137651,OpenAlex,journal,2025-02-17,Battery & Critical Minerals,CN,Anhui Medical University,https://openalex.org/I197869895,,,Research activity,General sample introduction,0.88,0.8,0.3
"Cl, Br and I measurements in rock samples by ICP-MS/MS using reaction gases",article,https://doi.org/10.1016/j.chemgeo.2025.122681,OpenAlex,journal,2025-02-13,Battery & Critical Minerals,FR,Centre National de la Recherche Scientifique,https://openalex.org/I1294671590,,,Research activity,General sample introduction,0.88,0.8,0.3
Laser Ablation Coupled with LC-ICP-MS for Local Speciation of Trace Elements in Tissues,,https://doi.org/10.1021/acs.analchem.5c00153,American Chemical Society (ACS),journal,2025-02-13,Research & Academia,Global,"Graduate School of Pharmaceutical Sciences, Chiba University, 1-8-1 Inohana, Chuo, Chiba, Chiba 260-8675, Japan",,,,Research activity,Laser ablation interfaces,0.88,0.78,0.28
Nigeria’s Mining Sector Gets Boost As FG Commissions First ICP-MS Laboratory - Independent Newspaper Nigeria,Nigeria’s Mining Sector Gets Boost As FG Commissions First ICP-MS Laboratory Independent Newspaper Nigeria,https://news.google.com/rss/articles/CBMioAFBVV95cUxPbFYzLWx2dFg0MmFQeFBCRUROYldjLW4wZnhTMGtLRHVpNFhmVHd4LVZuV25wV2pYYkwxbTd1YWExZlRTa1l5Z3cwWlZvUk93clFsNkpwRndGUUtiZFRaMUpiTENYOS1FZ2x0a1Z2RDJwSWh6SnJVV3p3ZC03cUpZRTk5OVMyOEdETmV4OVI5UUVXbDZNbFFoQ0tjUERiZzBN?oc=5,Google News public RSS,news,2025-02-11,Battery & Critical Minerals,Global,,,,,Instrument installation,General sample introduction,0.62,0.65,0.88
Optical and MRI-Guided Theranostic Application of Ultrasmall Superparamagnetic Iron Oxide Nanodrug Conjugate for PSMA-Positive Prostate Cancer Therapy,article,https://doi.org/10.1021/acsami.4c16009,OpenAlex,journal,2025-02-11,Clinical & Life Science,US,Johns Hopkins University,https://openalex.org/I145311948,,,Research activity,ICP-TOF / mass cytometry,0.88,0.8,0.3
"Assessing Matrix and Nonmatrix, Single, and Multipoint Calibration of Trace Elements Using LA‐ICP‐MS on a Tropical Speleothem",article,https://doi.org/10.1002/rcm.9983,OpenAlex,journal,2025-02-10,Battery & Critical Minerals,US,Brown University,https://openalex.org/I27804330,,,Research activity,Torches & injectors,0.88,0.8,0.3
A Laser Ablation ICP‐MS Protocol for High‐Resolution Iodine‐to‐Calcium Ratio (I/Ca) Analysis on Corals,"ABSTRACT Rationale Corals are continuous, time‐resolved archives of ambient seawater geochemistry and can extend climate records beyond direct monitoring. The iodine‐to‐calcium (I/Ca) ratio may be a proxy for local oxygen depletion in coral",https://doi.org/10.1002/rcm.10002,Wiley,journal,2025-02-09,Battery & Critical Minerals,Global,Department of Earth and Environmental Sciences Syracuse University Syracuse New York USA,,,,Research activity,Interface cones,0.88,0.78,0.28
Selective Recovery of Critical Minerals from Simulated Electronic Wastes Via Reaction‐Diffusion Coupling,article,https://doi.org/10.1002/cssc.202402372,OpenAlex,journal,2025-02-05,Battery & Critical Minerals,US,Pacific Northwest National Laboratory,https://openalex.org/I142606810,,,Research activity,General sample introduction,0.88,0.8,0.3
The redox dependence of the fluid/melt partitioning of tin,article,https://doi.org/10.1016/j.gca.2025.02.007,OpenAlex,journal,2025-02-05,Research & Academia,DE,University of Bayreuth,https://openalex.org/I54009628,,,Research activity,Laser ablation interfaces,0.88,0.8,0.3
A Metastable Oxygen Redox Cathode for Lithium‐Ion Batteries,article,https://doi.org/10.1002/anie.202422789,OpenAlex,journal,2025-02-04,Battery & Critical Minerals,CN,Southern University of Science and Technology,https://openalex.org/I3045169105,,,Research activity,General sample introduction,0.88,0.8,0.3
Analysis of Volatile Organic Compounds in Textiles: Insights from GC–MS with Metal Content Assessment Using ICP-MS,article,https://doi.org/10.3390/app15031572,OpenAlex,journal,2025-02-04,Pharma & Biopharma,IT,University of L'Aquila,https://openalex.org/I26415053,,,Research activity,General sample introduction,0.88,0.8,0.3
Gold Mesoporous Silica-Coated Nanoparticles for Quantifying and Qualifying Mesenchymal Stem Cell Distribution; a Proof-of-Concept Study in Large Animals,article,https://doi.org/10.1021/acsabm.4c01714,OpenAlex,journal,2025-02-03,Clinical & Life Science,NL,Maastricht University,https://openalex.org/I34352273,,,Research activity,ICP-TOF / mass cytometry,0.88,0.8,0.3
Screening and Development of Sacrificial Cathode Additives for Lithium‐Ion Batteries,article,https://doi.org/10.1002/aenm.202403946,OpenAlex,journal,2025-02-02,Battery & Critical Minerals,US,Lawrence Berkeley National Laboratory,https://openalex.org/I148283060,,,Research activity,General sample introduction,0.88,0.8,0.3
Role of impurities in the semiconducting properties of natural pyrite: Implications for the electrochemical accumulation of visible gold and formation of hydrothermal gold deposits,article,https://doi.org/10.2138/am-2023-9187,OpenAlex,journal,2025-02-01,Semiconductor & High Purity,CN,China University of Geosciences (Beijing),https://openalex.org/I3125743391,,,Research activity,General sample introduction,0.88,0.8,0.3
Preparation of gelatine calibration standards for LA-ICP-MS bioimaging with 266 nm laser ablation systems,,https://doi.org/10.1016/j.talanta.2024.127150,Elsevier BV,journal,2025-02,Environmental & Water,Global,,,,,Research activity,Laser ablation interfaces,0.88,0.78,0.28
Modified Analyses of Trace Elements in Glass Beads by Laser Ablation Inductively Coupled Plasma Mass Spectrometry (LA-ICP-MS): Application for Particular Silicate Rocks,Laser ablation combined with inductively coupled plasma mass spectrometry for the analysis of trace elements in specially prepared glass beads is adapted to silicate rocks of unusual compositions. The modified technique is applied to standa,https://doi.org/10.3390/min15020129,MDPI AG,journal,2025-01-28,Battery & Critical Minerals,Global,"V.S. Sobolev Institute of Geology and Mineralogy, Siberian Branch of the Russian Academy of Sciences, 3 Acad. Koptyug Avenue, 630090 Novosibirsk, Russia",,,,Research activity,Laser ablation interfaces,0.88,0.78,0.28
The mineralogical distribution of Ni in mantle rocks controls the fertility of magmatic Ni-sulfide systems,article,https://doi.org/10.1007/s00126-025-01349-9,OpenAlex,journal,2025-01-28,Research & Academia,AU,BHP (Australia),https://openalex.org/I106718257,,,Research activity,Laser ablation interfaces,0.88,0.8,0.3
Molybdenum speciation in magmatic-hydrothermal fluids: Constraints from molybdenite solubility experiments and thermodynamic modeling,article,https://doi.org/10.1016/j.gca.2025.01.032,OpenAlex,journal,2025-01-27,Research & Academia,CN,Institute of Oceanology,https://openalex.org/I4210101167,,,Research activity,Laser ablation interfaces,0.88,0.8,0.3
Silver single atoms and nanoparticles on floatable monolithic photocatalysts for synergistic solar water disinfection,article,https://doi.org/10.1038/s41467-025-56339-2,OpenAlex,journal,2025-01-24,Environmental & Water,CN,Beijing Normal University,https://openalex.org/I25254941,,,Research activity,General sample introduction,0.88,0.8,0.3
An Advanced Method of Laser Ablation MC-ICP-MS for Provenance Studies in Archaeometallurgy: Chalcolithic Metal Objects from Israel as a Case-Study (pp. 1–10),"This study presents the analysis of Chalcolithic copper-based artifacts, found in the Peqi‘in and Quruntul caves and from the Camel Site. These artifacts were re-analyzed using LA-MC-ICP-MS (Laser Ablation–Multiple Collector–Inductively Cou",https://doi.org/10.70967/2948-040x.1688,Israel Antiquities Authority - DIGITAL COMMONS JOURNALS,journal,2025-01-23,Research & Academia,Global,,,,,Research activity,Torches & injectors,0.88,0.78,0.28
"Decision letter for ""A Laser Ablation ICP‐MS Protocol for High‐Resolution Iodine‐to‐Calcium Ratio (I/Ca) Analysis on Corals""",,https://doi.org/10.1002/rcm.10002/v3/decision1,Wiley,journal,2025-01-23,Clinical & Life Science,Global,,,,,Research activity,Laser ablation interfaces,0.88,0.78,0.28
Cellulose Elementary Fibrils as Deagglomerated Binder for High-Mass-Loading Lithium Battery Electrodes,book-chapter,https://doi.org/10.1007/s40820-024-01642-8,OpenAlex,journal,2025-01-21,Battery & Critical Minerals,KR,Yonsei University,https://openalex.org/I193775966,,,Research activity,General sample introduction,0.88,0.8,0.3
Silver Migrates to Solid Foods and Abiotic Surfaces from Model Plastic Packaging Containing Silver Nanoparticles,article,https://doi.org/10.1021/acsfoodscitech.4c00813,OpenAlex,journal,2025-01-21,Food & Agriculture,US,United States Food and Drug Administration,https://openalex.org/I1320320070,,,Research activity,Laser ablation interfaces,0.88,0.8,0.3
B-doped nano-hydroxyapatite facilitates proliferation and differentiation of osteoblasts,article,https://doi.org/10.1186/s13018-024-05414-3,OpenAlex,journal,2025-01-18,Clinical & Life Science,RU,Sechenov University,https://openalex.org/I17877952,,,Research activity,ICP-TOF / mass cytometry,0.88,0.8,0.3
"Author response for ""A Laser Ablation ICP‐MS Protocol for High‐Resolution Iodine‐to‐Calcium Ratio (I/Ca) Analysis on Corals""",,https://doi.org/10.1002/rcm.10002/v3/response1,Wiley,journal,2025-01-17,Research & Academia,Global,,,,,Research activity,Laser ablation interfaces,0.88,0.78,0.28
"Recent Developments in Heavy Metals Detection: Modified Electrodes, Pretreatment Methods, Prediction Models and Algorithms",article,https://doi.org/10.3390/met15010080,OpenAlex,journal,2025-01-17,Battery & Critical Minerals,CN,Nanjing Agricultural University,https://openalex.org/I119454577,,,Research activity,General sample introduction,0.88,0.8,0.3
Be Aware of Transient Dissolution Processes in Co3O4 Acidic Oxygen Evolution Reaction Electrocatalysts,article,https://doi.org/10.1021/jacs.4c14952,OpenAlex,journal,2025-01-15,Battery & Critical Minerals,DE,Forschungszentrum Jülich,https://openalex.org/I171892758,,,Research activity,General sample introduction,0.88,0.8,0.3
Separation of Inorganic Forms of Tellurium Using On-Site SPE Followed by ICP-MS or ICP-OES—The Right Solution for Water Monitoring,"Tellurium, recognized as one of the technology-critical elements, should be considered as a xenobiotic. Its application, i.a. in the growing photovoltaic industry, raises concerns about Te(IV) and Te(VI) release to the environment. As both ",https://doi.org/10.3390/molecules30020303,MDPI AG,journal,2025-01-14,Environmental & Water,Global,"Faculty of Chemistry, University of Warsaw, ul. Pasteura 1, 02-093 Warsaw, Poland",,,,Research activity,Torches & injectors,0.88,0.78,0.28
Tracing the Origin of Oxide Inclusions in Vacuum Arc Remelted Steel Ingots Using Trace Element Profiles and Strontium Isotope Ratios,article,https://doi.org/10.3390/met15010067,OpenAlex,journal,2025-01-14,Research & Academia,AT,Montanuniversität Leoben,https://openalex.org/I182712176,,,Research activity,Interface cones,0.88,0.8,0.3
Assessment of Radioactivity Concentrations and Associated Radiological Health Risk in Natural Spring Mineral Bottled Drinking Water from South Africa,article,https://doi.org/10.3390/w17020156,OpenAlex,journal,2025-01-09,Environmental & Water,ZA,North-West University,https://openalex.org/I27765905,,,Research activity,General sample introduction,0.88,0.8,0.3
Gold in pyrite revisited: insights into remobilization during deformation using electron backscatter diffraction and LA-ICP-MS,article,https://doi.org/10.1007/s00126-024-01346-4,OpenAlex,journal,2025-01-03,Battery & Critical Minerals,FR,Centre National de la Recherche Scientifique,https://openalex.org/I1294671590,,,Research activity,Laser ablation interfaces,0.88,0.8,0.3
Knock-out mouse models and single particle ICP-MS reveal that SP-D and SP-A deficiency reduces agglomeration of inhaled gold nanoparticles in vivo without significant changes to overall lung clearance,article,https://doi.org/10.1080/17435390.2025.2454969,OpenAlex,journal,2025-01-02,Research & Academia,US,National Security Agency,https://openalex.org/I130440993,,,Research activity,Laser ablation interfaces,0.88,0.8,0.3
The Distribution of Rare Earth Elements in Coal Fly Ash Determined by LA-ICP-MS and Implications for Its Economic Significance,article,https://doi.org/10.3390/su17010275,OpenAlex,journal,2025-01-02,Battery & Critical Minerals,CN,Communication University of China,https://openalex.org/I75689368,,,Research activity,Laser ablation interfaces,0.88,0.8,0.3
A novel particle mass calibration strategy for the quantification of AuNPs in single cancer cells via laser ablation ICP-mass spectrometry. A case study,article,https://doi.org/10.1039/d5ja00253b,OpenAlex,journal,2025-01-01,Research & Academia,ES,Universidad de Zaragoza,https://openalex.org/I255234318,,,Research activity,Laser ablation interfaces,0.88,0.8,0.3
A pH-dependent microkinetic modeling guided synthesis of porous dual-atom catalysts for efficient oxygen reduction in Zn–air batteries,article,https://doi.org/10.1039/d5ee00215j,OpenAlex,journal,2025-01-01,Battery & Critical Minerals,CN,Southern University of Science and Technology,https://openalex.org/I3045169105,,,Research activity,General sample introduction,0.88,0.8,0.3
An integrated multimethod approach for size-specific assessment of potentially toxic element adsorption onto micro- and nanoplastics: implications for environmental risk,article,https://doi.org/10.1039/d5nr00353a,OpenAlex,journal,2025-01-01,Environmental & Water,GB,University of Birmingham,https://openalex.org/I79619799,,,Research activity,General sample introduction,0.88,0.8,0.3
Analysis of Deposition Patterns and Influencing Factors of Lithium and Transition Metals Deposited on Lithium Ion Battery Graphitic Anodes by LA-ICP-MS,A comprehensive understanding of aging phenomena and the resulting performance loss occurring in lithium-ion batteries (LIBs) is essential for ongoing improvement of the technology. The formation of a uniform solid electrolyte interphase (S,https://doi.org/10.56530/spectroscopy.ft6765o3,"Multimedia Pharma Sciences, LLC",journal,2025-01-01,Battery & Critical Minerals,Global,MEET Battery Research Center at the University of Münster,,,,Research activity,Laser ablation interfaces,0.88,0.78,0.28
Application of Online Multi‐Internal Standard Calibration for Determination of Iodine by ICP‐MS,article,https://doi.org/10.1002/jms.5109,OpenAlex,journal,2025-01-01,Environmental & Water,CN,Nanchang Center for Disease Control and Prevention,https://openalex.org/I4210156122,,,Research activity,General sample introduction,0.88,0.8,0.3
Assessing the impact of common sample preparation strategies for single particle ICP-MS regarding recovery and size distribution of natural single particles,article,https://doi.org/10.1039/d5ja00170f,OpenAlex,journal,2025-01-01,Environmental & Water,AT,University of Graz,https://openalex.org/I15766117,,,Research activity,General sample introduction,0.88,0.8,0.3
Capabilities and limitations of Se isotopic analysis using hydride generation coupled to MC-ICP-MS,article,https://doi.org/10.1039/d5ja00196j,OpenAlex,journal,2025-01-01,Pharma & Biopharma,BE,Ghent University,https://openalex.org/I32597200,,,Research activity,General sample introduction,0.88,0.8,0.3
Cation-regulated MnO 2 reduction reaction enabling long-term stable zinc–manganese flow batteries with high energy density,article,https://doi.org/10.1039/d4ee03385j,OpenAlex,journal,2025-01-01,Battery & Critical Minerals,HK,City University of Hong Kong,https://openalex.org/I168719708,,,Research activity,General sample introduction,0.88,0.8,0.3
"Chemical probes for enzyme imaging: challenges in design, synthesis and biomedical applications",article,https://doi.org/10.1039/d5sc05683g,OpenAlex,journal,2025-01-01,Clinical & Life Science,PL,Wrocław University of Science and Technology,https://openalex.org/I11923345,,,Research activity,Autosampler & tubing,0.88,0.8,0.3
Determination of airborne metal-containing nanoparticles in a historic mining area using single particle ICP-MS,article,https://doi.org/10.1039/d5an00480b,OpenAlex,journal,2025-01-01,Battery & Critical Minerals,SI,Jožef Stefan Institute,https://openalex.org/I3006985408,,,Research activity,General sample introduction,0.88,0.8,0.3
Development of a HPIC-ICP-MS method for the quantification and speciation of gadolinium-based contrast media in surface waters,article,https://doi.org/10.1039/d5ja00203f,OpenAlex,journal,2025-01-01,Environmental & Water,FR,Centre National de la Recherche Scientifique,https://openalex.org/I1294671590,,,Research activity,General sample introduction,0.88,0.8,0.3
Development of a matrix-matched standard for the elemental analysis of human hair by LA-ICP-MS,article,https://doi.org/10.1039/d5ja00242g,OpenAlex,journal,2025-01-01,Pharma & Biopharma,US,University of Central Florida,https://openalex.org/I106165777,,,Research activity,Torches & injectors,0.88,0.8,0.3
Exploring environmental nanobiogeochemistry using field-flow fractionation and ICP-MS-based tools: progress and frontiers,article,https://doi.org/10.1039/d5en00096c,OpenAlex,journal,2025-01-01,Environmental & Water,CH,University of Geneva,https://openalex.org/I114457229,,,Research activity,General sample introduction,0.88,0.8,0.3
First attempt to determine oxygen isotopes in oxygen by MC-ICP-MS,article,https://doi.org/10.1039/d5ja00025d,OpenAlex,journal,2025-01-01,Battery & Critical Minerals,CN,China University of Geosciences,https://openalex.org/I3124059619,,,Research activity,General sample introduction,0.88,0.8,0.3
From contamination to detection: The growing threat of heavy metals,article,https://doi.org/10.1016/j.heliyon.2025.e41713,OpenAlex,journal,2025-01-01,Pharma & Biopharma,EG,American University in Cairo,https://openalex.org/I80693520,,,Research activity,General sample introduction,0.88,0.8,0.3
"ICP‐MS Method for Simultaneous Determination of Aluminum, Sodium, and Potassium in Human Albumin Solution for Infusion",article,https://doi.org/10.1155/ianc/2793979,OpenAlex,journal,2025-01-01,Pharma & Biopharma,GB,Orion Corporation (United Kingdom),https://openalex.org/I81672605,,,Research activity,General sample introduction,0.88,0.8,0.3
Investigating the mechanism that reduces the memory effect of Li on MC-ICP-MS,article,https://doi.org/10.1039/d5ja00031a,OpenAlex,journal,2025-01-01,Battery & Critical Minerals,CN,China University of Geosciences,https://openalex.org/I3124059619,,,Research activity,General sample introduction,0.88,0.8,0.3
Laser ablation-based techniques for microplastic analysis: recent advances and applications,article,https://doi.org/10.1039/d5ja00141b,OpenAlex,journal,2025-01-01,Semiconductor & High Purity,CZ,Central European Institute of Technology,https://openalex.org/I1310815967,,,Research activity,Laser ablation interfaces,0.88,0.8,0.3
Lithium isotope analysis on the Neoma MS/MS MC-ICP-MS,article,https://doi.org/10.1039/d4ja00419a,OpenAlex,journal,2025-01-01,Battery & Critical Minerals,US,Pacific Northwest National Laboratory,https://openalex.org/I142606810,,,Research activity,General sample introduction,0.88,0.8,0.3
Rapid and sensitive speciation analysis of established and emerging gadolinium-based contrast agents in the aquatic environment by IC-ICP-MS,article,https://doi.org/10.1039/d5ja00159e,OpenAlex,journal,2025-01-01,Environmental & Water,DE,University of Münster,https://openalex.org/I22465464,,,Research activity,General sample introduction,0.88,0.8,0.3
"Rationale, design and initial performance of a dual-wavelength (157 & 193 nm) cryo-LA-ICP-MS/MS system",article,https://doi.org/10.1039/d5ja00090d,OpenAlex,journal,2025-01-01,Semiconductor & High Purity,DE,Goethe University Frankfurt,https://openalex.org/I114090438,,,Research activity,Laser ablation interfaces,0.88,0.8,0.3
"Simultaneous determination of Cl, Br and I by aerosol-assisted PVG-ICP-MS",article,https://doi.org/10.1039/d5ja00079c,OpenAlex,journal,2025-01-01,Semiconductor & High Purity,BR,Universidade Federal de Santa Maria,https://openalex.org/I33501960,,,Research activity,Nebulizers,0.88,0.8,0.3
Single‐Cell ICP‐MS in Veterinary Research: Measuring Cisplatin Uptake in Healthy and Cancerous Animal Cell Lines,article,https://doi.org/10.1155/vmi/2049743,OpenAlex,journal,2025-01-01,Clinical & Life Science,HU,University of Veterinary Medicine,https://openalex.org/I4210136554,,,Research activity,Nebulizers,0.88,0.8,0.3
Timing and Nature of Gemstone Tsavorite from Kenya: Constraints from In Situ U-Pb LA-ICP-MS Dating,"Gem-quality green vanadium grossular (var. tsavorite) is exclusively hosted in the Neoproterozoic Metamorphic Mozambique Belt (NMMB). The geochronology of tsavorite is limited until now, and the accurate crystallization age of the tsavorite",https://doi.org/10.3390/min15010046,MDPI AG,journal,2025-01-01,Battery & Critical Minerals,Global,"School of Gemology, China University of Geosciences Beijing, 29 Xue Yuan Road, Beijing 100083, China",,,,Research activity,Laser ablation interfaces,0.88,0.78,0.28
Evaluating lead leaching from uPVC pipes into drinking water: Characterization with SEM-EDX and ICP-OES,,https://doi.org/10.1016/j.rechem.2024.101976,Elsevier BV,journal,2025-01,Environmental & Water,Global,,,,,Research activity,General sample introduction,0.88,0.78,0.28
Evaluation of the reagents and analytical behaviors of water–soluble phenylarsenic compounds via LC–MS/MS and HPLC–ICP–MS,,https://doi.org/10.1016/j.chroma.2024.465578,Elsevier BV,journal,2025-01,Environmental & Water,Global,,,,,Research activity,General sample introduction,0.88,0.78,0.28
A new numerical inversion method to improve the spatial accuracy of elemental imaging for LA-ICP-MS,,https://doi.org/10.7185/gold2025.28839,European Association of Geochemistry,journal,2025,Pharma & Biopharma,Global,,,,,Research activity,Laser ablation interfaces,0.88,0.78,0.28
"Accurate and rapid determination of silver, sulfur, selenium and tellurium in geological reference materials by inductively coupled plasma-tandem mass spectrometry (ICP-MS/MS)",,https://doi.org/10.7185/gold2025.29069,European Association of Geochemistry,journal,2025,Clinical & Life Science,Global,,,,,Research activity,Torches & injectors,0.88,0.78,0.28
Advancing Quantification in LA-ICP-MS: A Volume-Corrected Approach and Its Application Across Nano- and Femtosecond Laser Ablation Systems,,https://doi.org/10.7185/gold2025.31956,European Association of Geochemistry,journal,2025,Research & Academia,Global,,,,,Research activity,Laser ablation interfaces,0.88,0.78,0.28
Determination of mineral contents of various sesame and tahini products by ICP-MS method,"In this study, 20 different minerals were analysed using the ICP-MS method in 28 domestic and imported sesame seeds used in our country, and 21 tahini products were produced from these sesame varieties and offered for sale. Samples of sesam",https://doi.org/10.3153/fh25014,Scientific Web Journals (SWJ),journal,2025,Battery & Critical Minerals,Global,,,,,Research activity,General sample introduction,0.88,0.78,0.28
Effect of Aluminum Fluoride Formation on ICP-MS Determination of Critical Elements in Alumina-Rich Coal Fly Ash,,https://doi.org/10.2139/ssrn.5414534,Elsevier BV,journal,2025,Battery & Critical Minerals,Global,,,,,Research activity,General sample introduction,0.88,0.78,0.28
Elemental Analysis of Individual Small Particles Collected from Primitive Chondrites using ICP-TOF-MS Coupled with Laser Ablation in Liquid Technique,,https://doi.org/10.7185/gold2025.32168,European Association of Geochemistry,journal,2025,Pharma & Biopharma,Global,,,,,Research activity,Laser ablation interfaces,0.88,0.78,0.28
Enhancing in-situ Rb-Sr Geochronology with Combined ICP-MS/MS and MC-ICP-MS,,https://doi.org/10.7185/gold2025.31560,European Association of Geochemistry,journal,2025,Pharma & Biopharma,Global,,,,,Research activity,Laser ablation interfaces,0.88,0.78,0.28
Evaluating matrix effects for Critical Rare Earth Element bearing minerals: implications for LA-ICP-MS U-Pb and Th-Pb bastnäsite geochronology,,https://doi.org/10.7185/gold2025.30518,European Association of Geochemistry,journal,2025,Battery & Critical Minerals,Global,,,,,Research activity,Laser ablation interfaces,0.88,0.78,0.28
Exploring Aligned LA–ICP–MS,,https://doi.org/10.7185/gold2025.31087,European Association of Geochemistry,journal,2025,Battery & Critical Minerals,Global,,,,,Research activity,General sample introduction,0.88,0.78,0.28
Headspace Hisorb-Td-Gc-Ms Method for Monitoring 12 Dbps in Drinking Water,,https://doi.org/10.2139/ssrn.5070970,Elsevier BV,journal,2025,Environmental & Water,Global,,,,,Research activity,General sample introduction,0.88,0.78,0.28
High precision analysis of selenium isotopes using the double-Wien filter of the Neoma MC-ICP-MS/MS,,https://doi.org/10.7185/gold2025.31521,European Association of Geochemistry,journal,2025,Battery & Critical Minerals,Global,,,,,Research activity,General sample introduction,0.88,0.78,0.28
High-Precision Sn isotope analysis using MC-ICP-MS/MS with Double Spike technique,,https://doi.org/10.7185/gold2025.30188,European Association of Geochemistry,journal,2025,Battery & Critical Minerals,Global,,,,,Research activity,General sample introduction,0.88,0.78,0.28
High-precision Hg isotopic composition measurements by MC-ICP-MS with mass bias correction using admixed Ir,,https://doi.org/10.7185/gold2025.31191,European Association of Geochemistry,journal,2025,Clinical & Life Science,Global,,,,,Research activity,ICP-TOF / mass cytometry,0.88,0.78,0.28
ICP-Base: A new approach to LA-ICP-MS data reduction,,https://doi.org/10.7185/gold2025.30834,European Association of Geochemistry,journal,2025,Environmental & Water,Global,,,,,Research activity,Laser ablation interfaces,0.88,0.78,0.28
In-situ Stable Si Isotope Analysis of Zircons by Femtosecond Laser Ablation MC-ICP-MS,,https://doi.org/10.7185/gold2025.32120,European Association of Geochemistry,journal,2025,Research & Academia,Global,,,,,Research activity,Laser ablation interfaces,0.88,0.78,0.28
Incredible or Impossible? Defining the limits of what is possible for MC-ICP-MS/MS with the Neoma MS/MS MC-ICP-MS.,,https://doi.org/10.7185/gold2025.28177,European Association of Geochemistry,journal,2025,Pharma & Biopharma,Global,,,,,Research activity,General sample introduction,0.88,0.78,0.28
Mass-independent sulphur isotope compositions of iron meteorites determined by MS/MS MC-ICP-MS,,https://doi.org/10.7185/gold2025.29217,European Association of Geochemistry,journal,2025,Environmental & Water,Global,,,,,Research activity,General sample introduction,0.88,0.78,0.28
Matrix independent and interference free in situ boron isotope analysis by laser ablation MC-ICP-MS/MS,"LA-MC-ICP-MS/MS offers a new and exciting opportunity for accurate and precise (typically better than 1‰ when the 11 B intensity is at least ∼40 mV) matrix independent, in situ , boron isotope analysis of geological materials.",https://doi.org/10.1039/d5ja00028a,Royal Society of Chemistry (RSC),journal,2025,Research & Academia,Global,"School of Ocean & Earth Sciences, University of Southampton, National Oceanography Centre, European Way, Southampton, SO14 3ZH, UK",,,,Research activity,Torches & injectors,0.88,0.78,0.28
Matrix-Optimized Icp-Oes and Icp-Ms Quantification of Rare Earth Elements in Carbonate Rocks,,https://doi.org/10.2139/ssrn.5159611,Elsevier BV,journal,2025,Battery & Critical Minerals,Global,,,,,Research activity,Torches & injectors,0.88,0.78,0.28
"Matrix-independent B, Si and Fe isotope analyses by UV femtosecond laser ablation MC-ICP-MS with applications in marine geochemistry",,https://doi.org/10.7185/gold2025.31819,European Association of Geochemistry,journal,2025,Research & Academia,Global,,,,,Research activity,Torches & injectors,0.88,0.78,0.28
Multiple sulfur isotope analyses of sulfides using a femtosecond laser coupled to a ICP-MS/MS and a MC-ICP-MS,,https://doi.org/10.7185/gold2025.29492,European Association of Geochemistry,journal,2025,Environmental & Water,Global,,,,,Research activity,General sample introduction,0.88,0.78,0.28
Novel calibration approach for particle size analysis of microplastics by laser ablation single particle-ICP-MS,This work demonstrates and investigates a calibration approach for sizing microplastic particles using single particle ICP-MS with laser ablation sampling circumventing the need for particulate standard material.,https://doi.org/10.1039/d4ja00351a,Royal Society of Chemistry (RSC),journal,2025,Environmental & Water,Global,"TU Wien, Institute of Chemical Technologies and Analytics, Getreidemarkt 9/164, 1060 Vienna, Austria",,,,Research activity,Laser ablation interfaces,0.88,0.78,0.28
Pushing the boundaries in beta-decay LA-ICP-MS/MS geochronology,,https://doi.org/10.7185/gold2025.25884,European Association of Geochemistry,journal,2025,Battery & Critical Minerals,Global,,,,,Research activity,Laser ablation interfaces,0.88,0.78,0.28
Rapid and Precise Determination of Elemental Impurities in Pharmaceutical Products by Icp-Ms with Combined Standard Addition and Isotope Dilution Methods,,https://doi.org/10.2139/ssrn.5225228,Elsevier BV,journal,2025,Pharma & Biopharma,Global,,,,,Research activity,General sample introduction,0.88,0.78,0.28
Rb-Sr dating using LA-CRC-MC-ICP-MS/MS,,https://doi.org/10.7185/gold2025.29164,European Association of Geochemistry,journal,2025,Battery & Critical Minerals,Global,,,,,Research activity,General sample introduction,0.88,0.78,0.28
Response Surface Methodology Optimized Online-SPE-UPLC-MS/MS for the Simultaneous Determination of 142 PPCPs in Drinking Water,,https://doi.org/10.2139/ssrn.5869485,Elsevier BV,journal,2025,Environmental & Water,Global,,,,,Research activity,General sample introduction,0.88,0.78,0.28
Revolutionizing High-Speed Chemical Analysis: Integrating LIBS and LA-ICP-MS for Comprehensive Elemental and Isotopic Coverage in Complex Sample,,https://doi.org/10.7185/gold2025.31747,European Association of Geochemistry,journal,2025,Pharma & Biopharma,Global,,,,,Research activity,Laser ablation interfaces,0.88,0.78,0.28
Simultaneous Determination of Water-Soluble B Vitamins and Essential Minerals in Multivitamin Supplements by Hplc and Icp-Ms: Method Development and Validation,,https://doi.org/10.2139/ssrn.5371654,Elsevier BV,journal,2025,Environmental & Water,Global,,,,,Research activity,General sample introduction,0.88,0.78,0.28
"Simultaneous multi-elemental speciation of As, Se, and Hg in wild edible mushrooms by HPLC-ICP-MS",,https://doi.org/10.7185/gold2025.29096,European Association of Geochemistry,journal,2025,Pharma & Biopharma,Global,,,,,Research activity,General sample introduction,0.88,0.78,0.28
"Spatial resolution, precision, accuracy and matrix effects of bio-apatite Sr isotopic composition measurements by laser ablation MC ICP-MS",,https://doi.org/10.7185/gold2025.31979,European Association of Geochemistry,journal,2025,Research & Academia,Global,,,,,Research activity,Torches & injectors,0.88,0.78,0.28
Speciation analysis of Gd complexes in river water using HPLC-ICP-MS,,https://doi.org/10.7185/gold2025.25639,European Association of Geochemistry,journal,2025,Environmental & Water,Global,,,,,Research activity,General sample introduction,0.88,0.78,0.28
Surface Nanoparticle Monitoring for Plasma Etching Chamber Components Using Megasonic Energy and Single Particle - Inductively Coupled Plasma Mass Spectrometry (Sp-Icp-Ms),,https://doi.org/10.2139/ssrn.5345433,Elsevier BV,journal,2025,Clinical & Life Science,Global,,,,,Research activity,Torches & injectors,0.88,0.78,0.28
The higher the better: Accessing the role of laser ablation repetition rate and fluence on precision of LA-ICP-MS/MS analysis of Sr isotopes in apatite and silicate glasses,,https://doi.org/10.7185/gold2025.30417,European Association of Geochemistry,journal,2025,Research & Academia,Global,,,,,Research activity,Laser ablation interfaces,0.88,0.78,0.28
The influence of cone orifice diameter on ion transmission in solution and laser ablation ICP-MS,The impact of sampler and skimmer cone orifice sizes was investigated when using low-dispersion LA and solution nebulisation ICP-MS systems.,https://doi.org/10.1039/d5ja00046g,Royal Society of Chemistry (RSC),journal,2025,Research & Academia,Global,"Department of Chemistry, Loughborough University, Epinal Way, Loughborough, Leicestershire, LE11 3TU, UK",,,,Research activity,Interface cones,0.88,0.78,0.28
Thermal-induced matrix effects in LA-ICP-MS analysis of accessory minerals with implications for U-Pb geochronology,,https://doi.org/10.7185/gold2025.27936,European Association of Geochemistry,journal,2025,Battery & Critical Minerals,Global,,,,,Research activity,Laser ablation interfaces,0.88,0.78,0.28
Uncertainty propagation and traceability in LA-ICP-MS/MS Rb-Sr geochronology,,https://doi.org/10.7185/gold2025.31629,European Association of Geochemistry,journal,2025,Battery & Critical Minerals,Global,,,,,Research activity,Laser ablation interfaces,0.88,0.78,0.28
Establishment and Application of a Dual Immunoassay Method Based on ICP ‐ MS for Stable Element Labeling Antibodies,article,https://doi.org/10.1002/jcla.25145,OpenAlex,journal,2024-12-31,Clinical & Life Science,CN,Harbin Medical University,https://openalex.org/I156144747,,,Research activity,ICP-TOF / mass cytometry,0.88,0.8,0.3
"Laser ablation ICP-MS scheelite U-Pb dating constraints on two discrete gold mineralization events of the Zaozigou Au-Sb deposit, West Qinling orogen, China",article,https://doi.org/10.1016/j.oregeorev.2024.106437,OpenAlex,journal,2024-12-28,Research & Academia,CN,China University of Geosciences,https://openalex.org/I3124059619,,,Research activity,Laser ablation interfaces,0.88,0.8,0.3
Determination of Ultra-trace Hg in Geothermal Water Using ICP-MS/MS,,https://doi.org/10.46770/as.2024.246,Atomic Spectroscopy Press Limited,journal,2024-12-23,Environmental & Water,Global,,,,,Research activity,General sample introduction,0.88,0.78,0.28
Inductively Coupled Plasma Mass Spectrometry Performance for the Measurement of Key Serum Minerals: A Comparative Study With Standard Quantification Methods,article,https://doi.org/10.1002/jcla.25140,OpenAlex,journal,2024-12-23,Battery & Critical Minerals,JP,University of Tsukuba,https://openalex.org/I146399215,,,Research activity,Torches & injectors,0.88,0.8,0.3
"LA-ICP-MS Trace Element Characteristics and Geological Significance of Stibnite in the Zhaxikang Pb–Zn–Ag–Sb Deposit, Southern Tibet, SW China","Discovered within the North Himalayan Metallogenic Belt (NHMB), the Zhaxikang Pb–Zn–Ag–Sb deposit stands as the sole super-large scale ore deposit in the region. This deposit holds significant quantities of Pb and Zn (2.066 million tons at ",https://doi.org/10.3390/min14121294,MDPI AG,journal,2024-12-20,Battery & Critical Minerals,Global,"School of Earth Sciences and Resources, China University of Geosciences Beijing, Beijing 100083, China",,,,Research activity,Laser ablation interfaces,0.88,0.78,0.28
"Compositional heterogeneity in 91500, GJ-1/89 and TEMORA-2 zircon reference materials",article,https://doi.org/10.1016/j.chemgeo.2024.122580,OpenAlex,journal,2024-12-19,Research & Academia,AU,Queensland University of Technology,https://openalex.org/I160993911,,,Research activity,Laser ablation interfaces,0.88,0.8,0.3
Exploring the rhenium-osmium isotopic system and metal trace-elements analysis for iron provenance,article,https://doi.org/10.1016/j.jas.2024.106134,OpenAlex,journal,2024-12-19,Research & Academia,IL,Ariel University,https://openalex.org/I52170813,,,Research activity,Laser ablation interfaces,0.88,0.8,0.3
Anionic Doping in Layered Transition Metal Chalcogenides for Robust Lithium‐Sulfur Batteries,article,https://doi.org/10.1002/anie.202420488,OpenAlex,journal,2024-12-17,Battery & Critical Minerals,ES,Institut de Recerca en Energia de Catalunya,https://openalex.org/I4210128520,,,Research activity,General sample introduction,0.88,0.8,0.3
"Apatite in Pegmatoid Gabbro (Khudolaz Differentiated Complex, Southern Urals): Electron-Microprobe and LA-ICP-MS Geochemical Study in Context of Petrogenesis","The conducted study shows that apatite is one of the key accessory minerals in the ultramafic-mafic rocks of the Khudolaz differentiated complex in the Southern Urals, including late pegmatoid gabbro. Petrographic and mineralogical investig",https://doi.org/10.3390/min14121271,MDPI AG,journal,2024-12-13,Battery & Critical Minerals,Global,"Ufa Federal Research Center, Institute of Geology, Russian Academy of Sciences, 16/2, Karl Marx Street, Ufa 450077, Russia",,,,Research activity,Autosampler & tubing,0.88,0.78,0.28
A specific and adaptable approach to track CD206+ macrophages by molecular MRI and fluorescence imaging,article,https://doi.org/10.7150/thno.96488,OpenAlex,journal,2024-12-11,Clinical & Life Science,US,Massachusetts General Hospital,https://openalex.org/I4210087915,,,Research activity,ICP-TOF / mass cytometry,0.88,0.8,0.3
More than an age: U-Pb dating constrains alteration of Precambrian carbonates,article,https://doi.org/10.1016/j.epsl.2024.119154,OpenAlex,journal,2024-12-07,Research & Academia,IL,Hebrew University of Jerusalem,https://openalex.org/I197251160,,,Research activity,Laser ablation interfaces,0.88,0.8,0.3
Metal Fluorination For biomolecules: Expanding The Radiofluorination Toolbox,"Summary Radiofluorination is one of the most important processes in molecular imaging, and to date, metal- centered fluorination by either substitution or exchange mechanisms have been infrequently designed and implemented for short-lived f",https://reporter.nih.gov/project-details/5R21EB035675-02,NIH RePORTER,grant,2024-12-05,Pharma & Biopharma,MD,JOHNS HOPKINS UNIVERSITY,,,,Funding,General sample introduction,0.88,0.55,0.67
Metal Fluorination For biomolecules: Expanding The Radiofluorination Toolbox,"Summary Radiofluorination is one of the most important processes in molecular imaging, and to date, metal- centered fluorination by either substitution or exchange mechanisms have been infrequently designed and implemented for short-lived f",https://reporter.nih.gov/project-details/1R21EB035675-01A1,NIH RePORTER,grant,2024-12-05,Pharma & Biopharma,MD,JOHNS HOPKINS UNIVERSITY,,,,Funding,General sample introduction,0.88,0.55,0.67
"Spatial U-Pb age distribution in botryoidal dolomite in the terminal Ediacaran Dengying Formation, South China: Constraints on “dolomite seas” and formation process",article,https://doi.org/10.1016/j.precamres.2024.107636,OpenAlex,journal,2024-12-03,Research & Academia,AU,The University of Queensland,https://openalex.org/I165143802,,,Research activity,Laser ablation interfaces,0.88,0.8,0.3
Homogeneity Test of Elemental Content in Agricultural Soil Reference Material Candidate Using ICP-MS,,https://doi.org/10.53796/nsj333,Brabdo for Educational Services,journal,2024-12-01,Environmental & Water,Global,,,,,Research activity,General sample introduction,0.88,0.78,0.28
"Mineralogical Characteristics and Purification Experiments of Quartz from a Pegmatite: A Case Study in the Lushi Region of the Qinling Orogenic Belt, Central China",article,https://doi.org/10.3390/min14121225,OpenAlex,journal,2024-12-01,Semiconductor & High Purity,CN,University of Science and Technology of China,https://openalex.org/I126520041,,,Research activity,General sample introduction,0.88,0.8,0.3
"Perspectives of Quantitative GC-MS, LC-MS, and ICP-MS in the Clinical Medicine Science—The Role of Analytical Chemistry",article,https://doi.org/10.3390/jcm13237276,OpenAlex,journal,2024-11-29,Environmental & Water,DE,Medizinische Hochschule Hannover,https://openalex.org/I34809795,,,Research activity,General sample introduction,0.88,0.8,0.3
"Determination of heavy metals, nitrate and nitrite in mineral and drinking bottled water in Tehran, Iran: A health risk assessment by Monte-Carlo simulation method",article,https://doi.org/10.1016/j.heliyon.2024.e40714,OpenAlex,journal,2024-11-28,Environmental & Water,IR,Tehran University of Medical Sciences,https://openalex.org/I70640408,,,Research activity,General sample introduction,0.88,0.8,0.3
"Review for ""A Laser Ablation ICP‐MS Protocol for High‐Resolution Iodine‐to‐Calcium Ratio (I/Ca) Analysis on Corals""",,https://doi.org/10.1002/rcm.10002/v2/review1,Wiley,journal,2024-11-28,Research & Academia,Global,,,,,Research activity,Laser ablation interfaces,0.88,0.78,0.28
Mass Spectrometry for Forensic Analysis: An Interview with Glen Jackson - Spectroscopy Online,Mass Spectrometry for Forensic Analysis: An Interview with Glen Jackson Spectroscopy Online,https://news.google.com/rss/articles/CBMirwFBVV95cUxQeWc0OHkyRVlLTHVuaFI5Vl9MMktfRXRSRExiR1R4OGNIVlVjTVVEZHN5bGJIR195TUFWQmloMzlUV0NjV2dDOVVGNTJweUFfQzloSEw1UGVoRE1NWDhWU3p6NzVHZndMbjZvVjV1d29TUkR3OEhBMlJ6TmNvU2FpOWF6S05DWUNvRU1EYWFqRVZDXzdIaFJ5d3B1cVVFSWRSeVB6TE4tSy0wZXFmWVcw?oc=5,Google News public RSS,news,2024-11-27,General ICP-MS,Global,,,,,Research activity,General sample introduction,0.62,0.65,0.32
Barcoding of viable peripheral blood mononuclear cells with selenium and tellurium isotopes for mass cytometry experiments,article,https://doi.org/10.1002/cyto.a.24907,OpenAlex,journal,2024-11-24,Clinical & Life Science,KR,Seoul National University,https://openalex.org/I139264467,,,Research activity,ICP-TOF / mass cytometry,0.88,0.8,0.3
Arsenic contamination in rice and drinking water: An insight on human cognitive function,article,https://doi.org/10.1016/j.hazadv.2024.100543,OpenAlex,journal,2024-11-23,Environmental & Water,MY,Universiti Putra Malaysia,https://openalex.org/I130343225,,,Research activity,General sample introduction,0.88,0.8,0.3
Simultaneous generation of residue-free reactive oxygen species and bacteria capture for efficient electrochemical water disinfection,article,https://doi.org/10.1038/s41467-024-53174-9,OpenAlex,journal,2024-11-23,Environmental & Water,CN,Qingdao University of Science and Technology,https://openalex.org/I143413998,,,Research activity,General sample introduction,0.88,0.8,0.3
Single cell combined with laser ablation ICP-MS to study cisplatinum (IV) loaded nanoparticles penetration pathways in osteosarcoma spheroids.,Anal Chim Acta,https://europepmc.org/article/MED/39788650,Europe PMC,journal,2024-11-22,Clinical & Life Science,Global,,,,,Research activity,Laser ablation interfaces,0.88,0.8,0.26
A Halted Photodeposition Technique Controls Co‐Catalyst Loading and Morphology on Organic Semiconductor Nanoparticles for Solar H 2 Production,article,https://doi.org/10.1002/aenm.202403372,OpenAlex,journal,2024-11-20,Semiconductor & High Purity,CH,École Polytechnique Fédérale de Lausanne,https://openalex.org/I5124864,,,Research activity,General sample introduction,0.88,0.8,0.3
Quantitative distribution of essential elements and non-essential metals in breast cancer tissues by LA-ICP-TOF–MS,article,https://doi.org/10.1007/s00216-024-05652-8,OpenAlex,journal,2024-11-18,Clinical & Life Science,ES,Universidad de Oviedo,https://openalex.org/I165339363,,,Research activity,Laser ablation interfaces,0.88,0.8,0.3
Determination of Sulfur Isotope Ratios (34S/32S) in Atmospheric Precipitation Samples by Triple Quadrupole ICP-MS,article,https://doi.org/10.46770/as.2024.157,OpenAlex,journal,2024-11-17,Pharma & Biopharma,Global,,,,,Research activity,General sample introduction,0.88,0.8,0.3
Rapid and precise quantification of lymphocyte iron content by single cell inductively coupled plasma mass spectrometry,preprint,https://doi.org/10.1101/2024.11.11.623006,OpenAlex,journal,2024-11-14,Clinical & Life Science,GB,University of Oxford,https://openalex.org/I40120149,,,Research activity,ICP-TOF / mass cytometry,0.88,0.8,0.3
In situ rubidium–strontium geochronology of white mica in young metamafic and metasomatic rocks from Syros: testing the limits of laser-ablation triple-quadrupole inductively coupled plasma mass spectrometer mica dating using different anchoring approaches,article,https://doi.org/10.5194/gchron-6-585-2024,OpenAlex,journal,2024-11-13,Research & Academia,CH,ETH Zurich,https://openalex.org/I35440088,,,Research activity,Laser ablation interfaces,0.88,0.8,0.3
Light patterning semiconductor nanoparticles by modulating surface charges,article,https://doi.org/10.1038/s41467-024-53926-7,OpenAlex,journal,2024-11-13,Semiconductor & High Purity,CN,Southern University of Science and Technology,https://openalex.org/I3045169105,,,Research activity,General sample introduction,0.88,0.8,0.3
Proton-exchange induced reactivity in layered oxides for lithium-ion batteries,article,https://doi.org/10.1038/s41467-024-53731-2,OpenAlex,journal,2024-11-13,Battery & Critical Minerals,CN,Chinese Academy of Sciences,https://openalex.org/I19820366,,,Research activity,General sample introduction,0.88,0.8,0.3
A comparative study on the stability and coagulation removal of aged vs. nonaged nanoplastics in surface water,article,https://doi.org/10.1016/j.jhazmat.2024.136490,OpenAlex,journal,2024-11-12,Environmental & Water,CH,École Polytechnique Fédérale de Lausanne,https://openalex.org/I5124864,,,Research activity,General sample introduction,0.88,0.8,0.3
"SPCal – an open source, easy-to-use processing platform for ICP-TOFMS-based single event data",article,https://doi.org/10.1039/d4ja00241e,OpenAlex,journal,2024-11-12,Pharma & Biopharma,AU,University of Technology Sydney,https://openalex.org/I114017466,,,Research activity,General sample introduction,0.88,0.8,0.3
Building electrode/electrolyte interphases in aqueous zinc batteries via self-polymerization of electrolyte additives,article,https://doi.org/10.1093/nsr/nwae397,OpenAlex,journal,2024-11-11,Battery & Critical Minerals,CN,Hunan University,https://openalex.org/I16609230,,,Research activity,General sample introduction,0.88,0.8,0.3
Investigation of Bi2MoO6/MXene nanostructured composites for photodegradation and advanced energy storage applications,article,https://doi.org/10.1038/s41598-024-78887-1,OpenAlex,journal,2024-11-09,Semiconductor & High Purity,IN,Netaji Subhas University of Technology,https://openalex.org/I36090812,,,Research activity,General sample introduction,0.88,0.8,0.3
"Mineral Chemistry and In Situ LA-ICP-MS Titanite U-Pb Geochronology of the Changba-Lijiagou Giant Pb-Zn Deposit, Western Qinling Orogen: Implications for a Distal Skarn Ore Formation","The giant Changba-Lijiagou (Ch-L) Pb-Zn deposit is in the northeast part of the Xicheng ore cluster, Western Qinling Orogen. The ore genesis remains controversial; it could be either a sedimentary exhalative genetic type or an epigenetic hy",https://doi.org/10.3390/min14111123,MDPI AG,journal,2024-11-06,Battery & Critical Minerals,Global,"Institute of Mineral Resources, Chinese Academy of Geological Sciences, Beijing 100037, China",,,,Research activity,Laser ablation interfaces,0.88,0.78,0.28
GGR Handbook of Rock and Mineral Analysis Chapter 13 Laser‐Induced Breakdown Spectroscopy ( LIBS ),article,https://doi.org/10.1111/ggr.12560,OpenAlex,journal,2024-11-05,Research & Academia,US,North Carolina State University,https://openalex.org/I137902535,,,Research activity,Laser ablation interfaces,0.88,0.8,0.3
Sustainable photocatalytic hydrogen peroxide production over octonary high-entropy oxide,article,https://doi.org/10.1038/s41467-024-53896-w,OpenAlex,journal,2024-11-03,Semiconductor & High Purity,CN,Chinese Academy of Sciences,https://openalex.org/I19820366,,,Research activity,General sample introduction,0.88,0.8,0.3
A Comprehensive Review of Spectroscopic Techniques for Lithium-Ion Battery Analysis,article,https://doi.org/10.56530/spectroscopy.ii3689u3,OpenAlex,journal,2024-11-01,Battery & Critical Minerals,RU,Institute of Spectroscopy,https://openalex.org/I4210107303,,,Research activity,General sample introduction,0.88,0.8,0.3
Water safety planning application for aesthetic quality of drinking water,article,https://doi.org/10.2166/wh.2024.277,OpenAlex,journal,2024-11-01,Environmental & Water,US,Wichita Falls Independent School District,https://openalex.org/I4210147741,,,Research activity,General sample introduction,0.88,0.8,0.3
Inductively Coupled Plasma-Mass Spectrometry (ICP-MS): An Emerging Tool in Radiopharmaceutical Science,article,https://doi.org/10.1021/jacs.4c12254,OpenAlex,journal,2024-10-31,Clinical & Life Science,DE,German Cancer Research Center,https://openalex.org/I17937529,,,Research activity,Torches & injectors,0.88,0.8,0.3
Correlation between the Molecular Properties of Semiconducting Polymers of Intrinsic Microporosity and Their Photocatalytic Hydrogen Production,article,https://doi.org/10.1021/jacs.4c08549,OpenAlex,journal,2024-10-30,Semiconductor & High Purity,US,Mansfield University,https://openalex.org/I131579929,,,Research activity,General sample introduction,0.88,0.8,0.3
Efficient Defect-Driven Cation Exchange beyond the Nanoscale Semiconductors toward Antibacterial Functionalization,article,https://doi.org/10.1021/acsami.4c11425,OpenAlex,journal,2024-10-30,Semiconductor & High Purity,EE,Tallinn University of Technology,https://openalex.org/I111112146,,,Research activity,General sample introduction,0.88,0.8,0.3
Zn/Pt dual-site single-atom driven difunctional superimposition-augmented sonosensitizer for sonodynamic therapy boosted ferroptosis of cancer,article,https://doi.org/10.1038/s41467-024-53488-8,OpenAlex,journal,2024-10-29,Semiconductor & High Purity,CN,University of Science and Technology of China,https://openalex.org/I126520041,,,Research activity,General sample introduction,0.88,0.8,0.3
Application of LIBS and LA-ICP-MS analysis to Hellenistic tableware,article,https://doi.org/10.1140/epjp/s13360-024-05558-5,OpenAlex,journal,2024-10-28,Research & Academia,GB,Museum of London Archaeology,https://openalex.org/I124906736,,,Research activity,Laser ablation interfaces,0.88,0.8,0.3
Elemental and inorganic impurities,book-chapter,https://doi.org/10.1016/b978-0-443-13466-1.00011-8,OpenAlex,journal,2024-10-25,Pharma & Biopharma,US,Cardinal Health (United States),https://openalex.org/I4210150323,,,Research activity,General sample introduction,0.88,0.8,0.3
A Small Molecular Cathode for High‐Performance Calcium Metal Batteries,article,https://doi.org/10.1002/adfm.202411715,OpenAlex,journal,2024-10-23,Battery & Critical Minerals,HK,Hong Kong Polytechnic University,https://openalex.org/I14243506,,,Research activity,General sample introduction,0.88,0.8,0.3
Analysis of NCM concentration and extraction efficiency in the lithium-ion battery extraction process,article,https://doi.org/10.1016/j.seppur.2024.130233,OpenAlex,journal,2024-10-23,Battery & Critical Minerals,TW,National Cheng Kung University,https://openalex.org/I91807558,,,Research activity,General sample introduction,0.88,0.8,0.3
Evaluation of X-ray fluorescence for analysing critical elements in three electronic waste matrices: A comprehensive comparison of analytical techniques,article,https://doi.org/10.1016/j.wasman.2024.10.015,OpenAlex,journal,2024-10-19,Semiconductor & High Purity,AT,Montanuniversität Leoben,https://openalex.org/I182712176,,,Research activity,General sample introduction,0.88,0.8,0.3
Effects of Thermal Annealing and Chemical Abrasion on In-situ U-Pb Dating of Complex Ancient Zircons by Laser Ablation ICP-MS,,https://doi.org/10.46770/as.2024.179,Atomic Spectroscopy Press Limited,journal,2024-10-18,Research & Academia,Global,,,,,Research activity,Laser ablation interfaces,0.88,0.78,0.28
d ‐Electrons of Platinum Alloy Steering CO Pathway for Low‐Charge Potential Li‐CO 2 Batteries,article,https://doi.org/10.1002/anie.202415728,OpenAlex,journal,2024-10-18,Battery & Critical Minerals,TW,Ministry of Education,https://openalex.org/I4210141165,,,Research activity,General sample introduction,0.88,0.8,0.3
Mandarin Peels-Derived Carbon Dots: A Multifaceted Fluorescent Probe for Cu(II) Detection in Tap and Drinking Water Samples,article,https://doi.org/10.3390/nano14201666,OpenAlex,journal,2024-10-17,Environmental & Water,QA,Qatar University,https://openalex.org/I60342839,,,Research activity,Autosampler & tubing,0.88,0.8,0.3
Single cell–inductively coupled plasma–mass spectrometry (SC-ICP-MS) reveals metallic heterogeneity in a macrophage model of infectious diseases,article,https://doi.org/10.1007/s00216-024-05592-3,OpenAlex,journal,2024-10-17,Clinical & Life Science,GB,University of Surrey,https://openalex.org/I28290843,,,Research activity,ICP-TOF / mass cytometry,0.88,0.8,0.3
Supported Nickel Nanoparticles as Catalyst in Direct sp3 C−H Alkylation of 9H‐Fluorene Using Alcohols as Alkylating Agent,article,https://doi.org/10.1002/asia.202400989,OpenAlex,journal,2024-10-14,Battery & Critical Minerals,IN,National Institute of Technology Calicut,https://openalex.org/I114845381,,,Research activity,General sample introduction,0.88,0.8,0.3
Unveiling the Power of Surfactant-Based Carbon Dots: Ultrasensitive Detection of Cadmium in Tap and Drinking Water Samples,article,https://doi.org/10.3390/pr12102239,OpenAlex,journal,2024-10-14,Environmental & Water,QA,Qatar University,https://openalex.org/I60342839,,,Research activity,General sample introduction,0.88,0.8,0.3
"Method validation of an inductively coupled plasma mass spectrometry (ICP-MS) assay for the analysis of magnesium, copper and zinc in red blood cells",article,https://doi.org/10.1016/j.jmsacl.2024.10.003,OpenAlex,journal,2024-10-13,Environmental & Water,US,University of Utah,https://openalex.org/I223532165,,,Research activity,Torches & injectors,0.88,0.8,0.3
The role of an oxidized lithospheric mantle in gold mobilization,article,https://doi.org/10.1126/sciadv.ado6262,OpenAlex,journal,2024-10-11,Battery & Critical Minerals,CN,China University of Geosciences (Beijing),https://openalex.org/I3125743391,,,Research activity,General sample introduction,0.88,0.8,0.3
Meso/Microporous Single‐Atom Catalysts Featuring Curved Fe−N 4 Sites Boost the Oxygen Reduction Reaction Activity,article,https://doi.org/10.1002/anie.202415691,OpenAlex,journal,2024-10-07,Battery & Critical Minerals,CN,Kunming University of Science and Technology,https://openalex.org/I10660446,,,Research activity,General sample introduction,0.88,0.8,0.3
Quantitation of Long-lived Radionuclides by ICP-MS 半減期が長い放射性核種のICP-MSによる定量,,https://doi.org/10.2116/bunsekikagaku.73.569,Japan Society for Analytical Chemistry,journal,2024-10-05,Semiconductor & High Purity,Global,"National Metrology Institute of Japan (NMIJ), National Institute of Advanced Industrial Science and Technology (AIST)",,,,Research activity,General sample introduction,0.88,0.78,0.28
Assessment of drinking water quality and identifying pollution sources in a chromite mining region,article,https://doi.org/10.1016/j.jhazmat.2024.136050,OpenAlex,journal,2024-10-04,Environmental & Water,IR,Jahrom University of Medical Sciences,https://openalex.org/I4210109561,,,Research activity,General sample introduction,0.88,0.8,0.3
Fission‐track Thermochronology,book,https://doi.org/10.1002/9781394325818,OpenAlex,journal,2024-10-03,Research & Academia,Global,,,,,Research activity,Laser ablation interfaces,0.88,0.8,0.3
Analysis of Organometallic Compounds and Metallic Particles in Specialty Gases by Direct Injection Using Gas Exchange Device (GED) Coupled to Inductively Coupled Plasma–Mass Spectrometry (ICP-MS),article,https://doi.org/10.56530/spectroscopy.qi8877e9,OpenAlex,journal,2024-10-01,Semiconductor & High Purity,US,PerkinElmer (United States),https://openalex.org/I43591049,,,Research activity,Torches & injectors,0.88,0.8,0.3
Leveraging novel mouse models to investigate toxic metal exposures on brain aging and Alzheimer's disease,"Alzheimer’s disease (AD) and AD-related dementias (ADRDs) are leading causes of cognitive decline and major contributors to morbidity, mortality, and healthcare costs. Cardinal hallmarks of AD brain pathology include amyloid-β (Aβ) plaques,",https://reporter.nih.gov/project-details/5U01AG088683-02,NIH RePORTER,grant,2024-09-30,Clinical & Life Science,MA,BOSTON UNIVERSITY MEDICAL CAMPUS,,,,Funding,General sample introduction,0.88,0.55,0.67
Leveraging novel mouse models to investigate toxic metal exposures on brain aging and Alzheimer's disease,"Alzheimer’s disease (AD) and AD-related dementias (ADRDs) are leading causes of cognitive decline and major contributors to morbidity, mortality, and healthcare costs. Cardinal hallmarks of AD brain pathology include amyloid-β (Aβ) plaques,",https://reporter.nih.gov/project-details/1U01AG088683-01,NIH RePORTER,grant,2024-09-30,Clinical & Life Science,MA,BOSTON UNIVERSITY MEDICAL CAMPUS,,,,Funding,General sample introduction,0.88,0.55,0.67
Leveraging novel mouse models to investigate toxic metal exposures on brain aging and Alzheimer's disease,"Alzheimer’s disease (AD) and AD-related dementias (ADRDs) are leading causes of cognitive decline and major contributors to morbidity, mortality, and healthcare costs. Cardinal hallmarks of AD brain pathology include amyloid-β (Aβ) plaques,",https://reporter.nih.gov/project-details/5U01AG088683-03,NIH RePORTER,grant,2024-09-30,Clinical & Life Science,MA,BOSTON UNIVERSITY MEDICAL CAMPUS,,,,Funding,General sample introduction,0.88,0.55,0.67
Online Isotope Analysis of Sulfur in Proteins via Capillary Electrophoresis Coupled With Multicollector ICP‐MS (CE/MC‐ICP‐MS): A Proof of Concept Study,article,https://doi.org/10.1002/elps.202400128,OpenAlex,journal,2024-09-30,Battery & Critical Minerals,DE,Federal Institute For Materials Research and Testing,https://openalex.org/I1330165540,,,Research activity,General sample introduction,0.88,0.8,0.3
Main-group element-boosted oxygen electrocatalysis of Cu-N-C sites for zinc-air battery with cycling over 5000 h,article,https://doi.org/10.1038/s41467-024-52494-0,OpenAlex,journal,2024-09-27,Battery & Critical Minerals,CA,University of Alberta,https://openalex.org/I154425047,,,Research activity,General sample introduction,0.88,0.8,0.3
Nonequilibrium Thermal Shock Enabled Trapping of Metastable Multi‐Element Alloy Anode for Potassium‐Ion Batteries,article,https://doi.org/10.1002/adfm.202412551,OpenAlex,journal,2024-09-27,Battery & Critical Minerals,CN,Tianjin University of Technology,https://openalex.org/I136765683,,,Research activity,General sample introduction,0.88,0.8,0.3
Determination of rare earth elements in ferrocarbonatite using ICP-AES and ICP-MS,article,https://doi.org/10.1007/s10967-024-09771-5,OpenAlex,journal,2024-09-25,Battery & Critical Minerals,IN,National Centre for Compositional Characterisation of Materials,https://openalex.org/I4210100447,,,Research activity,General sample introduction,0.88,0.8,0.3
Isotopic spike 190 Os as internal standard and empirical coefficient LA-ICP-MS combined with Sb fire assay for the determination of ultra-trace platinum group elements in geochemical samples.,Talanta,https://europepmc.org/article/MED/39332046,Europe PMC,journal,2024-09-25,Research & Academia,Global,,,,,Research activity,Laser ablation interfaces,0.88,0.8,0.26
Isotopic spike 190Os as internal standard and empirical coefficient LA-ICP-MS combined with Sb fire assay for the determination of ultra-trace platinum group elements in geochemical samples,article,https://doi.org/10.1016/j.talanta.2024.126932,OpenAlex,journal,2024-09-25,Research & Academia,CN,Zhengzhou University,https://openalex.org/I38877650,,,Research activity,Laser ablation interfaces,0.88,0.8,0.3
"Evaluation of potential human health risks associated with Li and their relationship with Na, K, Mg, and Ca in Romania’s nationwide drinking water",article,https://doi.org/10.3389/fpubh.2024.1456640,OpenAlex,journal,2024-09-23,Environmental & Water,RO,National Institute for Research and Development of Isotopic and Molecular Technologies,https://openalex.org/I4210148481,,,Research activity,General sample introduction,0.88,0.8,0.3
"Fill, Fold, Photo: Preconcentration and Multiplex Detection of Trace Level Heavy Metals in Water",article,https://doi.org/10.1021/acssensors.4c01708,OpenAlex,journal,2024-09-23,Environmental & Water,US,Colorado State University,https://openalex.org/I92446798,,,Research activity,General sample introduction,0.88,0.8,0.3
Compositional analysis of Swertia chirayita medicinal plant using laser-induced breakdown spectroscopy and ICP-MS,article,https://doi.org/10.1371/journal.pone.0309647,OpenAlex,journal,2024-09-20,Battery & Critical Minerals,PK,University of Azad Jammu and Kashmir,https://openalex.org/I146840658,,,Research activity,General sample introduction,0.88,0.8,0.3
Long-term analysis of drinking water quality in poultry and pig farms in Northwest Germany,article,https://doi.org/10.3389/fanim.2024.1467287,OpenAlex,journal,2024-09-18,Environmental & Water,DE,Accadis Hochschule Bad Homburg,https://openalex.org/I4210097856,,,Research activity,General sample introduction,0.88,0.8,0.3
Trace Elements (TE),"Project Summary/Abstract: Trace Elements The chemistry of inorganic elements is linked inextricably with the study of cancer. This is especially true for our catchment area, given the high level of inorganic element exposures typical of “th",https://reporter.nih.gov/project-details/3P30CA023108-45S2,NIH RePORTER,grant,2024-09-01,Environmental & Water,NH,DARTMOUTH COLLEGE,,,,Funding,General sample introduction,0.88,0.82,0.67
Molecular Determinants of Zinc Regulation of Mammalian Sperm,"Zinc is the most abundant trace metal in the body, and the highest zinc concentrations are found in semen. Human semen is enriched with 1-3 mM zinc, a 100-fold higher concentration than the zinc contents of other parts of the body. Moreover",https://reporter.nih.gov/project-details/5R01HD110439-02,NIH RePORTER,grant,2024-08-16,Research & Academia,PA,UNIVERSITY OF PITTSBURGH AT PITTSBURGH,,,,Funding,Torches & injectors,0.88,0.55,0.67
Molecular Determinants of Zinc Regulation of Mammalian Sperm,"Zinc is the most abundant trace metal in the body, and the highest zinc concentrations are found in semen. Human semen is enriched with 1-3 mM zinc, a 100-fold higher concentration than the zinc contents of other parts of the body. Moreover",https://reporter.nih.gov/project-details/1R01HD110439-01A1,NIH RePORTER,grant,2024-08-16,Research & Academia,PA,UNIVERSITY OF PITTSBURGH AT PITTSBURGH,,,,Funding,Torches & injectors,0.88,0.55,0.67
Molecular Determinants of Zinc Regulation of Mammalian Sperm,"Zinc is the most abundant trace metal in the body, and the highest zinc concentrations are found in semen. Human semen is enriched with 1-3 mM zinc, a 100-fold higher concentration than the zinc contents of other parts of the body. Moreover",https://reporter.nih.gov/project-details/5R01HD110439-03,NIH RePORTER,grant,2024-08-16,Research & Academia,PA,UNIVERSITY OF PITTSBURGH AT PITTSBURGH,,,,Funding,Torches & injectors,0.88,0.55,0.67
Aerosol exposure at air-liquid-interface (AE-ALI) in vitro toxicity system characterisation: Particle deposition and the importance of air control responses.,Toxicol In Vitro,https://europepmc.org/article/MED/38971396,Europe PMC,journal,2024-07-05,Research & Academia,Global,,,,,Research activity,Interface cones,0.88,0.8,0.26
Unveiling compositional images of specific proteins in individual cells by LA-ICP-MS: Labelling with ruthenium red and metal nanoclusters.,Anal Chim Acta,https://europepmc.org/article/MED/39030007,Europe PMC,journal,2024-06-25,Research & Academia,Global,,,,,Research activity,Laser ablation interfaces,0.88,0.8,0.26
Persistent Luminescence Nanoplatform for Autofluorescence-Free Tracking of Submicrometer Plastic Particles in Plant.,Anal Chem,https://europepmc.org/article/MED/38875183,Europe PMC,journal,2024-06-14,Research & Academia,Global,,,,,Research activity,Laser ablation interfaces,0.88,0.8,0.26
MALDI-mass spectrometry imaging as a new technique for detecting non-heme iron in peripheral tissues via caudal vein injection of deferoxamine.,Anal Bioanal Chem,https://europepmc.org/article/MED/38632130,Europe PMC,journal,2024-04-17,Research & Academia,Global,,,,,Research activity,Laser ablation interfaces,0.88,0.8,0.26
Gadolinium Presence in Rat Skin: Assessment of Histopathologic Changes Associated with Small Fiber Neuropathy.,Radiology,https://europepmc.org/article/MED/38226877,Europe PMC,journal,2024-01-01,Research & Academia,Global,,,,,Research activity,Laser ablation interfaces,0.88,0.8,0.26
Ensuring High Data Integrity When Measuring Heavy Metals in Cannabis Consumer Products by ICP-MS: The Importance of Comprehensive Validation Procedures - cannabissciencetech.com,Ensuring High Data Integrity When Measuring Heavy Metals in Cannabis Consumer Products by ICP-MS: The Importance of Comprehensive Validation Procedures cannabissciencetech.com,https://news.google.com/rss/articles/CBMimwJBVV95cUxPbXktWE9vVU5OY1F5cV93QjRLd1Vqd1ZjRGV3OHJ5NHBrVFhmU1hoZkhuaEJvSWcxMHNNS3NKak5UVHBCS0VpWmpGMkRETFhxRHJ2cFBCZ2dIZWtfWjVhVTNlNU5VMkdjYW9JdE1fTFlzeVJUUFhtcWJuaGxKdktQRm5KSlJIVk1CeXhQUkpMU2lYdXRtcE1fRDRtZFEyWjhzR3o0bzhGd0N1bFpJQlU3SWs0YjZDV24xTGloS055ZXNwXzBYeHU1TmVWQmNpWHJWR1ZTeDVkRTVCWUxpRHl2WkFTOWExS1lSZmp1UEdONFRvcHFPczlpbWZVODZXMS1FTmI2amdoUUFwTUc3TmRaQlV4eEdOYzc0YVpN?oc=5,Google News public RSS,news,2023-12-13,General ICP-MS,Global,,,,,Research activity,General sample introduction,0.62,0.65,0.32
"Advion Introduces the SOLATIONTM ICP-MS for Simple, High Performance Multi-Element Analysis - Lab Manager","Advion Introduces the SOLATIONTM ICP-MS for Simple, High Performance Multi-Element Analysis Lab Manager",https://news.google.com/rss/articles/CBMivwFBVV95cUxOUXZDWjN0cGJnNEplQV9GcUhlY0ZUdnNhWFVncDBDeXdZcnJac21sWDlVbnh3dXFVYUFzTFJHNU1zb3ZKX2pEVW5GNk9Wa0VXUTJabkluWlZIY1JQUnpYQ3NKM1Z6b2wwcGRKUERHeEdwOHA4OE16LXhBUVhwMWE2T253UXpNY2FYNUk0N1c0V1c2RGJqUzJqSXdQT2FBUnNiUVJJQmNIbEJDSHRzbmlEMTNkeG9EbnFMVF95R1pzYw?oc=5,Google News public RSS,news,2023-06-02,General ICP-MS,Global,,,,,Market development,General sample introduction,0.62,0.65,0.45
Analytik Jena Expands ICP-MS Portfolio for Greater Customer Focus - Lab Manager,Analytik Jena Expands ICP-MS Portfolio for Greater Customer Focus Lab Manager,https://news.google.com/rss/articles/CBMingFBVV95cUxPT3hzcDRrNE0yeEM4MjZ2M3FIVTVVS1ZBSVVLaUZxeVBGeWZzUVE3dDJvdEs1WXdvTVA2eFRRYjk2TW5Rd1RRanV6V0FVMDBQSFA2dDJMcXp1b256QldNTWJOWi1VQVhxTlQ0R0xOVU9GR0M1T1lDTC1Rb2EtOFJLSTd2YVNST1BhTWY1WXRrWnRRVUVPaC01TWdrQU1qQQ?oc=5,Google News public RSS,news,2023-06-02,General ICP-MS,Global,,,Analytik Jena,,Market development,General sample introduction,0.62,0.65,0.45
Where Is ICP-MS Making a Difference? - Technology Networks,Where Is ICP-MS Making a Difference? Technology Networks,https://news.google.com/rss/articles/CBMimwFBVV95cUxPb3ZCek9vZnJjRnQzUEJwYWRCclhrWmxZLWt1ZlNZSmxBbUdsSGdnWF9GUXRVdnhmbFItUEM2WllpYU85LXo1OU5qangzeU45V2dXMlZYNmRjel82N0twOUhiamdMNFVBWUhoZHVMakxlWG5UYUdGNUdWQnNWalE3Z0R3MHZ6bUtBczA4dXdWQk9xRHM1ZUw5LUJNRQ?oc=5,Google News public RSS,news,2023-04-17,General ICP-MS,Global,,,,,Research activity,General sample introduction,0.62,0.65,0.32
Adventures in elemental mapping – part 1: analysis of minerals - BGS - British Geological Survey,Adventures in elemental mapping – part 1: analysis of minerals BGS - British Geological Survey,https://news.google.com/rss/articles/CBMikAFBVV95cUxNVlhYSHU2eTNmZ0V1bWsteW81QllhTHpCZng3Xzc2d2tZQ3pIYkdYdUNUMnB2RFVwTmt4ZmNqV183bkU1Mm55QmtPbTF6cU9TYlhnZ2NXT0lIRzlGQ21SLUZ6bFhSQTQ3YVRUTWxFTms0WGNPVkplRFFJcXpNWm9ybGxYM0ZTeUR3WGZoM1VsLVQ?oc=5,Google News public RSS,news,2022-09-21,General ICP-MS,Global,,,,,Research activity,General sample introduction,0.62,0.65,0.32
Bismuth fire assay preconcentration and empirical coefficient LA-ICP-MS for the determination of ultra-trace Pt and Pd in geochemical samples - Nature,Bismuth fire assay preconcentration and empirical coefficient LA-ICP-MS for the determination of ultra-trace Pt and Pd in geochemical samples Nature,https://news.google.com/rss/articles/CBMiX0FVX3lxTFBGeUtoYVhYc3ctOEFIWlJFRzZoLVdLLWtTTGR0Um55enFOOWdacDc5aTNsS0g5dFNrckRRZi1NOG9oNEtPeHVGS0VsRGlFdHAwaGVoR0tuenJENGhYUkZJ?oc=5,Google News public RSS,news,2022-07-07,General ICP-MS,Global,,,,,Research activity,Laser ablation interfaces,0.62,0.65,0.32
Using an Innovative Mass Spectrometer and Non-Matrix–Matched Reference Materials to Quantify Composition of Metal Disks and Powders - Spectroscopy Online,Using an Innovative Mass Spectrometer and Non-Matrix–Matched Reference Materials to Quantify Composition of Metal Disks and Powders Spectroscopy Online,https://news.google.com/rss/articles/CBMigAJBVV95cUxNSXlwWWdoTUFULWlZQmNrSDkxLVJORXNnRWQ4di1BUFZvaW5YWkFIN08xTGFjam9LVlNnYXpwbUFpcTQxTHptb3piUG9ZM2FqdVpJMVVvSFVRcWlLYkdfWFdtdTdmRnh3TzZjTnZLY0JMb2djbjhhMVQzVWR6N3JiX21rbGoxY0dsSld2OVNCUi1YbWhwNG8zUFBZZHBfYkR0NmxSZk5vS1RlNHV0RzNDNzZiN3lDSC1XdHNNWGdST0VaRGcyRDRHMEpTdFNBcUNrWVFOclJLaE5RWlM1WjJ0d1FCTGlnNmRCQzJ3SWMwNnBLRFlOT0VKMHk3WFhFX3Jp?oc=5,Google News public RSS,news,2022-03-01,General ICP-MS,Global,,,,,Research activity,Torches & injectors,0.62,0.65,0.32
Determination of Elemental Impurities in a Nasal Spray by ICP-MS - Spectroscopy Online,Determination of Elemental Impurities in a Nasal Spray by ICP-MS Spectroscopy Online,https://news.google.com/rss/articles/CBMipwFBVV95cUxQOEpPQ2ViLXliVkVyRG4ydEd0OEk0NmhtVENwMkttQ3o5aXhJUnhrOHMyYXVhNnV2MVZXcXVaQ3A4V0NqQXJBTklxa0E3VkxxOFpqWV9pRjhkSVZVM25ydlU0c0J3WldXZ1lQNVZHMkxlcFNjOXNVckhNYXlJRU5oVHA2NHhDVUdWMDBRTXRHVmVwVlRjWTR2eUJHMDNvSTUtQ2VnbXJEUQ?oc=5,Google News public RSS,news,2021-11-01,Pharma & Biopharma,Global,,,,,Research activity,General sample introduction,0.62,0.65,0.32
Impact of Measurement Protocol on ICP-MS Data Quality Objectives: Part I - Spectroscopy Online,Impact of Measurement Protocol on ICP-MS Data Quality Objectives: Part I Spectroscopy Online,https://news.google.com/rss/articles/CBMisAFBVV95cUxPTFBmdnEzN2t5aWdyaUJKbDYtc24taktPc3MzTV9vZVJ2LVNhb0xsMFhqanJaenNhQ0dMdlNIdEZVZDQycnF1Ni0yVmpKbGxCdDUwWHRiRjBkWWRyd2xtbmZoNjlIQmNpWmk2bUJGV1p1b2FOZ1h4dGw0c0FfSHY2SnVnZlJtYVhUcHFsMS1yVW0tOEZfbFZocl9jZWxQazIwQzBKTk9keTlyQ2xpV3VlTQ?oc=5,Google News public RSS,news,2021-10-01,General ICP-MS,Global,,,,,Research activity,General sample introduction,0.62,0.65,0.32
Smithers Invests in New ICP-MS Equipment to Further Enhance Extractables and Leachables Testing Capabilities - Smithers,Smithers Invests in New ICP-MS Equipment to Further Enhance Extractables and Leachables Testing Capabilities Smithers,https://news.google.com/rss/articles/CBMiiAFBVV95cUxPV0xzbG11SFJ3aGFlY0ZfRlRjbmNQSUdQbUlhbmlJTURVUkRUbld1VFJMT3hjUkhjMUVfdjNDRmc2Y3NqSTVQalBLdmZqaWFEcXRiV2oxdUFiQW52TmQtS1VfZjQ2TVdiSnE5YjZlMG13MEdjbFF0Mk9PZ0J6c3BUX3JQVUpLc2NO?oc=5,Google News public RSS,news,2021-03-09,General ICP-MS,Global,,,,,Instrument installation,General sample introduction,0.62,0.65,0.88
"New-Generation, High-Precision Isotope Ratio Mass Spectrometry System Delivers Analysis for Geosciences, Nuclear Safeguards, and Medical Research Applications - Lab Manager","New-Generation, High-Precision Isotope Ratio Mass Spectrometry System Delivers Analysis for Geosciences, Nuclear Safeguards, and Medical Research Applications Lab Manager",https://news.google.com/rss/articles/CBMilwJBVV95cUxPb3BZZUdSU0JTYURHV0lhdDhVbk83c1l5bmxoaHhwUUZKS0hPZGZfOVVUMldXdFBoZ2RpcGNHMEI3WXdnM0RsQU5zVDFwZDdIUXNya3A5ZGZJM2VzOXpvajhVS08xc1BtTExNdTFkeUZNR3NaMERxeXI1NzM5Wi1LdXBjWC1DdDJXbG9SbG1mVlJJcUFvNkEtZ1FIY295dWRpNUljUnhhb2t4VVJLQjhYcHFmRmw1QldwbjVqS09tQUw1aHhPVm11WU1WR21KR0JtbkxVeGpCbHNOSFdJbTNWZ2JNaW9OSm9BRjlSR0s0bWhhSG9pemhtUGp5VGsxMEVReXJzYzFrQzFxNTh4NHhCMzVIRWtKYXM?oc=5,Google News public RSS,news,2021-01-04,Research & Academia,Global,,,,,Research activity,General sample introduction,0.62,0.65,0.32
Inductively Coupled Plasma–Based Techniques (ICP-OES and ICP-MS) - Spectroscopy Online,Inductively Coupled Plasma–Based Techniques (ICP-OES and ICP-MS) Spectroscopy Online,https://news.google.com/rss/articles/CBMipgFBVV95cUxPRkJzbC1lSnZoYktyWFdncE50OFFtS210SlZaSVQ0MXQzR2licFhXT1lFWkNPeEswWDdBbzBYc2VWTllTdmkxbDdhV2JQbjRHZHU1cnA2MXRJVDNfRWF5MmdmamVpdHktcG9yQU5VMjNBTGV1TW5kTU9CS1BVWXJzb2ZsNnhTbmlpTl9vTFc1bGVENzN5Yk1TSUJiMzdHaXpkOFdOa29R?oc=5,Google News public RSS,news,2020-10-29,General ICP-MS,Global,,,,,Research activity,Torches & injectors,0.62,0.65,0.32
Facilities | MC-ICP-MS Lab - Jackson School of Geosciences,Facilities | MC-ICP-MS Lab Jackson School of Geosciences,https://news.google.com/rss/articles/CBMiXEFVX3lxTE5BMmU4aUtZZmtZbWpRaWhTQmphWEg3Q2lwWDh5d0tTa29wcnkwdnJITy13Zl9QVHpjQkZnZHRKWDNQM09jempCc0I1WTBoaUl3dEhQNnhUR3lBdmxM?oc=5,Google News public RSS,news,2020-09-21,General ICP-MS,Global,,,,,Research activity,General sample introduction,0.62,0.65,0.32
Multi-Quadrupole ICP-MS: Pushing Limits of Detection to the Next Decimal - Spectroscopy Online,Multi-Quadrupole ICP-MS: Pushing Limits of Detection to the Next Decimal Spectroscopy Online,https://news.google.com/rss/articles/CBMisAFBVV95cUxNSFJfUHJPS3otQWNaSllBX0s2WEczWFNWTkM3emJkTTRuZndRWGc5Y2JpckkwMFVqNmV6Zl95REhjdEZyRTBOdkhNdmwwemdfYktsTHBLWkpfX2tvZEpDTU5zVE5LOFpLb1JPNGpoU2tRSGNsbnZ2ZWVaM2oxOExYdjZTX2VfY3Zsc0p3dkplVHJvUXZyWDhFWndhRjRWdDhKR3ppTHAzVlZ1VFlPQktBLQ?oc=5,Google News public RSS,news,2020-09-01,General ICP-MS,Global,,,,,Research activity,General sample introduction,0.62,0.65,0.32
The Expanding Role of LC–ICP-MS Speciation Analysis in the Life Sciences: Element- Selective Screening and Species-Independent Quantification - LCGC International,The Expanding Role of LC–ICP-MS Speciation Analysis in the Life Sciences: Element- Selective Screening and Species-Independent Quantification LCGC International,https://news.google.com/rss/articles/CBMi2gFBVV95cUxOdW1XbFRBaGJmTVMyc0xISnl2TnR0M3RKTTVhTWhfcm80QnRyblkxVWR1Z1lhYWJRVzZhRUpmN2pWV0lqZm9JWXUzTzdPVUZSUEpERmVFdmYwZWRDQVVsclJ5cWRlQ19kNUJEaXYyYTl6YU1qczU0ZEdtdEFZV3lld2k0eHVibzlSa3Rja3NKTnlObGpmQWV1cEk3V1BtdGFISUhGMWJhY2I1Y2lSRlpLcVZKUUdodXktMFk3UUFobFRFWTFlWWp0Tmg2Y2hwdnNzQ2tCTHV6d3BhUQ?oc=5,Google News public RSS,news,2020-08-07,General ICP-MS,Global,,,,,Research activity,General sample introduction,0.62,0.65,0.32
Tandem LA–LIBS Coupled to ICP-MS for Comprehensive Analysis of Tumor Samples - Spectroscopy Online,Tandem LA–LIBS Coupled to ICP-MS for Comprehensive Analysis of Tumor Samples Spectroscopy Online,https://news.google.com/rss/articles/CBMirAFBVV95cUxPQWd5NHFieXZ2ZXh0ZmZYc1l3R0pyTDhOUmJaZ25kT1JWTS1BQW13dWVJdnl6SWtRMzN4QVZYTWFYNmo2a0lQQzRwek5hUzdKM01DVmJxNEoxYktjb011TnpOb0NVMThKNG10bDktbFVQdldZTy1aMlQ2dEI2bUxvLUpYM2czSng5R1dwWW1qTGFXSG1VaUpKYjY2NExaSENZVTlXTWV2TjhGZ3BO?oc=5,Google News public RSS,news,2020-08-06,General ICP-MS,Global,,,,,Research activity,General sample introduction,0.62,0.65,0.32
ICP-MS with Autodilution and Autocalibration for Implementing the New USP Chapters on Elemental Impurities - Spectroscopy Online,ICP-MS with Autodilution and Autocalibration for Implementing the New USP Chapters on Elemental Impurities Spectroscopy Online,https://news.google.com/rss/articles/CBMiygFBVV95cUxPYWxDVVlHR3daS2ZoVGxSQmVrdDBwYUNKdjNCNmU0bWI3SjdLWVlLUWctSG5DOHBKeVVNVTlRTkk0YTVsSGY1Q3VlTVRkbEFVNkhMaGRoOTBDX0ZORHNYdmVULWpxZDZiSTdMY0l5RUhWRHNlbG5zc2xhOEIwSU5FVjRfbGRvSW52cXVUMEFXWkxWckk5MmtvUFhxM05yUUpOdWtzcTlHNWNZeEt6Yl92NDNXb3lwWGg0TFozbFVmN2JSNDJhYlJISHVn?oc=5,Google News public RSS,news,2020-08-03,Pharma & Biopharma,Global,,,,,Research activity,General sample introduction,0.62,0.65,0.32
Sulfur Determination in Fuels by ICP-OES and ICP-MS to Meet Increasingly Stricter Legislation Requirements - Spectroscopy Online,Sulfur Determination in Fuels by ICP-OES and ICP-MS to Meet Increasingly Stricter Legislation Requirements Spectroscopy Online,https://news.google.com/rss/articles/CBMi0wFBVV95cUxQeFNpN09maktwVW1CVmRKcDFiRXJLenBPSG5ZaGY1UWZlLTVmSVBfNlNWUDdDLWVRcDRBTHZLLVU5UVdsMl9jakt5R1lsRUNpTU5fZnVFcmM1VWJXVGRNOWtYczVsNkhwS2RKUVg4OTI4YXdfVzZiTTFQbko1YWxSV3B6TzVNcS03Z0h4VlhKOW12MElfQ0JEUkR0OUEzbzk3V1BjNmViandyUW9LTFAzcC1RR3hSbXBma3pTektXQzUyQmNZX1ZqOURsVjNrLWUySlB3?oc=5,Google News public RSS,news,2020-07-31,General ICP-MS,Global,,,,,Research activity,General sample introduction,0.62,0.65,0.32
Single-Cell Analysis by ICP-MS—Current Status and Future Trends - Spectroscopy Online,Single-Cell Analysis by ICP-MS—Current Status and Future Trends Spectroscopy Online,https://news.google.com/rss/articles/CBMiogFBVV95cUxQVVY4clBZTC1GWF83TXV4cF9PSFh5RjBfelVnQURHQXZKMmZhN015ZFdCRC1GRkhDckVhYVpob2lqWWJhSnRFam5hU2UxT3ZxQ0gzRl9oRE5UbFUzLVpXYUROZDBvWWJ6aGNaMzRGUVNVQlVsYlFBOGpGaHh0Tnh4Z1RxemNGdTNSdHNfSVhpVTF0T0lZNi1jQ1VtRHdYNGVWVGc?oc=5,Google News public RSS,news,2020-07-01,General ICP-MS,Global,,,,,Research activity,General sample introduction,0.62,0.65,0.32
An Innovative Platform Merging Elemental Analysis and Ftir Imaging for Breast Tissue Analysis | Scientific Reports - Nature,An Innovative Platform Merging Elemental Analysis and Ftir Imaging for Breast Tissue Analysis | Scientific Reports Nature,https://news.google.com/rss/articles/CBMiX0FVX3lxTE5udms0RWRTcnRELVM2aDFUWmVTTmc4QTExOWlBQW5DbkFOY0pWN0ZxX3RjMGREWkVqT2tQV1hyMGZ4QkdTRV9RbGlVekVzc3pmM0ZOdm5KRUpCX3NPV29N?oc=5,Google News public RSS,news,2019-07-08,General ICP-MS,Global,,,,,Research activity,General sample introduction,0.62,0.65,0.32
High-Resolution Mg/Ca Measurements of Foraminifer Shells Using Femtosecond LA-ICP-MS for Paleoclimate Proxy Development - AGU Publications,High-Resolution Mg/Ca Measurements of Foraminifer Shells Using Femtosecond LA-ICP-MS for Paleoclimate Proxy Development AGU Publications,https://news.google.com/rss/articles/CBMieEFVX3lxTFBiZW0yUi1pc1dmZDRfRW43OTQzNVRpcnBHMW5sSzNRSU1tODFFQWpMLVZMMDI0Zk9IU3pNSjBodHc2ekpCd1lzZi1BdUFOLUk3dERTWWpQRmU0dE5xM0hmRmx1THRrbk10VGk0NzJSbE1qU2RSWVBiZw?oc=5,Google News public RSS,news,2019-04-01,General ICP-MS,Global,,,,,Research activity,Laser ablation interfaces,0.62,0.65,0.32
New LA-ICP-MS cryocell and calibration technique for sub-millimeter analysis of ice cores - Cambridge University Press & Assessment,New LA-ICP-MS cryocell and calibration technique for sub-millimeter analysis of ice cores Cambridge University Press & Assessment,https://news.google.com/rss/articles/CBMimAJBVV95cUxQVGFQakNsSS1SVk8ybFdFT0dhc1J5VUlpcVVqdjBoX2NNMkJXS2QyeWFKWDN0UFBFekxGWmxIZzFuU0hmV1lydE10cFpmMmN1YlVkSDdBYWhFZERLVmptWjRUeUZybWxKZnA1MXFiTUlhbTFiX2d5RGEzN0dpckl4RUdlVHZJVGxrVjFaMlExSFpTcG1rMWh4VXVxVVZOengzeG0xNnBMRlpxa284S05NUVl0Mzd6WE9zeXhjb3NidDluX1NONkdMR1I3T3UzeDRENS02R3VrbUNLYVJxektlTWc3Z09qVFdvS1RjQ0FNa2tncUw5am9WeU1xTTUtMmFpOWIxNXl3WXR4ai1lWmpqM3NwM05tdlZp?oc=5,Google News public RSS,news,2017-07-10,Research & Academia,Global,,,,,Research activity,Laser ablation interfaces,0.62,0.65,0.32
Determination of Elemental Impurities in Antacids by ICP-MS According to the Validation Protocols Defined in USP Chapters and and ICH Q3D Step 4 Guidelines - Spectroscopy Online,Determination of Elemental Impurities in Antacids by ICP-MS According to the Validation Protocols Defined in USP Chapters and and ICH Q3D Step 4 Guidelines Spectroscopy Online,https://news.google.com/rss/articles/CBMi1wFBVV95cUxOekc1YWNTWjR3VXlUZmM3RDVMYkZXWGMwMVVaeWhIaDNMWDMxSnlQMHpKMC1ZV1NCa2h1QmlEX0toM2p3WkNKS0pudENKUjlsaVNZd0pveHV2cGFpYVdSdEFXYzhQR0RBUGpBcmtqRTNTd1dHb2RhcmN0RkpVdUZRa2lRdVY0bXRfYklJZzBkMHZONnlYMzdyd2dxUjdVN05NcVZKaS1YWmtNSVlhMVZubVRvX0VpTmNqMXZIcXp2X0s3UFFCc1Rydzk4R18tSXNjZGw3WFRZOA?oc=5,Google News public RSS,news,2017-07-01,Pharma & Biopharma,Global,,,,,Regulation,General sample introduction,0.62,0.65,0.58
Preparing Biological Samples for Elemental Analysis by ICP-MS - Lab Manager,Preparing Biological Samples for Elemental Analysis by ICP-MS Lab Manager,https://news.google.com/rss/articles/CBMimAFBVV95cUxPNXVWMnF4Z2pxMVAzRDBZWklYbDZxQnUwa3ZjR0pFd0ltSENvQXdKd3g1SXhPZC1VWERYUXFVWHFOQU9oalM2ZFNpQmZMSFRTaHBqNXNlR19lNjRlNGFnS0kycEF1LWs1aXJBNjYzbUJmd2hIWTdGbURNNmI2TTRKd205R1ZFUERMU1lyZnNkb044bFo2ZUNLMA?oc=5,Google News public RSS,news,2017-05-23,Environmental & Water,Global,,,,,Research activity,General sample introduction,0.62,0.65,0.32
Automated Flow Injection Coupled with ICP-MS for the Online Determination of Trace Silver in Seawater - Spectroscopy Online,Automated Flow Injection Coupled with ICP-MS for the Online Determination of Trace Silver in Seawater Spectroscopy Online,https://news.google.com/rss/articles/CBMiyAFBVV95cUxNSkh5UTNEbmxiUk5udmkxeS1jMjg3ai13b19vRGd6Rlptb3g1cTBSQ1M0dEttblhCdzlXNWVnaWFrQ0NDS1lISTVZME94T2EwdVI3aFk0c2xubmxEZ1hud2xVY2lBUno0MThwWG5RUk5DMXI3NktFQmgxU2xPbkxSRHptVlFPY2lGNWJpN01OYTNwQWRhTlU5TTRvQmtVcHBLUE94SFhQcHN4dkstYks3WXRScU0ybnEwSTBueWFjelZZeHRYUGxEZQ?oc=5,Google News public RSS,news,2017-01-01,General ICP-MS,Global,,,,,Research activity,General sample introduction,0.62,0.65,0.32
Analysis of four toxic metals in a single rice seed by matrix solid phase dispersion -inductively coupled plasma mass spectrometry - Nature,Analysis of four toxic metals in a single rice seed by matrix solid phase dispersion -inductively coupled plasma mass spectrometry Nature,https://news.google.com/rss/articles/CBMiU0FVX3lxTFBSa3gzZGRuUVRTUnBFaUlWUWUzd044UlNyVzk5aWh1ci01NER0NERIR0RPeUtNd1VkQ1FqYVJhZFkwdG9Ka1NrUzVEV0Y5QWxqWmJZ?oc=5,Google News public RSS,news,2016-12-06,General ICP-MS,Global,,,,,Research activity,Torches & injectors,0.62,0.65,0.32
New Approaches in Sample Preparation and Precise Multielement Analysis of Crude Oils and Refined Petroleum Products Using Single-Reaction-Chamber Microwave Digestion and Triple-Quadrupole ICP-MS - Spectroscopy Online,New Approaches in Sample Preparation and Precise Multielement Analysis of Crude Oils and Refined Petroleum Products Using Single-Reaction-Chamber Microwave Digestion and Triple-Quadrupole ICP-MS Spectroscopy Online,https://news.google.com/rss/articles/CBMi1wFBVV95cUxNNFNaTy00bEdwRGZpS0I1b0NsbjhnM0s5M0ZxVXZ6ZVliSmx1cDhMaHM2RDgyR1U5SEdwVDVLakZEU0h4N2hmYUxXRkxXYkdqRUQ4YWQzWGJwMWZjeE1lQUdPeGtyTlJWS2d6Y0xRaEc2TFZyQzVuYmI1YWtIQWNyU01CeHhTbjR5YnlYUGhEbUkwUXJ2SFF1bnF3RkpxOXIySEJNaDdTUnA3ZC1aWVVLM2tISnBHQUs1OGs1UEUzZXEwVnRCUXExQ25lcmwtYlUxcnBnMzAyOA?oc=5,Google News public RSS,news,2016-10-01,Environmental & Water,Global,,,,,Research activity,General sample introduction,0.62,0.65,0.32
"Elemental Analysis Market Report 2025-2030, By Type, Technique, and Geo - MarketsandMarkets","Elemental Analysis Market Report 2025-2030, By Type, Technique, and Geo MarketsandMarkets",https://news.google.com/rss/articles/CBMikwFBVV95cUxNYVFmRlVEMVV3NVF6dHZ5WUNlQllZQmNGcHdrSUE5RkszUHdVNDhHeGp1VVNmY1RNN2FpYWxJbUNmUnVQOWlqYzBLOTU4eFE0ZVFyNVFFWHh2LXA1TTV1ZjlVRkRoNHRIMm1zN3FlbTdsckRuZnlyaUNQNWlyR3A3blA0RTBXX09uSDFHZUoxeENjbDA?oc=5,Google News public RSS,news,2016-03-31,General ICP-MS,Global,,,,,Market development,General sample introduction,0.62,0.65,0.45
"Mass Spectrometry Market Report 2026-2031, By Product, Application, and Geo - MarketsandMarkets","Mass Spectrometry Market Report 2026-2031, By Product, Application, and Geo MarketsandMarkets",https://news.google.com/rss/articles/CBMiigFBVV95cUxPM1NnRExnc1JpdGpGT2hkbE13eWtGMTdkaXVhbEhadl9sS09HZTR0S3RKUWZRNGpzSVNPdC1feW9MN3c0WXJjb2Z3dVIxNmR6TkZENVdodHFsZWVWSzI1TEVKamxncWdMSE5yU1preU9rTk5UNHZ5akFhLUY2Y21lbzdYRE1pY01keEE?oc=5,Google News public RSS,news,2016-03-30,General ICP-MS,Global,,,,,Research activity,General sample introduction,0.62,0.65,0.32
Market Profile: LC-ICP-MS - Spectroscopy Online,Market Profile: LC-ICP-MS Spectroscopy Online,https://news.google.com/rss/articles/CBMickFVX3lxTE5uOGozNmU2V3VDZXh4blpKSy1NWFp5U3NZUmkyX1pOQkU1cTg0ZmZaY29sNThueTBYbk9DWDBEZnpNajVfVENkWkg0VkJKUWszYWpZZmw3NXFSSWJWS29QOG1DTG5vNDBlNV9TU1lmVkFiZw?oc=5,Google News public RSS,news,2009-01-01,General ICP-MS,Global,,,,,Market development,General sample introduction,0.62,0.65,0.45
